pool,position,method,original_score,swapped_score,original_minus_swap
TextVQA_test,0,raw_no_proj,0.007441317041192673,0.003533890481295776,0.0039074265598968965
TextVQA_test,0,raw_proj,0.0126214278163903,0.004006565222385696,0.008614862594004603
TextVQA_test,0,aligned_no_proj,0.00526215420552955,0.0033557774384355083,0.0019063767670940415
TextVQA_test,0,aligned_proj,0.01316321949939157,0.009173298487250632,0.003989921012140938
TextVQA_test,1,raw_no_proj,0.020335865960505392,0.007077047387414632,0.013258818573090761
TextVQA_test,1,raw_proj,0.012576407482694797,0.013038867619847566,-0.00046246013715276965
TextVQA_test,1,aligned_no_proj,0.03159313429878057,0.01931554627979077,0.012277588018989802
TextVQA_test,1,aligned_proj,0.013263690936659994,0.021589917259612658,-0.008326226322952664
TextVQA_test,2,raw_no_proj,0.009080683894559327,0.007967951114187872,0.001112732780371455
TextVQA_test,2,raw_proj,0.004185288825217823,0.013486427480687834,-0.009301138655470012
TextVQA_test,2,aligned_no_proj,0.005769518055657257,0.012564925255113569,-0.0067954071994563115
TextVQA_test,2,aligned_proj,0.007482094198987795,0.025179555942856726,-0.01769746174386893
TextVQA_test,3,raw_no_proj,0.0036324389645788816,0.007266562683651092,-0.0036341237190722106
TextVQA_test,3,raw_proj,0.005754722842091204,0.014857687410593413,-0.009102964568502209
TextVQA_test,3,aligned_no_proj,0.004109675820678449,0.015383029266172129,-0.01127335344549368
TextVQA_test,3,aligned_proj,0.002500082663475762,0.01594407021506738,-0.01344398755159162
TextVQA_test,4,raw_no_proj,0.005292215103651524,0.007274691570100667,-0.0019824764664491427
TextVQA_test,4,raw_proj,0.0067945981317243205,0.011984911423946684,-0.005190313292222364
TextVQA_test,4,aligned_no_proj,0.005741687116369323,0.012080416106545,-0.006338728990175678
TextVQA_test,4,aligned_proj,0.0033692681734210934,0.012261968380002913,-0.00889270020658182
TextVQA_test,5,raw_no_proj,0.018138755353259983,0.13705636432689058,-0.1189176089736306
TextVQA_test,5,raw_proj,0.005797568140655928,0.10280938974031315,-0.09701182159965721
TextVQA_test,5,aligned_no_proj,0.012869210493075161,0.1210233280025592,-0.10815411750948405
TextVQA_test,5,aligned_proj,0.004715908052080604,0.11547728892179623,-0.11076138086971563
TextVQA_test,6,raw_no_proj,0.0017472118358269333,4.652285357586754e-05,0.0017006889822510658
TextVQA_test,6,raw_proj,0.0031387050329663786,0.00020540152283054724,0.0029333035101358315
TextVQA_test,6,aligned_no_proj,0.0025830704647793984,0.0001539591301486401,0.0024291113346307583
TextVQA_test,6,aligned_proj,0.003622489851886157,0.000527317571442369,0.003095172280443788
TextVQA_test,7,raw_no_proj,0.02414940066113012,0.12441265181796468,-0.10026325115683456
TextVQA_test,7,raw_proj,0.012395185578478332,0.028153625480067276,-0.01575843990158894
TextVQA_test,7,aligned_no_proj,0.01688547179460635,0.08350301892848074,-0.06661754713387438
TextVQA_test,7,aligned_proj,0.004781128099005345,0.03579610421811007,-0.031014976119104722
TextVQA_test,8,raw_no_proj,0.004040501334163447,0.010463086384972363,-0.006422585050808916
TextVQA_test,8,raw_proj,0.0011433301620494495,0.007047440406400132,-0.005904110244350683
TextVQA_test,8,aligned_no_proj,0.002874429700140366,0.008935117993796239,-0.006060688293655873
TextVQA_test,8,aligned_proj,0.0014124353634203217,0.008903102194777808,-0.007490666831357486
TextVQA_test,9,raw_no_proj,0.0024762521619886456,0.003532116438471584,-0.0010558642764829386
TextVQA_test,9,raw_proj,0.0032004440384051074,0.00425469158507012,-0.0010542475466650122
TextVQA_test,9,aligned_no_proj,0.003418999246188687,0.004799107878928878,-0.001380108632740191
TextVQA_test,9,aligned_proj,0.0013181314704135065,0.0030553907334336964,-0.00173725926302019
TextVQA_test,10,raw_no_proj,0.0013391231560585506,0.0027685339902351353,-0.0014294108341765847
TextVQA_test,10,raw_proj,0.0031333464431337384,0.008339156931946541,-0.005205810488812803
TextVQA_test,10,aligned_no_proj,0.001767045797806445,0.002943948812432773,-0.0011769030146263281
TextVQA_test,10,aligned_proj,0.0007793909654636388,0.0025452208941528277,-0.001765829928689189
TextVQA_test,11,raw_no_proj,0.0007316666287332657,0.001579539358240872,-0.0008478727295076062
TextVQA_test,11,raw_proj,0.0005951273397075226,0.0013193333434399137,-0.000724206003732391
TextVQA_test,11,aligned_no_proj,0.001041344008149036,0.003433657644710749,-0.002392313636561713
TextVQA_test,11,aligned_proj,0.0008663113914289868,0.003623839741864329,-0.002757528350435342
TextVQA_test,12,raw_no_proj,0.010192441149215681,0.012643079318406893,-0.002450638169191211
TextVQA_test,12,raw_proj,0.0456340561258354,0.054767362278851664,-0.009133306153016267
TextVQA_test,12,aligned_no_proj,0.011345118684337947,0.012841190855032618,-0.0014960721706946713
TextVQA_test,12,aligned_proj,0.01144176433736821,0.013581804863324262,-0.0021400405259560523
TextVQA_test,13,raw_no_proj,0.0029341389826497586,0.0006804725948320519,0.002253666387817707
TextVQA_test,13,raw_proj,0.003963181253592821,0.0034627160647085877,0.0005004651888842332
TextVQA_test,13,aligned_no_proj,0.0027472207426090306,0.0014477775214838402,0.0012994432211251904
TextVQA_test,13,aligned_proj,0.0015498726034075055,0.0034657714609940744,-0.001915898857586569
TextVQA_test,14,raw_no_proj,0.0027363555158408824,0.0037958660483345956,-0.0010595105324937132
TextVQA_test,14,raw_proj,0.002651193749231002,0.0037192431241808662,-0.0010680493749498643
TextVQA_test,14,aligned_no_proj,0.006610852543975802,0.009174129875663486,-0.0025632773316876835
TextVQA_test,14,aligned_proj,0.0036749814358192777,0.0038587624328179386,-0.00018378099699866085
TextVQA_test,15,raw_no_proj,0.0024598351081984026,0.00305771595280013,-0.0005978808446017274
TextVQA_test,15,raw_proj,0.0023953537525311297,0.006011844506358626,-0.003616490753827496
TextVQA_test,15,aligned_no_proj,0.004312437405282293,0.007218530374358413,-0.0029060929690761204
TextVQA_test,15,aligned_proj,0.0025338723627607923,0.007073087336118052,-0.00453921497335726
TextVQA_test,16,raw_no_proj,0.01189823572266852,0.009379637810606233,0.0025185979120622877
TextVQA_test,16,raw_proj,0.0092350451705709,0.013182022062324496,-0.003946976891753596
TextVQA_test,16,aligned_no_proj,0.01518407597395346,0.015244142998100733,-6.0067024147273176e-05
TextVQA_test,16,aligned_proj,0.00609370208909782,0.009227688893443933,-0.003133986804346113
TextVQA_test,17,raw_no_proj,0.01923569165354594,0.046992034835679056,-0.027756343182133117
TextVQA_test,17,raw_proj,0.028337170506475894,0.06219243173914799,-0.0338552612326721
TextVQA_test,17,aligned_no_proj,0.04206956612082004,0.10605292438352468,-0.06398335826270464
TextVQA_test,17,aligned_proj,0.02774482532358852,0.051668833200051695,-0.023924007876463173
TextVQA_test,18,raw_no_proj,0.00294155164970287,0.001146108499105809,0.0017954431505970612
TextVQA_test,18,raw_proj,0.0025776886558840557,0.0006027861256267141,0.0019749025302573417
TextVQA_test,18,aligned_no_proj,0.0029501149341597255,0.001561332355816384,0.0013887825783433414
TextVQA_test,18,aligned_proj,0.003991628219225632,0.0016723647416304413,0.002319263477595191
TextVQA_test,19,raw_no_proj,0.003468878632405433,0.005371194970982443,-0.00190231633857701
TextVQA_test,19,raw_proj,0.00829953136971397,0.009030877430753575,-0.0007313460610396047
TextVQA_test,19,aligned_no_proj,0.004805937287006602,0.007575187884012817,-0.0027692505970062144
TextVQA_test,19,aligned_proj,0.0025676549721694304,0.0046571657091448865,-0.002089510736975456
TextVQA_test,20,raw_no_proj,0.00524589451783819,0.0042037948898162,0.0010420996280219898
TextVQA_test,20,raw_proj,0.005425162122395025,0.005499461111693179,-7.429898929815337e-05
TextVQA_test,20,aligned_no_proj,0.0033573485522969586,0.0037817770822646717,-0.0004244285299677131
TextVQA_test,20,aligned_proj,0.0014453718400781045,0.0012264493577535723,0.00021892248232453218
TextVQA_test,21,raw_no_proj,0.0036620142663318484,0.01219333369462833,-0.00853131942829648
TextVQA_test,21,raw_proj,0.0026209571212820536,0.013365748273992511,-0.010744791152710457
TextVQA_test,21,aligned_no_proj,0.0023786883785735214,0.016569188783478378,-0.014190500404904856
TextVQA_test,21,aligned_proj,0.0025991130454896456,0.015865219417745085,-0.01326610637225544
TextVQA_test,22,raw_no_proj,0.004465668167895486,0.0064565951297766615,-0.001990926961881176
TextVQA_test,22,raw_proj,0.002367181673875388,0.004627684446681114,-0.002260502772805726
TextVQA_test,22,aligned_no_proj,0.00310799416648393,0.005569840331715916,-0.0024618461652319863
TextVQA_test,22,aligned_proj,0.003358876814861057,0.006501523850775042,-0.003142647035913985
TextVQA_test,23,raw_no_proj,0.002953624912574881,0.001067238563742289,0.0018863863488325918
TextVQA_test,23,raw_proj,0.004951749389588719,0.0022318023304537713,0.0027199470591349477
TextVQA_test,23,aligned_no_proj,0.0029991145726685664,0.0020601882556010634,0.000938926317067503
TextVQA_test,23,aligned_proj,0.003385295217109146,0.0023221703978087292,0.001063124819300417
TextVQA_test,24,raw_no_proj,0.0018850643401369532,0.0008251912135554806,0.0010598731265814725
TextVQA_test,24,raw_proj,0.0023414477375568567,0.001289749650626164,0.0010516980869306927
TextVQA_test,24,aligned_no_proj,0.0032145743638696193,0.0013297285432099931,0.0018848458206596262
TextVQA_test,24,aligned_proj,0.0012454017679802364,0.0009584504270288502,0.0002869513409513862
TextVQA_test,25,raw_no_proj,0.009233250844759113,0.012884752670512973,-0.003651501825753859
TextVQA_test,25,raw_proj,0.012718548645994227,0.016561638283912845,-0.003843089637918618
TextVQA_test,25,aligned_no_proj,0.012041843663448267,0.019309046834641876,-0.0072672031711936095
TextVQA_test,25,aligned_proj,0.005649692746366579,0.010885046056606914,-0.005235353310240335
TextVQA_test,26,raw_no_proj,0.001860990354825973,0.0006999411528099063,0.0011610492020160666
TextVQA_test,26,raw_proj,0.0019751851556527385,0.0007325244584976756,0.0012426606971550629
TextVQA_test,26,aligned_no_proj,0.0015362886191312465,0.0005877202984511935,0.000948568320680053
TextVQA_test,26,aligned_proj,0.0021554833085475835,0.0011664761957320398,0.0009890071128155437
TextVQA_test,27,raw_no_proj,0.0663937328526685,0.013519351368063382,0.05287438148460512
TextVQA_test,27,raw_proj,0.03243272432663975,0.01707422680066268,0.015358497525977073
TextVQA_test,27,aligned_no_proj,0.0748034958750105,0.02546303468595685,0.04934046118905366
TextVQA_test,27,aligned_proj,0.017752754985938327,0.008017232153870468,0.009735522832067859
TextVQA_test,28,raw_no_proj,0.03194925241438453,0.006206499686009253,0.025742752728375277
TextVQA_test,28,raw_proj,0.022528406318986272,0.014067280624644383,0.00846112569434189
TextVQA_test,28,aligned_no_proj,0.014318971443704493,0.011096908238276153,0.00322206320542834
TextVQA_test,28,aligned_proj,0.015231072085915892,0.01025918542830009,0.004971886657615802
TextVQA_test,29,raw_no_proj,0.025602168642198588,0.014904066954674729,0.010698101687523859
TextVQA_test,29,raw_proj,0.016228224521432823,0.008654289601260082,0.007573934920172741
TextVQA_test,29,aligned_no_proj,0.02256517988564292,0.010659661839290768,0.011905518046352153
TextVQA_test,29,aligned_proj,0.015091190695578315,0.008901833318033734,0.00618935737754458
TextVQA_test,30,raw_no_proj,0.019762264292676256,0.005555842811142837,0.01420642148153342
TextVQA_test,30,raw_proj,0.013253066945923113,0.007865651597951967,0.005387415347971146
TextVQA_test,30,aligned_no_proj,0.010595302588972249,0.006982429419856033,0.0036128731691162158
TextVQA_test,30,aligned_proj,0.007167462860527776,0.007693810274926189,-0.0005263474143984131
TextVQA_test,31,raw_no_proj,0.07024566927859259,0.032155094059825515,0.038090575218767075
TextVQA_test,31,raw_proj,0.04592517871965888,0.049174170554166036,-0.0032489918345071575
TextVQA_test,31,aligned_no_proj,0.05992431381063141,0.03236642743406098,0.02755788637657043
TextVQA_test,31,aligned_proj,0.023209770037467013,0.03905984833606276,-0.01585007829859575
TextVQA_test,32,raw_no_proj,0.05033320897379094,0.002489850686423254,0.04784335828736769
TextVQA_test,32,raw_proj,0.03697519108777096,0.005708982461425611,0.031266208626345354
TextVQA_test,32,aligned_no_proj,0.01983975146176651,0.0037363698611113886,0.016103381600655123
TextVQA_test,32,aligned_proj,0.014049043403516596,0.003660224823768066,0.01038881857974853
TextVQA_test,33,raw_no_proj,0.006530348912222252,0.0199510284994775,-0.01342067958725525
TextVQA_test,33,raw_proj,0.0037035156675512717,0.009977116947990024,-0.006273601280438752
TextVQA_test,33,aligned_no_proj,0.005938502218586727,0.014180634468962772,-0.008242132250376046
TextVQA_test,33,aligned_proj,0.0014044177898909385,0.011808646992539066,-0.010404229202648127
TextVQA_test,34,raw_no_proj,0.0006935093849036832,0.001488207745070557,-0.0007946983601668738
TextVQA_test,34,raw_proj,0.0010014866784980362,0.0010136186361102864,-1.2131957612250208e-05
TextVQA_test,34,aligned_no_proj,0.0006198275589052581,0.0013066157216982649,-0.0006867881627930067
TextVQA_test,34,aligned_proj,0.0010288003102066482,0.0016614391359336528,-0.0006326388257270046
TextVQA_test,35,raw_no_proj,0.008063034769775906,0.004098717239294743,0.0039643175304811635
TextVQA_test,35,raw_proj,0.006598549558732039,0.004851923075569014,0.0017466264831630255
TextVQA_test,35,aligned_no_proj,0.006359395647269751,0.00385622392383599,0.002503171723433761
TextVQA_test,35,aligned_proj,0.002566235007368138,0.0035111649202709564,-0.0009449299129028186
TextVQA_test,36,raw_no_proj,0.0894586465678223,0.46954278322166326,-0.38008413665384094
TextVQA_test,36,raw_proj,0.05977286964872232,0.4839506953267803,-0.424177825678058
TextVQA_test,36,aligned_no_proj,0.07501719075651427,0.46109344168067634,-0.3860762509241621
TextVQA_test,36,aligned_proj,0.03564991975081219,0.21913956890591052,-0.18348964915509833
TextVQA_test,37,raw_no_proj,0.0016088411659782476,0.0017219545268214542,-0.00011311336084320663
TextVQA_test,37,raw_proj,0.0007556893886806326,0.0023403812672961747,-0.001584691878615542
TextVQA_test,37,aligned_no_proj,0.002280514483175198,0.004573471487685698,-0.0022929570045105
TextVQA_test,37,aligned_proj,0.0010271657477576056,0.0028691074937758983,-0.0018419417460182926
TextVQA_test,38,raw_no_proj,0.0026968649994425424,0.022805247700918976,-0.020108382701476434
TextVQA_test,38,raw_proj,0.0015602925513876571,0.012364219960746707,-0.01080392740935905
TextVQA_test,38,aligned_no_proj,0.001976891356775638,0.022152048553615435,-0.020175157196839797
TextVQA_test,38,aligned_proj,0.0019524960041471845,0.036684991358081155,-0.03473249535393397
TextVQA_test,39,raw_no_proj,0.01082861352662484,0.0029825419579459244,0.007846071568678916
TextVQA_test,39,raw_proj,0.006128944093213944,0.0026820229881181308,0.0034469211050958135
TextVQA_test,39,aligned_no_proj,0.008630939414186104,0.0029079565698581365,0.005722982844327968
TextVQA_test,39,aligned_proj,0.004288648097857792,0.0044137745300855905,-0.0001251264322277984
TextVQA_test,40,raw_no_proj,0.0002903133530504068,0.00014674251173657792,0.00014357084131382886
TextVQA_test,40,raw_proj,0.0009382434354388023,0.00032732077469845017,0.000610922660740352
TextVQA_test,40,aligned_no_proj,0.000713825819450622,0.0005241444006692975,0.00018968141878132453
TextVQA_test,40,aligned_proj,0.0007465973337181653,0.0010084601203771526,-0.00026186278665898727
TextVQA_test,41,raw_no_proj,0.005906383518625704,0.01595402390809142,-0.010047640389465715
TextVQA_test,41,raw_proj,0.005893429302525877,0.012120595324067104,-0.006227166021541227
TextVQA_test,41,aligned_no_proj,0.005003405878456607,0.01889719975771563,-0.013893793879259023
TextVQA_test,41,aligned_proj,0.003657308894707451,0.013749148942205787,-0.010091840047498336
TextVQA_test,42,raw_no_proj,0.00961977567557883,0.0092912058162465,0.00032856985933233003
TextVQA_test,42,raw_proj,0.003985761194100801,0.003951054651683479,3.470654241732266e-05
TextVQA_test,42,aligned_no_proj,0.009217351906985938,0.01081505696671633,-0.0015977050597303921
TextVQA_test,42,aligned_proj,0.0029313362304560922,0.00552305790149304,-0.002591721671036948
TextVQA_test,43,raw_no_proj,0.016229890832121355,0.004675390710511745,0.01155450012160961
TextVQA_test,43,raw_proj,0.016681619713665764,0.008958996026922142,0.007722623686743622
TextVQA_test,43,aligned_no_proj,0.01608870830999827,0.009789357641778402,0.006299350668219869
TextVQA_test,43,aligned_proj,0.006864405471894287,0.008185614092909228,-0.0013212086210149408
TextVQA_test,44,raw_no_proj,0.04294406469978607,0.019138344842476826,0.023805719857309247
TextVQA_test,44,raw_proj,0.006781302420383778,0.005123648208952799,0.0016576542114309784
TextVQA_test,44,aligned_no_proj,0.03957079699822976,0.022060428367204975,0.017510368631024786
TextVQA_test,44,aligned_proj,0.0052129556142641465,0.00468475390310617,0.0005282017111579761
TextVQA_test,45,raw_no_proj,0.011660982996110349,0.005964257264802378,0.005696725731307971
TextVQA_test,45,raw_proj,0.033759236877448265,0.01860328980942299,0.015155947068025276
TextVQA_test,45,aligned_no_proj,0.02685835250349277,0.017906149578260415,0.008952202925232355
TextVQA_test,45,aligned_proj,0.00819732048769095,0.005573523644194538,0.002623796843496411
TextVQA_test,46,raw_no_proj,0.06216852734127412,0.1445427177723895,-0.08237419043111538
TextVQA_test,46,raw_proj,0.048042737243319,0.11841904230343327,-0.07037630506011427
TextVQA_test,46,aligned_no_proj,0.054071072381059924,0.1778674492520321,-0.12379637687097217
TextVQA_test,46,aligned_proj,0.025824345430385916,0.14805374839125401,-0.1222294029608681
TextVQA_test,47,raw_no_proj,0.005851113554738741,0.004535429358045465,0.0013156841966932755
TextVQA_test,47,raw_proj,0.0054789499769889805,0.006690215917356826,-0.0012112659403678457
TextVQA_test,47,aligned_no_proj,0.004568295217515541,0.0042237377582924965,0.0003445574592230447
TextVQA_test,47,aligned_proj,0.00377035048311171,0.004406256980589959,-0.000635906497478249
TextVQA_test,48,raw_no_proj,0.013582953205269782,0.017464136979374455,-0.0038811837741046726
TextVQA_test,48,raw_proj,0.00324120894404453,0.005999999116201698,-0.0027587901721571684
TextVQA_test,48,aligned_no_proj,0.008064285477579348,0.01133008389808028,-0.0032657984205009313
TextVQA_test,48,aligned_proj,0.002878895916683485,0.005338202511876893,-0.0024593065951934077
TextVQA_test,49,raw_no_proj,0.005862503412681846,0.018738271514018644,-0.0128757681013368
TextVQA_test,49,raw_proj,0.0021683228244571548,0.012352552669954062,-0.010184229845496908
TextVQA_test,49,aligned_no_proj,0.00820699205014242,0.02651973999524385,-0.018312747945101432
TextVQA_test,49,aligned_proj,0.0027278084324955177,0.016868338452151983,-0.014140530019656466
TextVQA_test,50,raw_no_proj,0.014968841514388195,0.009611154085235326,0.005357687429152869
TextVQA_test,50,raw_proj,0.02430576046719171,0.019266742763851392,0.00503901770334032
TextVQA_test,50,aligned_no_proj,0.03078732618540649,0.02485964151354901,0.005927684671857478
TextVQA_test,50,aligned_proj,0.005603974404010719,0.0033829661794293193,0.0022210082245814
TextVQA_test,51,raw_no_proj,0.05351554667815097,0.004516541784879936,0.04899900489327103
TextVQA_test,51,raw_proj,0.037346434873454036,0.007316666652330678,0.030029768221123358
TextVQA_test,51,aligned_no_proj,0.04244946110410004,0.008751301103077931,0.03369816000102211
TextVQA_test,51,aligned_proj,0.015201779934613713,0.004663568814527866,0.010538211120085846
TextVQA_test,52,raw_no_proj,0.0063822234138830765,0.006308924106364809,7.329930751826755e-05
TextVQA_test,52,raw_proj,0.00609946143353936,0.008731834477630549,-0.0026323730440911885
TextVQA_test,52,aligned_no_proj,0.003636504860292809,0.010369374033328207,-0.006732869173035398
TextVQA_test,52,aligned_proj,0.0015209279353212118,0.004017021008864743,-0.002496093073543531
TextVQA_test,53,raw_no_proj,0.02393516196373755,0.015717952845057413,0.008217209118680138
TextVQA_test,53,raw_proj,0.030023452372328202,0.01850501534784973,0.01151843702447847
TextVQA_test,53,aligned_no_proj,0.0412784032650653,0.03036429344561521,0.010914109819450093
TextVQA_test,53,aligned_proj,0.021755249329380274,0.011865442981264093,0.009889806348116181
TextVQA_test,54,raw_no_proj,0.0013876313665248466,0.001150057093697629,0.00023757427282721758
TextVQA_test,54,raw_proj,0.005799927221322761,0.0037009652743683332,0.002098961946954428
TextVQA_test,54,aligned_no_proj,0.005748967742527353,0.004019039336412243,0.0017299284061151098
TextVQA_test,54,aligned_proj,0.0023222641749114916,0.001586305031117272,0.0007359591437942196
TextVQA_test,55,raw_no_proj,0.030438309318613563,0.12345239355458229,-0.09301408423596873
TextVQA_test,55,raw_proj,0.014307459351358734,0.05722173969261077,-0.04291428034125203
TextVQA_test,55,aligned_no_proj,0.017610480582877893,0.11369097296651869,-0.09608049238364079
TextVQA_test,55,aligned_proj,0.01636325159492751,0.11539448119094933,-0.09903122959602183
TextVQA_test,56,raw_no_proj,0.009082968370254714,0.007339061157572327,0.0017439072126823876
TextVQA_test,56,raw_proj,0.004802279607728693,0.002588978241568606,0.0022133013661600875
TextVQA_test,56,aligned_no_proj,0.008386175233408932,0.007257190592480865,0.001128984640928067
TextVQA_test,56,aligned_proj,0.002013486200129237,0.0027447858228265972,-0.0007312996226973602
TextVQA_test,57,raw_no_proj,0.0008565915219720344,0.0007818837403936248,7.470778157840955e-05
TextVQA_test,57,raw_proj,0.0016134877079557201,0.0027468005150274844,-0.0011333128070717643
TextVQA_test,57,aligned_no_proj,0.0013330947781081085,0.0016465818608930188,-0.0003134870827849103
TextVQA_test,57,aligned_proj,0.0006679976002695885,0.0022350328618064444,-0.001567035261536856
TextVQA_test,58,raw_no_proj,0.005397523926823851,0.002293599370509049,0.0031039245563148016
TextVQA_test,58,raw_proj,0.0021763890942169965,0.0018456680525752419,0.0003307210416417547
TextVQA_test,58,aligned_no_proj,0.005654710519181098,0.004535018630706496,0.001119691888474602
TextVQA_test,58,aligned_proj,0.002052753384585491,0.0025262063912555497,-0.0004734530066700586
TextVQA_test,59,raw_no_proj,0.058227256558283785,0.04021845790416578,0.018008798654118002
TextVQA_test,59,raw_proj,0.016761595337363704,0.03040428202873558,-0.013642686691371878
TextVQA_test,59,aligned_no_proj,0.032931649281428686,0.03459784903865733,-0.001666199757228641
TextVQA_test,59,aligned_proj,0.03379803175140541,0.10649186366744974,-0.07269383191604434
TextVQA_test,60,raw_no_proj,0.0002720398569911513,0.00035787396813855883,-8.583411114740754e-05
TextVQA_test,60,raw_proj,0.0008634344704904813,0.000994818364270598,-0.00013138389378011676
TextVQA_test,60,aligned_no_proj,0.00031921620733153707,0.000471961887028972,-0.00015274567969743492
TextVQA_test,60,aligned_proj,0.0004937309321306121,0.0006132659571287737,-0.00011953502499816157
TextVQA_test,61,raw_no_proj,0.00960009996726099,0.0010132754617230768,0.008586824505537912
TextVQA_test,61,raw_proj,0.005922787619109206,0.0018511921552561731,0.004071595463853033
TextVQA_test,61,aligned_no_proj,0.007521233351983687,0.0017221193084151288,0.005799114043568559
TextVQA_test,61,aligned_proj,0.00829254857670488,0.003299873805301875,0.004992674771403005
TextVQA_test,62,raw_no_proj,0.0014266536578271805,0.0013803447144795625,4.6308943347618016e-05
TextVQA_test,62,raw_proj,0.003378374476986942,0.0039746273712780635,-0.0005962528942911214
TextVQA_test,62,aligned_no_proj,0.0013527838290938554,0.001521799392146672,-0.00016901556305281662
TextVQA_test,62,aligned_proj,0.0012135108080207101,0.0018943205222759596,-0.0006808097142552494
TextVQA_test,63,raw_no_proj,0.0026290755547930442,0.00554622361398364,-0.002917148059190596
TextVQA_test,63,raw_proj,0.0019079972851394256,0.004931135291277933,-0.003023138006138507
TextVQA_test,63,aligned_no_proj,0.0026357692465025905,0.009713729487897421,-0.007077960241394831
TextVQA_test,63,aligned_proj,0.002040029359623912,0.007905196355445803,-0.005865166995821891
TextVQA_test,64,raw_no_proj,0.012452400069476,0.002382049677009814,0.010070350392466187
TextVQA_test,64,raw_proj,0.013997479010567014,0.011324421764810022,0.0026730572457569924
TextVQA_test,64,aligned_no_proj,0.015404265302672557,0.004232920497821738,0.01117134480485082
TextVQA_test,64,aligned_proj,0.008538478578509477,0.010080428953650016,-0.0015419503751405387
TextVQA_test,65,raw_no_proj,0.011812750887272329,0.0039996511771904246,0.007813099710081903
TextVQA_test,65,raw_proj,0.00576505477774067,0.005681671806386641,8.338297135402923e-05
TextVQA_test,65,aligned_no_proj,0.01516178847419666,0.0059236447371959836,0.009238143737000677
TextVQA_test,65,aligned_proj,0.009221060933705538,0.006564864983286423,0.002656195950419115
TextVQA_test,66,raw_no_proj,0.00768241135355872,0.004840889747468735,0.002841521606089985
TextVQA_test,66,raw_proj,0.02121782623281321,0.0103358619056359,0.010881964327177309
TextVQA_test,66,aligned_no_proj,0.009238512819385727,0.0053991847535014535,0.0038393280658842732
TextVQA_test,66,aligned_proj,0.00985321240175107,0.004782216315374818,0.005070996086376252
TextVQA_test,67,raw_no_proj,0.02398201294777522,0.009856543598797526,0.014125469348977694
TextVQA_test,67,raw_proj,0.008846611554212746,0.01105456298460008,-0.002207951430387335
TextVQA_test,67,aligned_no_proj,0.02525220126738983,0.024431870157960375,0.0008203311094294556
TextVQA_test,67,aligned_proj,0.008314535253219884,0.014185207033502857,-0.005870671780282973
TextVQA_test,68,raw_no_proj,0.005266888131234233,0.0021013838130731328,0.0031655043181611
TextVQA_test,68,raw_proj,0.0019411555907668607,0.0016070687711709757,0.000334086819595885
TextVQA_test,68,aligned_no_proj,0.012386430569004611,0.004083471817654524,0.008302958751350087
TextVQA_test,68,aligned_proj,0.0015970964156774839,0.0011165966651564918,0.00048049975052099204
TextVQA_test,69,raw_no_proj,0.003648139892155157,0.000893056778494537,0.00275508311366062
TextVQA_test,69,raw_proj,0.002421632543966074,0.0019107258125165747,0.0005109067314494993
TextVQA_test,69,aligned_no_proj,0.003875816316863797,0.0017457330361489568,0.0021300832807148403
TextVQA_test,69,aligned_proj,0.0033560426608089246,0.0038595177308091526,-0.000503475070000228
TextVQA_test,70,raw_no_proj,0.004182285116817826,0.004339369559943529,-0.00015708444312570284
TextVQA_test,70,raw_proj,0.0014252592132486365,0.00424481827927372,-0.002819559066025083
TextVQA_test,70,aligned_no_proj,0.0035950334220653415,0.007019434788653898,-0.0034244013665885565
TextVQA_test,70,aligned_proj,0.002913757503766405,0.008445621168134708,-0.005531863664368303
TextVQA_test,71,raw_no_proj,0.003576834491178222,0.0015427643871057377,0.002034070104072484
TextVQA_test,71,raw_proj,0.0032119994896556638,0.004349398336797455,-0.0011373988471417916
TextVQA_test,71,aligned_no_proj,0.002550331325952144,0.0020914464657143163,0.0004588848602378277
TextVQA_test,71,aligned_proj,0.001956346360991304,0.006845878526083163,-0.004889532165091859
TextVQA_test,72,raw_no_proj,0.0059405778752337325,0.00432407259557222,0.0016165052796615125
TextVQA_test,72,raw_proj,0.012199274472978503,0.012905090596427596,-0.0007058161234490927
TextVQA_test,72,aligned_no_proj,0.012105474425328482,0.009430026666430618,0.002675447758897864
TextVQA_test,72,aligned_proj,0.010535009238313938,0.00853975576765357,0.0019952534706603672
TextVQA_test,73,raw_no_proj,0.0029037544451730735,0.010022793357667257,-0.007119038912494184
TextVQA_test,73,raw_proj,0.0011870030706156263,0.004427694379150849,-0.003240691308535223
TextVQA_test,73,aligned_no_proj,0.0049662553810968105,0.01525452155145414,-0.01028826617035733
TextVQA_test,73,aligned_proj,0.0010451547296432579,0.0024344260040125376,-0.0013892712743692798
TextVQA_test,74,raw_no_proj,0.025729982111077507,0.15845815030735594,-0.13272816819627842
TextVQA_test,74,raw_proj,0.013609453110313252,0.09382673620672283,-0.08021728309640958
TextVQA_test,74,aligned_no_proj,0.02869992392638318,0.19407081693325634,-0.16537089300687316
TextVQA_test,74,aligned_proj,0.01630434372487204,0.17424108401417357,-0.15793674028930152
TextVQA_test,75,raw_no_proj,0.0037639150413248867,0.0002393780457831733,0.0035245369955417133
TextVQA_test,75,raw_proj,0.004909775952318521,0.000685503621398249,0.0042242723309202715
TextVQA_test,75,aligned_no_proj,0.0025403909073695888,0.0007896447124546856,0.0017507461949149033
TextVQA_test,75,aligned_proj,0.004621348862852103,0.001386194610957152,0.003235154251894951
TextVQA_test,76,raw_no_proj,0.17024128730023255,0.19930589024299317,-0.029064602942760615
TextVQA_test,76,raw_proj,0.07197250095665043,0.13753927098741986,-0.06556677003076943
TextVQA_test,76,aligned_no_proj,0.2648285570390905,0.3041041919645053,-0.039275634925414804
TextVQA_test,76,aligned_proj,0.03205211482085662,0.11342471485390164,-0.08137260003304503
TextVQA_test,77,raw_no_proj,0.013061692303344781,0.0005989399530828194,0.012462752350261962
TextVQA_test,77,raw_proj,0.00825488379639599,0.0012606584907032974,0.006994225305692693
TextVQA_test,77,aligned_no_proj,0.01025367931829449,0.0015593950773019679,0.008694284240992521
TextVQA_test,77,aligned_proj,0.005807603541019714,0.0012687970208741124,0.004538806520145601
TextVQA_test,78,raw_no_proj,0.0030677566986265455,0.0017512490341637802,0.0013165076644627654
TextVQA_test,78,raw_proj,0.0024367022169403826,0.002811867419534931,-0.00037516520259454856
TextVQA_test,78,aligned_no_proj,0.0031991293283836295,0.002763161476753712,0.0004359678516299174
TextVQA_test,78,aligned_proj,0.0024098595785948035,0.003400323577918382,-0.0009904639993235783
TextVQA_test,79,raw_no_proj,0.007319924636055747,0.0032500955939399902,0.0040698290421157576
TextVQA_test,79,raw_proj,0.005726646853913645,0.003185337954159663,0.0025413088997539818
TextVQA_test,79,aligned_no_proj,0.007820116335786316,0.0038019672910721346,0.004018149044714181
TextVQA_test,79,aligned_proj,0.003934227773031249,0.0030069190287432043,0.0009273087442880443
TextVQA_test,80,raw_no_proj,0.002221455411674824,0.0008765044324336983,0.0013449509792411254
TextVQA_test,80,raw_proj,0.011544713826191436,0.004988667994846101,0.006556045831345335
TextVQA_test,80,aligned_no_proj,0.0076230435719671745,0.0017332555104582104,0.0058897880615089646
TextVQA_test,80,aligned_proj,0.005852166060932219,0.0026942053533966642,0.003157960707535555
TextVQA_test,81,raw_no_proj,0.012648662918431565,0.01564660350938496,-0.002997940590953395
TextVQA_test,81,raw_proj,0.007047614834118676,0.008359544372862324,-0.0013119295387436485
TextVQA_test,81,aligned_no_proj,0.012152685479511385,0.013263777369457061,-0.001111091889945676
TextVQA_test,81,aligned_proj,0.005048602267788666,0.007197570818139312,-0.0021489685503506455
TextVQA_test,82,raw_no_proj,0.0008954587383129657,0.0021364999576249507,-0.001241041219311985
TextVQA_test,82,raw_proj,0.0007711526438907523,0.0031889159254110924,-0.00241776328152034
TextVQA_test,82,aligned_no_proj,0.0014510321458318157,0.0036219769055902263,-0.002170944759758411
TextVQA_test,82,aligned_proj,0.0015415169473380974,0.0050660836997444515,-0.003524566752406354
TextVQA_test,83,raw_no_proj,0.0009559293616411125,0.001680641958380515,-0.0007247125967394025
TextVQA_test,83,raw_proj,0.0011862194369209869,0.0016170705202805831,-0.00043085108335959624
TextVQA_test,83,aligned_no_proj,0.0008843941832511288,0.0012144039221422891,-0.0003300097388911603
TextVQA_test,83,aligned_proj,0.001058395424316237,0.0012446339433766073,-0.00018623851906037023
TextVQA_test,84,raw_no_proj,0.0077891483945669426,0.004748580500671678,0.0030405678938952643
TextVQA_test,84,raw_proj,0.004428282839186764,0.007499358390228329,-0.003071075551041565
TextVQA_test,84,aligned_no_proj,0.004834609429280947,0.007656374994448267,-0.0028217655651673204
TextVQA_test,84,aligned_proj,0.0024525549781116113,0.007478869507266106,-0.005026314529154495
TextVQA_test,85,raw_no_proj,0.003977620754126192,0.007204790493363143,-0.0032271697392369505
TextVQA_test,85,raw_proj,0.0038141099409685986,0.02518262406131739,-0.02136851412034879
TextVQA_test,85,aligned_no_proj,0.003215215811034931,0.008232373074734615,-0.005017157263699685
TextVQA_test,85,aligned_proj,0.0036916986106141384,0.036570227373312295,-0.03287852876269816
TextVQA_test,86,raw_no_proj,0.04811984375899532,0.003330613541213379,0.044789230217781945
TextVQA_test,86,raw_proj,0.016951791757809687,0.004495935102620991,0.012455856655188696
TextVQA_test,86,aligned_no_proj,0.033126498824315946,0.006269500070270311,0.026856998754045635
TextVQA_test,86,aligned_proj,0.011026901337302388,0.006338255600527007,0.004688645736775381
TextVQA_test,87,raw_no_proj,0.007836482157612559,0.004144308294509355,0.0036921738631032043
TextVQA_test,87,raw_proj,0.014739066103742645,0.007069784624933054,0.007669281478809591
TextVQA_test,87,aligned_no_proj,0.009547836446274771,0.0037221290077388415,0.005825707438535929
TextVQA_test,87,aligned_proj,0.0037858334773027626,0.002630725952215255,0.0011551075250875076
TextVQA_test,88,raw_no_proj,0.011415736148235297,0.009575296503577493,0.0018404396446578038
TextVQA_test,88,raw_proj,0.010202453840854081,0.005007811333472699,0.005194642507381382
TextVQA_test,88,aligned_no_proj,0.013754585498788571,0.00969550259671843,0.004059082902070141
TextVQA_test,88,aligned_proj,0.009468433894813331,0.006321407070502675,0.003147026824310656
TextVQA_test,89,raw_no_proj,0.008404359363504421,0.004748060816713075,0.0036562985467913462
TextVQA_test,89,raw_proj,0.007847288182993193,0.0032840370821137213,0.004563251100879471
TextVQA_test,89,aligned_no_proj,0.016261706553478562,0.004804767072439707,0.011456939481038856
TextVQA_test,89,aligned_proj,0.023381450232861763,0.009595178035648855,0.013786272197212908
TextVQA_test,90,raw_no_proj,0.007664327837473973,0.005815392019998521,0.0018489358174754522
TextVQA_test,90,raw_proj,0.0020431736726671725,0.01096548981277935,-0.008922316140112177
TextVQA_test,90,aligned_no_proj,0.0037999726706672604,0.010240471240401167,-0.006440498569733907
TextVQA_test,90,aligned_proj,0.0026491510770424403,0.01863567424883748,-0.01598652317179504
TextVQA_test,91,raw_no_proj,0.1822530034018512,0.4373947733485956,-0.2551417699467444
TextVQA_test,91,raw_proj,0.05331076335136432,0.2003631111239175,-0.1470523477725532
TextVQA_test,91,aligned_no_proj,0.17291622441034107,0.6325760477365459,-0.4596598233262048
TextVQA_test,91,aligned_proj,0.040838905974326635,0.2300745281168267,-0.18923562214250006
TextVQA_test,92,raw_no_proj,0.0016190181747542582,0.0004023368440288537,0.0012166813307254046
TextVQA_test,92,raw_proj,0.0019634348401140604,0.0013557741239303965,0.0006076607161836639
TextVQA_test,92,aligned_no_proj,0.0008020306400890676,0.0008750456017613317,-7.301496167226411e-05
TextVQA_test,92,aligned_proj,0.0011868135692492438,0.0011081587181219642,7.86548511272796e-05
TextVQA_test,93,raw_no_proj,0.0016547189708439503,0.0003332697270384365,0.0013214492438055137
TextVQA_test,93,raw_proj,0.0007370608508040825,0.0005280255810830318,0.0002090352697210506
TextVQA_test,93,aligned_no_proj,0.0007489216562430728,0.00043195520663701157,0.00031696644960606127
TextVQA_test,93,aligned_proj,0.0008795905815867668,0.0008051218886578477,7.446869292891906e-05
TextVQA_test,94,raw_no_proj,0.013050192541192036,0.010460762040870973,0.0025894305003210626
TextVQA_test,94,raw_proj,0.02644356626913752,0.01534537453468553,0.011098191734451989
TextVQA_test,94,aligned_no_proj,0.015510641763533149,0.016493846418631136,-0.0009832046550979877
TextVQA_test,94,aligned_proj,0.015293847604461027,0.011994539834869939,0.0032993077695910884
TextVQA_test,95,raw_no_proj,0.03418992626640875,0.013313776881154557,0.020876149385254193
TextVQA_test,95,raw_proj,0.04112425260781323,0.013576349566014096,0.027547903041799132
TextVQA_test,95,aligned_no_proj,0.034511987548598924,0.0148372842341277,0.01967470331447122
TextVQA_test,95,aligned_proj,0.018248509186893185,0.009522268968639247,0.008726240218253937
TextVQA_test,96,raw_no_proj,0.001486897645951599,0.0012065460294859633,0.00028035161646563556
TextVQA_test,96,raw_proj,0.0025752890876482577,0.0011173641369717367,0.001457924950676521
TextVQA_test,96,aligned_no_proj,0.002676927385861146,0.002705381368255446,-2.8453982394299922e-05
TextVQA_test,96,aligned_proj,0.0020690319170030545,0.0007635960331190008,0.0013054358838840538
TextVQA_test,97,raw_no_proj,0.02665557435050265,0.0015913612224632357,0.025064213128039414
TextVQA_test,97,raw_proj,0.007751524175580448,0.00207193141616446,0.005679592759415987
TextVQA_test,97,aligned_no_proj,0.014262788087170358,0.003295832505461403,0.010966955581708956
TextVQA_test,97,aligned_proj,0.005974022654642147,0.003611965650045024,0.002362057004597123
TextVQA_test,98,raw_no_proj,0.0013331238629728222,0.0003276018426331684,0.0010055220203396538
TextVQA_test,98,raw_proj,0.001972709714523796,0.0007920892269464007,0.0011806204875773954
TextVQA_test,98,aligned_no_proj,0.001928545587574161,0.0003580884717471546,0.0015704571158270063
TextVQA_test,98,aligned_proj,0.001405552134778523,0.0006751064013071985,0.0007304457334713245
TextVQA_test,99,raw_no_proj,0.006104015619014763,0.014176941220132501,-0.008072925601117737
TextVQA_test,99,raw_proj,0.006644288360628669,0.011553740968298398,-0.004909452607669729
TextVQA_test,99,aligned_no_proj,0.004892064252837611,0.009285734880891015,-0.004393670628053404
TextVQA_test,99,aligned_proj,0.0047791362132393565,0.009500804907455978,-0.004721668694216622
TextVQA_test,100,raw_no_proj,0.001676550238216472,0.003339091700293106,-0.001662541462076634
TextVQA_test,100,raw_proj,0.0014791415860205624,0.004863757034349262,-0.0033846154483286994
TextVQA_test,100,aligned_no_proj,0.0011999897316537181,0.0031598605280429466,-0.0019598707963892287
TextVQA_test,100,aligned_proj,0.0010484828227994558,0.003417372563220531,-0.002368889740421075
TextVQA_test,101,raw_no_proj,0.01154813553982734,0.0008907484733234902,0.01065738706650385
TextVQA_test,101,raw_proj,0.004148653997218204,0.0015988932859705301,0.0025497607112476743
TextVQA_test,101,aligned_no_proj,0.007327653605401759,0.0017921420109175724,0.005535511594484187
TextVQA_test,101,aligned_proj,0.004309664635673447,0.002243014360276548,0.0020666502753968995
TextVQA_test,102,raw_no_proj,0.0009693542058431295,0.0012930160129495012,-0.0003236618071063717
TextVQA_test,102,raw_proj,0.008657087134193874,0.010851835347084846,-0.002194748212890972
TextVQA_test,102,aligned_no_proj,0.002434553166007555,0.00323905652017526,-0.0008045033541677054
TextVQA_test,102,aligned_proj,0.0034135616737077765,0.0038313444818829662,-0.00041778280817518975
TextVQA_test,103,raw_no_proj,0.025412086268763935,0.034106204319422594,-0.008694118050658659
TextVQA_test,103,raw_proj,0.017582463937353125,0.020342543189663748,-0.0027600792523106224
TextVQA_test,103,aligned_no_proj,0.016780258003459964,0.041484692796002955,-0.02470443479254299
TextVQA_test,103,aligned_proj,0.01826993544759729,0.028514652867757766,-0.010244717420160476
TextVQA_test,104,raw_no_proj,0.03418372766321594,0.036637414310371014,-0.002453686647155076
TextVQA_test,104,raw_proj,0.02240052445987346,0.03132046013376996,-0.008919935673896501
TextVQA_test,104,aligned_no_proj,0.04576870933756673,0.05731160213736179,-0.011542892799795063
TextVQA_test,104,aligned_proj,0.009669864309871148,0.022279292855323884,-0.012609428545452736
TextVQA_test,105,raw_no_proj,0.0033509323596105467,0.00449183472358328,-0.0011409023639727335
TextVQA_test,105,raw_proj,0.005727838398135903,0.009261537036746998,-0.0035336986386110955
TextVQA_test,105,aligned_no_proj,0.0050496081311967676,0.010483149072851191,-0.005433540941654423
TextVQA_test,105,aligned_proj,0.004346058049884928,0.00541181506888951,-0.0010657570190045823
TextVQA_test,106,raw_no_proj,0.013395127440366231,0.0011823850068925954,0.012212742433473636
TextVQA_test,106,raw_proj,0.010942042522160062,0.001505267213112341,0.009436775309047721
TextVQA_test,106,aligned_no_proj,0.016264728684117942,0.002453337033230688,0.013811391650887253
TextVQA_test,106,aligned_proj,0.009941455359280295,0.0031337027210528666,0.006807752638227428
TextVQA_test,107,raw_no_proj,0.0010526654957510775,0.0016954526278423095,-0.000642787132091232
TextVQA_test,107,raw_proj,0.0013962053512157112,0.0019407873188725105,-0.0005445819676567992
TextVQA_test,107,aligned_no_proj,0.0009040663846288693,0.0028208347070210107,-0.0019167683223921413
TextVQA_test,107,aligned_proj,0.0008059706211509459,0.0033176372962325576,-0.0025116666750816118
TextVQA_test,108,raw_no_proj,0.012533380022248635,0.000634434355070895,0.011898945667177741
TextVQA_test,108,raw_proj,0.010906024252795025,0.0021541190512424702,0.008751905201552555
TextVQA_test,108,aligned_no_proj,0.01257535750622478,0.00152530544275105,0.01105005206347373
TextVQA_test,108,aligned_proj,0.008384675670094141,0.002606290844080182,0.00577838482601396
TextVQA_test,109,raw_no_proj,0.02097846434015291,0.016553706824382113,0.004424757515770799
TextVQA_test,109,raw_proj,0.013112488282683514,0.016813648450472053,-0.0037011601677885385
TextVQA_test,109,aligned_no_proj,0.0289557146004315,0.030462314246911162,-0.0015065996464796623
TextVQA_test,109,aligned_proj,0.019588896017801945,0.020247649238059898,-0.0006587532202579523
TextVQA_test,110,raw_no_proj,0.0021549781146057777,0.0005854796044170224,0.0015694985101887553
TextVQA_test,110,raw_proj,0.002273074607609612,0.00203846925713026,0.00023460535047935185
TextVQA_test,110,aligned_no_proj,0.0020394692089440443,0.001110258683017763,0.0009292105259262812
TextVQA_test,110,aligned_proj,0.002041846593351203,0.0017486637490998604,0.0002931828442513428
TextVQA_test,111,raw_no_proj,0.0035015690335927327,0.010645329944273741,-0.007143760910681009
TextVQA_test,111,raw_proj,0.014539563213830525,0.018701181199198638,-0.004161617985368113
TextVQA_test,111,aligned_no_proj,0.004670233802941441,0.014210031372877005,-0.009539797569935563
TextVQA_test,111,aligned_proj,0.00578139904419207,0.0075306954869765515,-0.0017492964427844818
TextVQA_test,112,raw_no_proj,0.01178885795553637,0.004241230577047518,0.007547627378488853
TextVQA_test,112,raw_proj,0.006690215853077771,0.005778183175623545,0.0009120326774542257
TextVQA_test,112,aligned_no_proj,0.01577259357227077,0.008619815875307012,0.007152777696963758
TextVQA_test,112,aligned_proj,0.004531741794455948,0.006307990895884476,-0.0017762491014285285
TextVQA_test,113,raw_no_proj,0.1541924635803611,0.016412910946680664,0.13777955263368044
TextVQA_test,113,raw_proj,0.015861331668057116,0.011429629632704138,0.004431702035352978
TextVQA_test,113,aligned_no_proj,0.056690006331521915,0.03359310944080402,0.023096896890717894
TextVQA_test,113,aligned_proj,0.022180702374799736,0.021769162500124374,0.00041153987467536235
TextVQA_test,114,raw_no_proj,0.0005721920897989286,0.00046629203127940516,0.00010590005851952345
TextVQA_test,114,raw_proj,0.000742973252172387,0.0009812795010556825,-0.00023830624888329546
TextVQA_test,114,aligned_no_proj,0.0005316868609306994,0.0006537828992022062,-0.00012209603827150676
TextVQA_test,114,aligned_proj,0.001733083985949745,0.0023640636761886307,-0.0006309796902388856
TextVQA_test,115,raw_no_proj,0.0019097013211731033,0.0028156703116748775,-0.0009059689905017742
TextVQA_test,115,raw_proj,0.001978618640167786,0.0034954774245509555,-0.0015168587843831694
TextVQA_test,115,aligned_no_proj,0.002007228040031845,0.0022342303784725435,-0.00022700233844069866
TextVQA_test,115,aligned_proj,0.001793299880203835,0.002374063424027424,-0.0005807635438235888
TextVQA_test,116,raw_no_proj,0.013541385299271184,0.013107166020278328,0.00043421927899285617
TextVQA_test,116,raw_proj,0.011140186970713374,0.012868624834340602,-0.001728437863627228
TextVQA_test,116,aligned_no_proj,0.01733238975379198,0.018206324411932016,-0.0008739346581400353
TextVQA_test,116,aligned_proj,0.00696531163159113,0.005760479965273257,0.0012048316663178732
TextVQA_test,117,raw_no_proj,0.0013082633083804748,0.0018111053052376968,-0.000502841996857222
TextVQA_test,117,raw_proj,0.0031535231727203984,0.004473516345741348,-0.0013199931730209498
TextVQA_test,117,aligned_no_proj,0.002950538958883426,0.005275888818034537,-0.002325349859151111
TextVQA_test,117,aligned_proj,0.0015521964240994366,0.0027694081005624907,-0.0012172116764630541
TextVQA_test,118,raw_no_proj,0.005374261160589813,0.0020327745626852597,0.0033414865979045534
TextVQA_test,118,raw_proj,0.005256039008418082,0.005888414559071128,-0.0006323755506530459
TextVQA_test,118,aligned_no_proj,0.0056441458415675974,0.003529787634035159,0.0021143582075324385
TextVQA_test,118,aligned_proj,0.0052229428566457565,0.010355004728509325,-0.005132061871863569
TextVQA_test,119,raw_no_proj,0.0023610704864192003,0.003132187315232719,-0.0007711168288135188
TextVQA_test,119,raw_proj,0.005169431331486314,0.005402405481748944,-0.00023297415026262997
TextVQA_test,119,aligned_no_proj,0.002584538334608609,0.002917355926600555,-0.0003328175919919459
TextVQA_test,119,aligned_proj,0.002215667667954785,0.0017458928796387468,0.00046977478831603816
TextVQA_test,120,raw_no_proj,0.003236212737150913,0.009889112557382172,-0.006652899820231259
TextVQA_test,120,raw_proj,0.0046408735459477395,0.021958934961509625,-0.017318061415561886
TextVQA_test,120,aligned_no_proj,0.0021255080072297605,0.01295213992995847,-0.01082663192272871
TextVQA_test,120,aligned_proj,0.00390807602777503,0.011240655434733652,-0.007332579406958623
TextVQA_test,121,raw_no_proj,0.000307357581899267,0.00019879101842717767,0.00010856656347208934
TextVQA_test,121,raw_proj,0.0005404826098789056,0.0005486516801749967,-8.169070296091033e-06
TextVQA_test,121,aligned_no_proj,0.0004884664827630965,0.0003489974577790406,0.00013946902498405592
TextVQA_test,121,aligned_proj,0.00019053557885538702,0.0002797154110860469,-8.91798322306599e-05
TextVQA_test,122,raw_no_proj,0.0038836359304679773,0.00032953216490221374,0.0035541037655657634
TextVQA_test,122,raw_proj,0.009349794861033444,0.001131962671251189,0.008217832189782255
TextVQA_test,122,aligned_no_proj,0.006697295760480946,0.0005388281440123024,0.006158467616468644
TextVQA_test,122,aligned_proj,0.005114211720916126,0.0008717870347848456,0.00424242468613128
TextVQA_test,123,raw_no_proj,0.0015178975572361542,0.0011510216912448403,0.00036687586599131383
TextVQA_test,123,raw_proj,0.0030350459869698644,0.0035469086279358982,-0.0005118626409660338
TextVQA_test,123,aligned_no_proj,0.0017224679780591266,0.0022339896770468444,-0.0005115216989877178
TextVQA_test,123,aligned_proj,0.0015182491016388832,0.0015703199523451788,-5.2070850706295536e-05
TextVQA_test,124,raw_no_proj,0.004027043473400288,0.014970596819031692,-0.010943553345631404
TextVQA_test,124,raw_proj,0.0023129272050862503,0.010978071392094016,-0.008665144187007767
TextVQA_test,124,aligned_no_proj,0.003213226074897175,0.011710453840967909,-0.008497227766070734
TextVQA_test,124,aligned_proj,0.0019095662134307062,0.008475353905532997,-0.006565787692102291
TextVQA_test,125,raw_no_proj,0.004580097452781903,0.006247070655440671,-0.0016669732026587678
TextVQA_test,125,raw_proj,0.00417688013928398,0.005674961763787176,-0.0014980816245031957
TextVQA_test,125,aligned_no_proj,0.002693364600431879,0.003620035488736459,-0.0009266708883045802
TextVQA_test,125,aligned_proj,0.004418116762788184,0.00883314355725053,-0.0044150267944623465
TextVQA_test,126,raw_no_proj,0.0015481562634578974,0.0008520295432845003,0.0006961267201733971
TextVQA_test,126,raw_proj,0.0015720660986194217,0.001863980610027209,-0.0002919145114077873
TextVQA_test,126,aligned_no_proj,0.002373842341096437,0.0014031153522784325,0.0009707269888180044
TextVQA_test,126,aligned_proj,0.0022540063732398637,0.0028172980068631765,-0.0005632916336233127
TextVQA_test,127,raw_no_proj,0.0006455120482422317,0.0038841510022918826,-0.0032386389540496508
TextVQA_test,127,raw_proj,0.0017759306677969451,0.012251383911950227,-0.010475453244153282
TextVQA_test,127,aligned_no_proj,0.0010614145773393297,0.0060611598768751515,-0.004999745299535821
TextVQA_test,127,aligned_proj,0.0012682939387476445,0.01074509215862064,-0.009476798219872996
TextVQA_test,128,raw_no_proj,0.0065127607469432705,0.004127430491711804,0.0023853302552314668
TextVQA_test,128,raw_proj,0.005736255863243886,0.00697369497300662,-0.0012374391097627335
TextVQA_test,128,aligned_no_proj,0.005170149212247249,0.004887076396863758,0.0002830728153834913
TextVQA_test,128,aligned_proj,0.0026162487538746297,0.0021479544100354024,0.00046829434383922723
TextVQA_test,129,raw_no_proj,0.016031333324446898,0.02984633471101982,-0.013815001386572923
TextVQA_test,129,raw_proj,0.010090319871144329,0.011434495955419142,-0.0013441760842748136
TextVQA_test,129,aligned_no_proj,0.013027705744955563,0.02254539911834509,-0.009517693373389528
TextVQA_test,129,aligned_proj,0.01647928801249346,0.017354446713955078,-0.0008751587014616188
TextVQA_test,130,raw_no_proj,0.00724044838434569,0.0032602782557309773,0.0039801701286147125
TextVQA_test,130,raw_proj,0.01099596634630104,0.009362324227014189,0.0016336421192868506
TextVQA_test,130,aligned_no_proj,0.008194567383067057,0.008333184710843398,-0.0001386173277763414
TextVQA_test,130,aligned_proj,0.005875002227883543,0.008585730416850776,-0.0027107281889672333
TextVQA_test,131,raw_no_proj,0.0021662472267444154,0.0026598438259570405,-0.0004935965992126251
TextVQA_test,131,raw_proj,0.0054308803342321115,0.010078659515252799,-0.0046477791810206875
TextVQA_test,131,aligned_no_proj,0.004113312514455704,0.004772544081989093,-0.0006592315675333889
TextVQA_test,131,aligned_proj,0.005428861130822371,0.012734255389308127,-0.007305394258485756
TextVQA_test,132,raw_no_proj,0.030796876837853163,0.0077781443515466155,0.023018732486306547
TextVQA_test,132,raw_proj,0.029910963763565272,0.01787143605350564,0.012039527710059634
TextVQA_test,132,aligned_no_proj,0.043484083676502805,0.009457630684739808,0.034026452991763
TextVQA_test,132,aligned_proj,0.007407001467925831,0.006047463007352371,0.00135953846057346
TextVQA_test,133,raw_no_proj,0.0004635222030945359,0.00012613483734996264,0.00033738736574457327
TextVQA_test,133,raw_proj,0.001015432062093651,0.0005154295652626315,0.0005000024968310196
TextVQA_test,133,aligned_no_proj,0.0008776792494711719,0.00021048903564597013,0.0006671902138252018
TextVQA_test,133,aligned_proj,0.0004667348431023337,0.0001731114719576085,0.0002936233711447252
TextVQA_test,134,raw_no_proj,0.0018096402186444957,0.0025546532290064553,-0.0007450130103619597
TextVQA_test,134,raw_proj,0.004502584497354552,0.007200604160340011,-0.0026980196629854585
TextVQA_test,134,aligned_no_proj,0.0038946470505110582,0.006225078551944974,-0.002330431501433916
TextVQA_test,134,aligned_proj,0.0019894942725939006,0.008474335662883787,-0.006484841390289887
TextVQA_test,135,raw_no_proj,0.0007488029345883186,0.0005215956729464766,0.00022720726164184208
TextVQA_test,135,raw_proj,0.0011016653058676094,0.002291847367885203,-0.0011901820620175934
TextVQA_test,135,aligned_no_proj,0.0009220182720087748,0.0010887789220036588,-0.00016676064999488404
TextVQA_test,135,aligned_proj,0.0007868621272387871,0.0022942084284420547,-0.0015073463012032675
TextVQA_test,136,raw_no_proj,0.012542157873035196,0.0037523608946862996,0.008789796978348897
TextVQA_test,136,raw_proj,0.00992831211297455,0.007070960380261151,0.002857351732713399
TextVQA_test,136,aligned_no_proj,0.008403025636502538,0.0053449941627542455,0.0030580314737482924
TextVQA_test,136,aligned_proj,0.012161000495750621,0.006903247460211007,0.005257753035539614
TextVQA_test,137,raw_no_proj,0.004921009685195891,0.0027555997500317547,0.0021654099351641363
TextVQA_test,137,raw_proj,0.007695639334305461,0.003592796638287307,0.0041028426960181535
TextVQA_test,137,aligned_no_proj,0.0023316322345217667,0.0015125583543467733,0.0008190738801749935
TextVQA_test,137,aligned_proj,0.00656783432396082,0.004411754205173037,0.002156080118787783
TextVQA_test,138,raw_no_proj,0.04214994691940375,0.024281799342091456,0.017868147577312293
TextVQA_test,138,raw_proj,0.028495059717274115,0.019185580358983434,0.00930947935829068
TextVQA_test,138,aligned_no_proj,0.03799989001161551,0.02784247562558394,0.010157414386031568
TextVQA_test,138,aligned_proj,0.008011036080056953,0.010626668087967379,-0.0026156320079104255
TextVQA_test,139,raw_no_proj,0.015416473997681753,0.0021563734514875566,0.013260100546194196
TextVQA_test,139,raw_proj,0.005618012642825162,0.004411448659086646,0.0012065639837385168
TextVQA_test,139,aligned_no_proj,0.013907373950205606,0.008640501019589497,0.005266872930616109
TextVQA_test,139,aligned_proj,0.010747008866403668,0.006821575269867912,0.003925433596535756
TextVQA_test,140,raw_no_proj,0.023139200617678417,0.01040059530045018,0.012738605317228237
TextVQA_test,140,raw_proj,0.006376098872253628,0.0031306780361581637,0.0032454208360954643
TextVQA_test,140,aligned_no_proj,0.017861539139207936,0.01588374619433953,0.001977792944868405
TextVQA_test,140,aligned_proj,0.005344128793009495,0.0045706257282985595,0.0007735030647109354
TextVQA_test,141,raw_no_proj,0.01575334769172395,0.03545791919211774,-0.019704571500393793
TextVQA_test,141,raw_proj,0.004588093497477239,0.03141664212240878,-0.02682854862493154
TextVQA_test,141,aligned_no_proj,0.010819447985480632,0.025527640589107708,-0.014708192603627076
TextVQA_test,141,aligned_proj,0.005443910275915644,0.058815733221653455,-0.05337182294573781
TextVQA_test,142,raw_no_proj,0.003589761042170314,0.0010255418194870546,0.0025642192226832594
TextVQA_test,142,raw_proj,0.003186807307712923,0.001375709032931452,0.0018110982747814711
TextVQA_test,142,aligned_no_proj,0.0031173924632631007,0.0016543679971835641,0.0014630244660795366
TextVQA_test,142,aligned_proj,0.0015853403421713418,0.001042287051380491,0.0005430532907908508
TextVQA_test,143,raw_no_proj,0.19801500129499466,0.13480529434834038,0.06320970694665429
TextVQA_test,143,raw_proj,0.09022950700715744,0.2807782080801453,-0.19054870107298788
TextVQA_test,143,aligned_no_proj,0.2564991319043782,0.4145383767352104,-0.1580392448308322
TextVQA_test,143,aligned_proj,0.04180645069304506,0.1685151090909861,-0.12670865839794104
TextVQA_test,144,raw_no_proj,0.030866032362743663,0.002457452394801501,0.02840857996794216
TextVQA_test,144,raw_proj,0.01063415422556391,0.0031792210714528023,0.007454933154111107
TextVQA_test,144,aligned_no_proj,0.023579800699861108,0.0028058961790594764,0.02077390452080163
TextVQA_test,144,aligned_proj,0.009647149126007394,0.004506640192268971,0.005140508933738424
TextVQA_test,145,raw_no_proj,0.003592762975376876,0.0010802210410769844,0.0025125419342998914
TextVQA_test,145,raw_proj,0.0065981242088518615,0.0015149481419170603,0.0050831760669348015
TextVQA_test,145,aligned_no_proj,0.003799971883136549,0.001530023035223261,0.002269948847913288
TextVQA_test,145,aligned_proj,0.0017330849355716772,0.0006718634019754928,0.0010612215335961844
TextVQA_test,146,raw_no_proj,0.03110014834335502,0.01033410853444421,0.02076603980891081
TextVQA_test,146,raw_proj,0.03143190883346361,0.01228664877553163,0.019145260057931983
TextVQA_test,146,aligned_no_proj,0.03183236787407782,0.009158626919052911,0.022673740955024904
TextVQA_test,146,aligned_proj,0.007105480001919822,0.001647245099754555,0.005458234902165267
TextVQA_test,147,raw_no_proj,0.007350289395134497,0.0026758888009524705,0.004674400594182026
TextVQA_test,147,raw_proj,0.0035134929920096884,0.0018917816697966636,0.0016217113222130248
TextVQA_test,147,aligned_no_proj,0.005858454565003474,0.002090389511708162,0.0037680650532953114
TextVQA_test,147,aligned_proj,0.0024191926176920695,0.0014265827656099155,0.000992609852082154
TextVQA_test,148,raw_no_proj,0.005902471089742692,0.004806266695576094,0.0010962043941665977
TextVQA_test,148,raw_proj,0.006154164637483936,0.010129937546366282,-0.003975772908882347
TextVQA_test,148,aligned_no_proj,0.003948389306675069,0.0063466661751408904,-0.0023982768684658214
TextVQA_test,148,aligned_proj,0.002588634041688812,0.010162269811006038,-0.007573635769317227
TextVQA_test,149,raw_no_proj,0.0014980472214837061,0.0012573740661657685,0.0002406731553179376
TextVQA_test,149,raw_proj,0.001522162565670546,0.0013864197824024493,0.00013574278326809676
TextVQA_test,149,aligned_no_proj,0.0012887671618860197,0.001677017432503054,-0.00038825027061703435
TextVQA_test,149,aligned_proj,0.0011939149865022361,0.0010523813255558438,0.00014153366094639235
TextVQA_test,150,raw_no_proj,0.001864723169326901,0.0003822265695303514,0.0014824965997965495
TextVQA_test,150,raw_proj,0.0033945482778596674,0.0007419897742852057,0.002652558503574462
TextVQA_test,150,aligned_no_proj,0.0020217460838270465,0.0006401355996654265,0.00138161048416162
TextVQA_test,150,aligned_proj,0.0016768502293619929,0.00026507428276702715,0.0014117759465949657
TextVQA_test,151,raw_no_proj,0.014177669762054862,0.01221231076533736,0.0019653589967175023
TextVQA_test,151,raw_proj,0.01202596749616379,0.009236824687430627,0.0027891428087331634
TextVQA_test,151,aligned_no_proj,0.019893290780317128,0.01461242218495962,0.005280868595357507
TextVQA_test,151,aligned_proj,0.013121829301074486,0.013938626084482642,-0.0008167967834081559
TextVQA_test,152,raw_no_proj,0.005297760410825816,0.00030014266855795,0.004997617742267866
TextVQA_test,152,raw_proj,0.004011012266816135,0.0004906100190172493,0.0035204022477988853
TextVQA_test,152,aligned_no_proj,0.005292297842309358,0.00087422883478518,0.0044180690075241785
TextVQA_test,152,aligned_proj,0.003934576416938544,0.0006504904818841592,0.0032840859350543846
TextVQA_test,153,raw_no_proj,0.015123997083004326,0.025438287310030845,-0.01031429022702652
TextVQA_test,153,raw_proj,0.010832884281900455,0.021880811638655396,-0.01104792735675494
TextVQA_test,153,aligned_no_proj,0.0083299365764611,0.018211993123769674,-0.009882056547308574
TextVQA_test,153,aligned_proj,0.004852690297140579,0.016562477866011747,-0.011709787568871168
TextVQA_test,154,raw_no_proj,0.024667285596941962,0.004434023285810429,0.020233262311131532
TextVQA_test,154,raw_proj,0.016961138136374423,0.00847318468689559,0.008487953449478832
TextVQA_test,154,aligned_no_proj,0.03604877711654304,0.011189296460768676,0.02485948065577437
TextVQA_test,154,aligned_proj,0.01767219243445663,0.006772038347074682,0.010900154087381948
TextVQA_test,155,raw_no_proj,0.003251225882325515,0.005361871161660515,-0.0021106452793349995
TextVQA_test,155,raw_proj,0.0020907281861481278,0.004906698934477606,-0.002815970748329478
TextVQA_test,155,aligned_no_proj,0.002752478750776179,0.005344026769332868,-0.002591548018556689
TextVQA_test,155,aligned_proj,0.0009079640646825264,0.002444235528093381,-0.0015362714634108545
TextVQA_test,156,raw_no_proj,0.009496144880118448,0.010452002441852012,-0.0009558575617335634
TextVQA_test,156,raw_proj,0.0068187195808606235,0.012723628721202463,-0.0059049091403418396
TextVQA_test,156,aligned_no_proj,0.010489085741910636,0.017648010036166107,-0.007158924294255471
TextVQA_test,156,aligned_proj,0.012037945208968668,0.027900798767448207,-0.015862853558479537
TextVQA_test,157,raw_no_proj,0.005084998434991294,0.0021707972089195643,0.00291420122607173
TextVQA_test,157,raw_proj,0.004221760529254884,0.0036427535533673848,0.0005790069758874988
TextVQA_test,157,aligned_no_proj,0.006801401685134324,0.0041363783176040685,0.0026650233675302552
TextVQA_test,157,aligned_proj,0.0040046922610201185,0.0027964868720598986,0.0012082053889602199
TextVQA_test,158,raw_no_proj,0.07081066951764727,0.018081842441442897,0.05272882707620437
TextVQA_test,158,raw_proj,0.01657366821453566,0.009354882457416556,0.007218785757119104
TextVQA_test,158,aligned_no_proj,0.04051986942629025,0.02160002347253807,0.018919845953752183
TextVQA_test,158,aligned_proj,0.01000286908010594,0.007938171623697914,0.0020646974564080267
TextVQA_test,159,raw_no_proj,0.008165333995082364,0.002047576538401259,0.006117757456681105
TextVQA_test,159,raw_proj,0.007548777335222565,0.003317533957205957,0.0042312433780166085
TextVQA_test,159,aligned_no_proj,0.007718265265115072,0.0034421157060736257,0.004276149559041446
TextVQA_test,159,aligned_proj,0.0039458430626548805,0.001652958545168883,0.0022928845174859974
TextVQA_test,160,raw_no_proj,0.034607981408328325,0.056746254425426836,-0.02213827301709851
TextVQA_test,160,raw_proj,0.022004073722304788,0.023078272527081816,-0.0010741988047770282
TextVQA_test,160,aligned_no_proj,0.03199594924612293,0.04543035130661174,-0.013434402060488806
TextVQA_test,160,aligned_proj,0.02215479790743564,0.028770512748971536,-0.006615714841535895
TextVQA_test,161,raw_no_proj,0.0040209358521992025,0.005980120109617469,-0.0019591842574182665
TextVQA_test,161,raw_proj,0.0029524268225287584,0.008307142375934197,-0.005354715553405439
TextVQA_test,161,aligned_no_proj,0.008083615541247938,0.00985626854662724,-0.001772653005379302
TextVQA_test,161,aligned_proj,0.0025523927389549794,0.004422879037264021,-0.0018704862983090417
TextVQA_test,162,raw_no_proj,0.01012109279434857,0.00549886740615266,0.004622225388195909
TextVQA_test,162,raw_proj,0.008986680171359422,0.003389915744111253,0.005596764427248169
TextVQA_test,162,aligned_no_proj,0.009598300941776786,0.004599606696438938,0.004998694245337848
TextVQA_test,162,aligned_proj,0.011868604166274263,0.007341137498035481,0.004527466668238782
TextVQA_test,163,raw_no_proj,0.003084446260015531,0.0010895349866203944,0.0019949112733951366
TextVQA_test,163,raw_proj,0.01188382587535497,0.005346092306467842,0.006537733568887128
TextVQA_test,163,aligned_no_proj,0.005796339951254098,0.002004475004024194,0.003791864947229904
TextVQA_test,163,aligned_proj,0.0036529551993471675,0.0016933643903266323,0.0019595908090205352
TextVQA_test,164,raw_no_proj,0.013517861464881377,0.011961254958510359,0.0015566065063710183
TextVQA_test,164,raw_proj,0.008132192464078192,0.015555932782634325,-0.007423740318556133
TextVQA_test,164,aligned_no_proj,0.010660978277422975,0.01596070825293982,-0.005299729975516844
TextVQA_test,164,aligned_proj,0.00774537596245566,0.012755021730667424,-0.005009645768211764
TextVQA_test,165,raw_no_proj,0.010725992290192565,0.004658561576791086,0.006067430713401479
TextVQA_test,165,raw_proj,0.0062685886802946456,0.002648375543915506,0.0036202131363791395
TextVQA_test,165,aligned_no_proj,0.011511013303803674,0.003380914306031606,0.008130098997772069
TextVQA_test,165,aligned_proj,0.004769354411407869,0.002821772519243426,0.0019475818921644425
TextVQA_test,166,raw_no_proj,0.002069204646007121,0.0012840255128771484,0.0007851791331299725
TextVQA_test,166,raw_proj,0.005440452991412689,0.0038195090252935208,0.0016209439661191683
TextVQA_test,166,aligned_no_proj,0.002340884911743453,0.0018160965550027188,0.0005247883567407342
TextVQA_test,166,aligned_proj,0.003387247841607851,0.0034740361922297033,-8.678835062185227e-05
TextVQA_test,167,raw_no_proj,0.010704699784500338,0.008668803245128035,0.0020358965393723026
TextVQA_test,167,raw_proj,0.00901519559785932,0.006561503311614238,0.002453692286245082
TextVQA_test,167,aligned_no_proj,0.010982167656381766,0.008923620720284723,0.0020585469360970433
TextVQA_test,167,aligned_proj,0.006612126270221385,0.004836920311490527,0.001775205958730858
TextVQA_test,168,raw_no_proj,0.027916376939640417,0.005795762372526648,0.02212061456711377
TextVQA_test,168,raw_proj,0.02883954887585343,0.022509599386691698,0.006329949489161733
TextVQA_test,168,aligned_no_proj,0.025933432319497848,0.016687502780483216,0.009245929539014631
TextVQA_test,168,aligned_proj,0.024212765171879667,0.01340108661530233,0.010811678556577338
TextVQA_test,169,raw_no_proj,0.004145777297385505,0.0008475481732561735,0.0032982291241293316
TextVQA_test,169,raw_proj,0.0019157465868572339,0.0009096696867803472,0.0010060769000768866
TextVQA_test,169,aligned_no_proj,0.003568283808512594,0.0010393694532934707,0.0025289143552191234
TextVQA_test,169,aligned_proj,0.001679595174323764,0.0009945995505920475,0.0006849956237317165
TextVQA_test,170,raw_no_proj,0.18771363348168976,0.11610075783085887,0.0716128756508309
TextVQA_test,170,raw_proj,0.087252052810228,0.1350888899834228,-0.0478368371731948
TextVQA_test,170,aligned_no_proj,0.15639057149461497,0.1676939408101779,-0.011303369315562944
TextVQA_test,170,aligned_proj,0.05683152490581395,0.15773819847433435,-0.1009066735685204
TextVQA_test,171,raw_no_proj,0.05482455824401044,0.014344430813673146,0.04048012743033729
TextVQA_test,171,raw_proj,0.013124543240810096,0.015289463901265999,-0.0021649206604559025
TextVQA_test,171,aligned_no_proj,0.02493091981445446,0.02183480538931646,0.0030961144251380017
TextVQA_test,171,aligned_proj,0.009011072281104501,0.010160471307655829,-0.0011493990265513277
TextVQA_test,172,raw_no_proj,0.0517122857992322,0.025151444552672868,0.02656084124655933
TextVQA_test,172,raw_proj,0.040398553259443845,0.03911841460600229,0.001280138653441558
TextVQA_test,172,aligned_no_proj,0.06564086038430371,0.039070379481208554,0.026570480903095155
TextVQA_test,172,aligned_proj,0.01596376224052916,0.018748468532546345,-0.002784706292017186
TextVQA_test,173,raw_no_proj,0.014088411935129436,0.0003116450238305912,0.013776766911298845
TextVQA_test,173,raw_proj,0.004483890407210101,0.0006828469903717993,0.0038010434168383013
TextVQA_test,173,aligned_no_proj,0.008373834639139382,0.0004853340221222055,0.007888500617017177
TextVQA_test,173,aligned_proj,0.004424893881939615,0.0007415617631056347,0.0036833321188339805
TextVQA_test,174,raw_no_proj,0.004023800862277602,0.00450517841320614,-0.0004813775509285379
TextVQA_test,174,raw_proj,0.014795051559542386,0.018106449617104624,-0.003311398057562238
TextVQA_test,174,aligned_no_proj,0.008399980406620699,0.013036678813304033,-0.0046366984066833344
TextVQA_test,174,aligned_proj,0.006296082783422704,0.008488180272706989,-0.0021920974892842846
TextVQA_test,175,raw_no_proj,0.0021049839275681667,0.0008318250168819746,0.0012731589106861922
TextVQA_test,175,raw_proj,0.007792559360902935,0.0030328950197953497,0.004759664341107585
TextVQA_test,175,aligned_no_proj,0.001116129288519604,0.0004738527587866142,0.0006422765297329899
TextVQA_test,175,aligned_proj,0.003383761942446775,0.000938133673622243,0.002445628268824532
TextVQA_test,176,raw_no_proj,0.003030562798699079,0.016493815915292878,-0.013463253116593799
TextVQA_test,176,raw_proj,0.0020088197554171245,0.010341523998649457,-0.008332704243232332
TextVQA_test,176,aligned_no_proj,0.003777389130962509,0.021926787338329153,-0.018149398207366642
TextVQA_test,176,aligned_proj,0.0027275095407280022,0.007017118748578904,-0.004289609207850901
TextVQA_test,177,raw_no_proj,0.0019892939783610008,0.004203131184060751,-0.00221383720569975
TextVQA_test,177,raw_proj,0.007729883575922048,0.012330159309871361,-0.004600275733949314
TextVQA_test,177,aligned_no_proj,0.0020064490267975707,0.006598688097748528,-0.0045922390709509575
TextVQA_test,177,aligned_proj,0.00259716041252761,0.006267608183690653,-0.003670447771163043
TextVQA_test,178,raw_no_proj,0.0050804427846384064,0.006838219930364128,-0.0017577771457257217
TextVQA_test,178,raw_proj,0.009255390229175141,0.022734659812867642,-0.013479269583692501
TextVQA_test,178,aligned_no_proj,0.005366967330550815,0.00797347882886384,-0.0026065114983130242
TextVQA_test,178,aligned_proj,0.00785061759939087,0.0142493975585292,-0.0063987799591383315
TextVQA_test,179,raw_no_proj,0.001138942866582986,0.001105857440035137,3.308542654784888e-05
TextVQA_test,179,raw_proj,0.002408111233381731,0.002714023796421691,-0.0003059125630399599
TextVQA_test,179,aligned_no_proj,0.0013979991867663164,0.0017843828114144907,-0.00038638362464817424
TextVQA_test,179,aligned_proj,0.0007753793233905054,0.0012611037398639522,-0.00048572441647344675
TextVQA_test,180,raw_no_proj,0.0057037689853518874,0.004412285862442503,0.0012914831229093844
TextVQA_test,180,raw_proj,0.005500755332426011,0.003667491257396775,0.0018332640750292357
TextVQA_test,180,aligned_no_proj,0.00785132390476588,0.004943631255091124,0.0029076926496747566
TextVQA_test,180,aligned_proj,0.008467224534617434,0.004393976634644803,0.0040732478999726315
TextVQA_test,181,raw_no_proj,0.007367769899992102,0.0018653936892713938,0.005502376210720708
TextVQA_test,181,raw_proj,0.011499106795428385,0.0031905400145071125,0.008308566780921272
TextVQA_test,181,aligned_no_proj,0.01039919287273225,0.0033360995358392405,0.00706309333689301
TextVQA_test,181,aligned_proj,0.006022272037515473,0.004306482310410042,0.001715789727105431
TextVQA_test,182,raw_no_proj,0.004564436074027266,0.007450634560524801,-0.0028861984864975354
TextVQA_test,182,raw_proj,0.022126719325554406,0.021890479031848285,0.0002362402937061206
TextVQA_test,182,aligned_no_proj,0.012635660654798781,0.0224204248394159,-0.009784764184617118
TextVQA_test,182,aligned_proj,0.015503347036099914,0.021933201164825444,-0.006429854128725531
TextVQA_test,183,raw_no_proj,0.00021328962645526215,0.0003350439311430401,-0.00012175430468777795
TextVQA_test,183,raw_proj,0.0005620615875435616,0.000547700259497434,1.436132804612765e-05
TextVQA_test,183,aligned_no_proj,0.0002794533030874141,0.0005543383880146089,-0.0002748850849271948
TextVQA_test,183,aligned_proj,0.0004620601199861381,0.0005184156936209255,-5.6355573634787415e-05
TextVQA_test,184,raw_no_proj,0.01794463018443486,0.009105458038356265,0.008839172146078595
TextVQA_test,184,raw_proj,0.021010478359739588,0.010666814489875871,0.010343663869863717
TextVQA_test,184,aligned_no_proj,0.021203017629819507,0.013598234718601587,0.00760478291121792
TextVQA_test,184,aligned_proj,0.008197741489004762,0.007917322921767183,0.0002804185672375791
TextVQA_test,185,raw_no_proj,0.0029438504473863134,0.010610284901615578,-0.007666434454229265
TextVQA_test,185,raw_proj,0.003977221036182012,0.01567226358284045,-0.011695042546658437
TextVQA_test,185,aligned_no_proj,0.0042374991468084,0.01586394102180911,-0.011626441875000709
TextVQA_test,185,aligned_proj,0.0028918830359077907,0.009024472478677555,-0.006132589442769764
TextVQA_test,186,raw_no_proj,0.025571168591984314,0.005161380638213291,0.020409787953771023
TextVQA_test,186,raw_proj,0.01978579267261125,0.0075474683889602346,0.012238324283651018
TextVQA_test,186,aligned_no_proj,0.02683917227123212,0.00898144874684799,0.017857723524384132
TextVQA_test,186,aligned_proj,0.027986649395352257,0.01452361696181989,0.013463032433532366
TextVQA_test,187,raw_no_proj,0.005117697259060958,0.004493042521318693,0.0006246547377422645
TextVQA_test,187,raw_proj,0.007829837628989403,0.00752292335739395,0.00030691427159545287
TextVQA_test,187,aligned_no_proj,0.007682442104762615,0.006866375891496514,0.0008160662132661008
TextVQA_test,187,aligned_proj,0.004462925734414872,0.005982373388798602,-0.0015194476543837297
TextVQA_test,188,raw_no_proj,0.002252601523422541,0.003794630229439944,-0.001542028706017403
TextVQA_test,188,raw_proj,0.003711302281303626,0.005905676715508309,-0.0021943744342046833
TextVQA_test,188,aligned_no_proj,0.0018834285446255466,0.00399362125871243,-0.0021101927140868837
TextVQA_test,188,aligned_proj,0.0011731320802747891,0.0024616544217991843,-0.0012885223415243952
TextVQA_test,189,raw_no_proj,0.01602348361137249,0.000647865846142573,0.015375617765229915
TextVQA_test,189,raw_proj,0.006014999309722786,0.001825437038350258,0.004189562271372528
TextVQA_test,189,aligned_no_proj,0.0118281330610542,0.002362032487346587,0.009466100573707613
TextVQA_test,189,aligned_proj,0.005114067200036464,0.002879636389962682,0.002234430810073782
TextVQA_test,190,raw_no_proj,0.021670190002102848,0.011591119504436493,0.010079070497666355
TextVQA_test,190,raw_proj,0.01181676815155891,0.007103083466172616,0.004713684685386294
TextVQA_test,190,aligned_no_proj,0.021413003100839063,0.015116812072738444,0.006296191028100619
TextVQA_test,190,aligned_proj,0.008743389691039282,0.007434999879660052,0.0013083898113792304
TextVQA_test,191,raw_no_proj,0.002222158503635714,0.00497533269808042,-0.0027531741944447057
TextVQA_test,191,raw_proj,0.006756635484635615,0.011605187730023682,-0.0048485522453880665
TextVQA_test,191,aligned_no_proj,0.003364031821995223,0.007147839660619337,-0.0037838078386241134
TextVQA_test,191,aligned_proj,0.0010136080698209381,0.0035600717872933778,-0.0025464637174724396
TextVQA_test,192,raw_no_proj,0.003908162980581516,0.012029057078337749,-0.008120894097756234
TextVQA_test,192,raw_proj,0.008171869579367769,0.0160059391777046,-0.007834069598336832
TextVQA_test,192,aligned_no_proj,0.003792668768242095,0.01192560087463996,-0.008132932106397865
TextVQA_test,192,aligned_proj,0.004325230445567293,0.0038344355673895244,0.0004907948781777689
TextVQA_test,193,raw_no_proj,0.12371716375702337,0.08811078083801532,0.03560638291900804
TextVQA_test,193,raw_proj,0.13025627686030852,0.0803307341941609,0.049925542666147626
TextVQA_test,193,aligned_no_proj,0.2225666448152715,0.14420725769960946,0.07835938711566204
TextVQA_test,193,aligned_proj,0.04297273437538044,0.051186627122167136,-0.008213892746786695
TextVQA_test,194,raw_no_proj,0.004222629362530043,0.0027648695016379825,0.0014577598608920602
TextVQA_test,194,raw_proj,0.0033873127236890756,0.0022636739395559685,0.0011236387841331071
TextVQA_test,194,aligned_no_proj,0.005218284821147084,0.005223109748145371,-4.824926998287654e-06
TextVQA_test,194,aligned_proj,0.0020314794860287343,0.0021633559695723274,-0.00013187648354359314
TextVQA_test,195,raw_no_proj,0.00582441671945254,0.0044040098949770625,0.0014204068244754774
TextVQA_test,195,raw_proj,0.0027381944625357725,0.0022625158212741313,0.0004756786412616412
TextVQA_test,195,aligned_no_proj,0.004112813071577789,0.003401720333249313,0.0007110927383284756
TextVQA_test,195,aligned_proj,0.0038035049124664033,0.002986418179980324,0.0008170867324860795
TextVQA_test,196,raw_no_proj,0.008053250459008088,0.0031067347645415593,0.004946515694466529
TextVQA_test,196,raw_proj,0.007400589349774186,0.009509655779450054,-0.0021090664296758675
TextVQA_test,196,aligned_no_proj,0.008332956864582514,0.004670476718763633,0.0036624801458188814
TextVQA_test,196,aligned_proj,0.003076011972133513,0.004111296664092755,-0.001035284691959242
TextVQA_test,197,raw_no_proj,0.01349501074299779,0.029283041091496702,-0.015788030348498912
TextVQA_test,197,raw_proj,0.008349488234809558,0.04029395586344162,-0.03194446762863207
TextVQA_test,197,aligned_no_proj,0.009094226595246842,0.0360975286399237,-0.02700330204467686
TextVQA_test,197,aligned_proj,0.006605350253714178,0.03536829064974059,-0.028762940396026414
TextVQA_test,198,raw_no_proj,0.008899060663927233,0.0013965144964817524,0.007502546167445481
TextVQA_test,198,raw_proj,0.00768338662027404,0.002258357303514922,0.0054250293167591186
TextVQA_test,198,aligned_no_proj,0.006661950457518607,0.0016325522575045786,0.005029398200014029
TextVQA_test,198,aligned_proj,0.012548244439002154,0.003977607208191784,0.00857063723081037
TextVQA_test,199,raw_no_proj,0.0006630371974997334,0.0045202940801641524,-0.003857256882664419
TextVQA_test,199,raw_proj,0.0012075547831951192,0.006852274312660523,-0.005644719529465403
TextVQA_test,199,aligned_no_proj,0.0007230181677417683,0.006481980885684783,-0.005758962717943015
TextVQA_test,199,aligned_proj,0.0006018242680250807,0.0027631173893476763,-0.0021612931213225955
TextVQA_test,200,raw_no_proj,0.009156537902150218,0.01631101937047541,-0.007154481468325192
TextVQA_test,200,raw_proj,0.004719113762150863,0.011528950080048488,-0.006809836317897625
TextVQA_test,200,aligned_no_proj,0.006492038916804916,0.011580794327163867,-0.005088755410358951
TextVQA_test,200,aligned_proj,0.00427089481972516,0.011339219250483385,-0.007068324430758225
TextVQA_test,201,raw_no_proj,0.02307135711522895,0.00896817081894357,0.014103186296285378
TextVQA_test,201,raw_proj,0.009268737367281633,0.0061161089583314215,0.0031526284089502116
TextVQA_test,201,aligned_no_proj,0.022066459925064133,0.01190439130947577,0.010162068615588363
TextVQA_test,201,aligned_proj,0.008586892925702645,0.008673129198309478,-8.623627260683289e-05
TextVQA_test,202,raw_no_proj,0.02687194447260047,0.003627311617484563,0.02324463285511591
TextVQA_test,202,raw_proj,0.009239653049756616,0.00465835561886332,0.004581297430893296
TextVQA_test,202,aligned_no_proj,0.027714909796678164,0.011963161404708326,0.015751748391969838
TextVQA_test,202,aligned_proj,0.01643847685646558,0.006189402622057141,0.010249074234408437
TextVQA_test,203,raw_no_proj,0.0007427449383762429,0.00039663287374984034,0.0003461120646264025
TextVQA_test,203,raw_proj,0.0006146285284937296,0.0007149539102416874,-0.00010032538174795786
TextVQA_test,203,aligned_no_proj,0.0013127673306405744,0.0008425825279409359,0.00047018480269963854
TextVQA_test,203,aligned_proj,0.0007180996607915981,0.0012484015896985156,-0.0005303019289069175
TextVQA_test,204,raw_no_proj,0.0017527721055745327,0.0027346847093472895,-0.0009819126037727568
TextVQA_test,204,raw_proj,0.002102909764630733,0.003441590230584409,-0.001338680465953676
TextVQA_test,204,aligned_no_proj,0.002063232871040886,0.0029829859012560013,-0.0009197530302151153
TextVQA_test,204,aligned_proj,0.002102431690674998,0.002366897063915422,-0.000264465373240424
TextVQA_test,205,raw_no_proj,0.0004680439067880957,0.0002908913918235248,0.0001771525149645709
TextVQA_test,205,raw_proj,0.001888390720702901,0.001445821749651863,0.00044256897105103793
TextVQA_test,205,aligned_no_proj,0.0010154532674696041,0.000602556455445856,0.0004128968120237481
TextVQA_test,205,aligned_proj,0.0009431404441260948,0.0007981913691643944,0.00014494907496170038
TextVQA_test,206,raw_no_proj,0.04059569527240083,0.034441861721385664,0.0061538335510151684
TextVQA_test,206,raw_proj,0.010278222002223038,0.025998161036835398,-0.01571993903461236
TextVQA_test,206,aligned_no_proj,0.04216858539456677,0.04726511050164366,-0.0050965251070768935
TextVQA_test,206,aligned_proj,0.01093623345882063,0.02438597478087552,-0.013449741322054891
TextVQA_test,207,raw_no_proj,0.02474368032032709,0.004052624231593127,0.02069105608873396
TextVQA_test,207,raw_proj,0.01570767336291866,0.007894136828513355,0.007813536534405304
TextVQA_test,207,aligned_no_proj,0.01466229264665684,0.008010658959632566,0.006651633687024273
TextVQA_test,207,aligned_proj,0.019956564845800974,0.014377073267108697,0.005579491578692277
TextVQA_test,208,raw_no_proj,0.005818601039119136,0.0077216044030063245,-0.001903003363887188
TextVQA_test,208,raw_proj,0.0031711828139578315,0.006686671305548047,-0.0035154884915902154
TextVQA_test,208,aligned_no_proj,0.004573359796400953,0.009046965787695083,-0.00447360599129413
TextVQA_test,208,aligned_proj,0.003956535802981372,0.014350397053356584,-0.010393861250375211
TextVQA_test,209,raw_no_proj,0.05530830532813308,0.10220191258282063,-0.04689360725468755
TextVQA_test,209,raw_proj,0.04819592945573162,0.07568335537075668,-0.027487425915025065
TextVQA_test,209,aligned_no_proj,0.0670000143331681,0.08352323718523372,-0.016523222852065617
TextVQA_test,209,aligned_proj,0.05161494255055664,0.093605512598191,-0.04199057004763436
TextVQA_test,210,raw_no_proj,0.03824422353226554,0.023269511859687446,0.014974711672578092
TextVQA_test,210,raw_proj,0.03917278219462774,0.024261341864471205,0.014911440330156536
TextVQA_test,210,aligned_no_proj,0.03153480386896022,0.024804923166900153,0.00672988070206007
TextVQA_test,210,aligned_proj,0.01705817414308647,0.011789572733492142,0.005268601409594327
TextVQA_test,211,raw_no_proj,0.014175251232348137,0.009889677001199745,0.004285574231148392
TextVQA_test,211,raw_proj,0.011210706557466688,0.009169852295672172,0.0020408542617945166
TextVQA_test,211,aligned_no_proj,0.020896799711263698,0.020158790582625558,0.0007380091286381396
TextVQA_test,211,aligned_proj,0.006589305254158854,0.010197234140651396,-0.0036079288864925424
TextVQA_test,212,raw_no_proj,0.0072178672695074565,0.008151687325948807,-0.0009338200564413509
TextVQA_test,212,raw_proj,0.006284829622549631,0.00957937724481529,-0.0032945476222656584
TextVQA_test,212,aligned_no_proj,0.009274298474675502,0.01240836770570428,-0.0031340692310287774
TextVQA_test,212,aligned_proj,0.002388844341417095,0.004654548184037044,-0.002265703842619949
TextVQA_test,213,raw_no_proj,0.0019617116340535905,0.003941000435270266,-0.0019792888012166755
TextVQA_test,213,raw_proj,0.001528511791965116,0.00254260211059541,-0.001014090318630294
TextVQA_test,213,aligned_no_proj,0.0019336001223077537,0.0072824490077098136,-0.00534884888540206
TextVQA_test,213,aligned_proj,0.0006364232013415516,0.0022844825462197543,-0.0016480593448782027
TextVQA_test,214,raw_no_proj,0.0015066656093599199,0.0029759259776263856,-0.0014692603682664657
TextVQA_test,214,raw_proj,0.001786072091450657,0.005098321253864942,-0.0033122491624142853
TextVQA_test,214,aligned_no_proj,0.001744583971590911,0.0046905656201052725,-0.0029459816485143614
TextVQA_test,214,aligned_proj,0.00042879416400841533,0.003442239109197375,-0.0030134449451889593
TextVQA_test,215,raw_no_proj,0.05945898510918639,0.0051189772402223666,0.05434000786896402
TextVQA_test,215,raw_proj,0.03568539072625512,0.0061779417574696315,0.02950744896878549
TextVQA_test,215,aligned_no_proj,0.03273511168348169,0.006878562316310928,0.025856549367170766
TextVQA_test,215,aligned_proj,0.023999917240521453,0.00971544490188923,0.014284472338632222
TextVQA_test,216,raw_no_proj,0.004207474012589799,0.0004984460754154667,0.0037090279371743322
TextVQA_test,216,raw_proj,0.001999343598740193,0.0009077723748933024,0.0010915712238468906
TextVQA_test,216,aligned_no_proj,0.003521981567333581,0.001215262154790681,0.0023067194125429
TextVQA_test,216,aligned_proj,0.006901782624892135,0.003843814422674319,0.003057968202217816
TextVQA_test,217,raw_no_proj,0.026401411828493874,8.297417002384482e-05,0.02631843765847003
TextVQA_test,217,raw_proj,0.007289985179683821,0.00018010113118577449,0.007109884048498047
TextVQA_test,217,aligned_no_proj,0.019572538687289354,0.00019365895514171294,0.019378879732147643
TextVQA_test,217,aligned_proj,0.0063535413958968725,0.0004455058960036448,0.005908035499893227
TextVQA_test,218,raw_no_proj,0.0060325796597499644,0.04747126745173712,-0.04143868779198715
TextVQA_test,218,raw_proj,0.006427972590194944,0.08460304959286785,-0.07817507700267291
TextVQA_test,218,aligned_no_proj,0.006373434462579036,0.06122373344473494,-0.054850298982155904
TextVQA_test,218,aligned_proj,0.004392314100649907,0.08755279555565647,-0.08316048145500655
TextVQA_test,219,raw_no_proj,0.0018439424749183153,0.0013936837365030891,0.00045025873841522614
TextVQA_test,219,raw_proj,0.0019441238703810436,0.0021828228408884757,-0.0002386989705074321
TextVQA_test,219,aligned_no_proj,0.002121533211111593,0.0013992168598480426,0.0007223163512635506
TextVQA_test,219,aligned_proj,0.0012493753211350281,0.00264925950906092,-0.0013998841879258918
TextVQA_test,220,raw_no_proj,0.03565973788421783,0.005626791296075019,0.03003294658814281
TextVQA_test,220,raw_proj,0.017981343611699584,0.007401663874790104,0.01057967973690948
TextVQA_test,220,aligned_no_proj,0.053306968846245806,0.010550365688692045,0.04275660315755376
TextVQA_test,220,aligned_proj,0.02874259146174697,0.016577776487338547,0.012164814974408421
TextVQA_test,221,raw_no_proj,0.0062663000429573745,0.007292353742724336,-0.0010260536997669613
TextVQA_test,221,raw_proj,0.015155003257399512,0.01020504702670121,0.004949956230698301
TextVQA_test,221,aligned_no_proj,0.011699532087895925,0.017218977430189096,-0.005519445342293171
TextVQA_test,221,aligned_proj,0.0034820370256109013,0.004064099555356054,-0.0005820625297451531
TextVQA_test,222,raw_no_proj,0.003088739469266109,0.003532184175482453,-0.00044344470621634395
TextVQA_test,222,raw_proj,0.005026761890264185,0.0039042089255473286,0.001122552964716856
TextVQA_test,222,aligned_no_proj,0.003816504991154798,0.0051414189943385005,-0.0013249140031837024
TextVQA_test,222,aligned_proj,0.0036474092886676105,0.002343327628176391,0.0013040816604912193
TextVQA_test,223,raw_no_proj,0.00035700880794622573,0.002722421548875164,-0.0023654127409289383
TextVQA_test,223,raw_proj,0.00035676383607902845,0.0027495911493943003,-0.002392827313315272
TextVQA_test,223,aligned_no_proj,0.00045830361520946526,0.005068643688301535,-0.00461034007309207
TextVQA_test,223,aligned_proj,0.0001696873353281936,0.0040050944173135854,-0.003835407081985392
TextVQA_test,224,raw_no_proj,0.0020932335951301803,0.0014128750581740696,0.0006803585369561107
TextVQA_test,224,raw_proj,0.003275843361746791,0.0022835934193029947,0.0009922499424437963
TextVQA_test,224,aligned_no_proj,0.0021198772332922428,0.002777619620322672,-0.0006577423870304292
TextVQA_test,224,aligned_proj,0.0010057252172008088,0.002475317190960787,-0.0014695919737599782
TextVQA_test,225,raw_no_proj,0.004936325426437746,0.0022047986816054257,0.0027315267448323206
TextVQA_test,225,raw_proj,0.0028527784407117365,0.002340362090681105,0.0005124163500306316
TextVQA_test,225,aligned_no_proj,0.004613603212308169,0.001692772948246735,0.0029208302640614343
TextVQA_test,225,aligned_proj,0.0034837487315042574,0.0033220861792246474,0.00016166255227960998
TextVQA_test,226,raw_no_proj,0.009456791186899665,0.004517142705995382,0.004939648480904283
TextVQA_test,226,raw_proj,0.011297762237330063,0.007069689567818245,0.004228072669511818
TextVQA_test,226,aligned_no_proj,0.01385169570840659,0.008312938747598362,0.005538756960808227
TextVQA_test,226,aligned_proj,0.020686602888948226,0.01998378506694678,0.0007028178220014475
TextVQA_test,227,raw_no_proj,0.0010901630606174402,0.0001741117485100129,0.0009160513121074273
TextVQA_test,227,raw_proj,0.002072189813577512,0.0014809745297418718,0.0005912152838356403
TextVQA_test,227,aligned_no_proj,0.0017470076749119053,0.0007773358553255261,0.0009696718195863792
TextVQA_test,227,aligned_proj,0.0006937992241665,0.0009367764141065478,-0.00024297718994004786
TextVQA_test,228,raw_no_proj,0.0020988273152202663,0.000575121765929901,0.0015237055492903651
TextVQA_test,228,raw_proj,0.001648021189614521,0.0014962926563204374,0.00015172853329408365
TextVQA_test,228,aligned_no_proj,0.0015814766508677885,0.0010807827327378302,0.0005006939181299583
TextVQA_test,228,aligned_proj,0.0014670038714994595,0.0013985813225884203,6.842254891103929e-05
TextVQA_test,229,raw_no_proj,0.0026261375163343084,0.0017888664770380216,0.0008372710392962868
TextVQA_test,229,raw_proj,0.002813904143550775,0.0019800384919891234,0.0008338656515616515
TextVQA_test,229,aligned_no_proj,0.002300982493854228,0.0019491248137754017,0.0003518576800788263
TextVQA_test,229,aligned_proj,0.001633940544414591,0.0012109589782479807,0.00042298156616661035
TextVQA_test,230,raw_no_proj,0.00624110801249472,0.01881973814498316,-0.01257863013248844
TextVQA_test,230,raw_proj,0.006185522533400445,0.023034122213709783,-0.01684859968030934
TextVQA_test,230,aligned_no_proj,0.007425419238268248,0.01773634210071992,-0.010310922862451673
TextVQA_test,230,aligned_proj,0.0022143052573763123,0.013150175006974523,-0.01093586974959821
TextVQA_test,231,raw_no_proj,0.04935774349206227,0.025306755839375052,0.024050987652687216
TextVQA_test,231,raw_proj,0.07133977914046963,0.06257216297272548,0.008767616167744144
TextVQA_test,231,aligned_no_proj,0.06454804952223389,0.03217438883179868,0.032373660690435214
TextVQA_test,231,aligned_proj,0.015500686503505794,0.02025130476567337,-0.004750618262167576
TextVQA_test,232,raw_no_proj,0.002115237414406627,0.001438940563647148,0.000676296850759479
TextVQA_test,232,raw_proj,0.007482211748725698,0.005678833614159669,0.001803378134566029
TextVQA_test,232,aligned_no_proj,0.0029271894564484075,0.0017816634086294772,0.0011455260478189302
TextVQA_test,232,aligned_proj,0.004140917371397448,0.003078648019952244,0.0010622693514452043
TextVQA_test,233,raw_no_proj,0.024240534701134433,0.003807388919509158,0.020433145781625275
TextVQA_test,233,raw_proj,0.009789226040776637,0.004771575723867863,0.005017650316908774
TextVQA_test,233,aligned_no_proj,0.020109059030056543,0.006810716566863763,0.01329834246319278
TextVQA_test,233,aligned_proj,0.019185929358264735,0.0060937509159029405,0.013092178442361794
TextVQA_test,234,raw_no_proj,0.005746724947347793,0.004268431280925451,0.001478293666422342
TextVQA_test,234,raw_proj,0.0035480670914998552,0.004614662801660074,-0.0010665957101602184
TextVQA_test,234,aligned_no_proj,0.002834135036729073,0.0022142752869995946,0.0006198597497294785
TextVQA_test,234,aligned_proj,0.003830523166625976,0.004294124481918638,-0.00046360131529266145
TextVQA_test,235,raw_no_proj,0.011092344167860096,0.004804228001845605,0.006288116166014491
TextVQA_test,235,raw_proj,0.012150029007834136,0.007191892582085964,0.004958136425748172
TextVQA_test,235,aligned_no_proj,0.014098983951139659,0.006375640329642098,0.0077233436214975614
TextVQA_test,235,aligned_proj,0.0087678971853354,0.004878121082951967,0.0038897761023834326
TextVQA_test,236,raw_no_proj,0.012851314130760532,0.005480172173877774,0.007371141956882757
TextVQA_test,236,raw_proj,0.013696444768028617,0.009417402297269221,0.004279042470759395
TextVQA_test,236,aligned_no_proj,0.009190011432812853,0.008447017102972383,0.0007429943298404695
TextVQA_test,236,aligned_proj,0.004068589547394893,0.0024732813028319873,0.001595308244562906
TextVQA_test,237,raw_no_proj,0.004402555960861011,0.007342195477491778,-0.0029396395166307668
TextVQA_test,237,raw_proj,0.00771149034949952,0.00919516155801006,-0.0014836712085105402
TextVQA_test,237,aligned_no_proj,0.006015352539762326,0.012904906436450127,-0.006889553896687801
TextVQA_test,237,aligned_proj,0.00420706643731613,0.005016485200712346,-0.0008094187633962161
TextVQA_test,238,raw_no_proj,0.0006112075454284523,0.0008152847653336687,-0.00020407721990521642
TextVQA_test,238,raw_proj,0.00144051252358001,0.0022333795493095373,-0.0007928670257295273
TextVQA_test,238,aligned_no_proj,0.0020209222821675806,0.0025229313172373978,-0.0005020090350698172
TextVQA_test,238,aligned_proj,0.0007261966350938366,0.0010264327882537321,-0.0003002361531598955
TextVQA_test,239,raw_no_proj,0.05726135271979088,0.12359121238421578,-0.0663298596644249
TextVQA_test,239,raw_proj,0.042626547573487134,0.15671831044597392,-0.11409176287248679
TextVQA_test,239,aligned_no_proj,0.04905978032548095,0.14074545664316318,-0.09168567631768224
TextVQA_test,239,aligned_proj,0.02732189722678318,0.18492405087529978,-0.1576021536485166
TextVQA_test,240,raw_no_proj,0.007664718050602992,0.003136528729016279,0.004528189321586713
TextVQA_test,240,raw_proj,0.008426559902556257,0.0037084522462347475,0.00471810765632151
TextVQA_test,240,aligned_no_proj,0.0069970223623679354,0.0032508354830244686,0.003746186879343467
TextVQA_test,240,aligned_proj,0.010360454663440781,0.005547297624914738,0.004813157038526044
TextVQA_test,241,raw_no_proj,0.00801741886896664,0.003002797837724033,0.005014621031242607
TextVQA_test,241,raw_proj,0.007235629909956987,0.0015143287984579154,0.005721301111499072
TextVQA_test,241,aligned_no_proj,0.011357618727734942,0.004865143067251433,0.006492475660483508
TextVQA_test,241,aligned_proj,0.003017381239660303,0.0019839487377942173,0.0010334325018660855
TextVQA_test,242,raw_no_proj,0.5204344723517125,0.2845902128414631,0.2358442595102494
TextVQA_test,242,raw_proj,0.35625417085274236,0.33567783997720857,0.020576330875533788
TextVQA_test,242,aligned_no_proj,0.5278412529935038,0.4656911483232829,0.06215010467022092
TextVQA_test,242,aligned_proj,0.2111949494035386,0.22822949196470155,-0.017034542561162935
TextVQA_test,243,raw_no_proj,0.0002494412862096823,0.0002814548857976916,-3.2013599588009295e-05
TextVQA_test,243,raw_proj,0.0005024655504823053,0.0007916513661553605,-0.0002891858156730552
TextVQA_test,243,aligned_no_proj,0.0001964952749930322,0.0004517550787094828,-0.0002552598037164506
TextVQA_test,243,aligned_proj,0.0008622600538371969,0.0017336354341925904,-0.0008713753803553935
TextVQA_test,244,raw_no_proj,0.00592136888166372,0.001283106704541125,0.004638262177122595
TextVQA_test,244,raw_proj,0.00833311255990359,0.0018331748093001882,0.006499937750603402
TextVQA_test,244,aligned_no_proj,0.008234309960357662,0.002395789797828999,0.005838520162528662
TextVQA_test,244,aligned_proj,0.011379856576748386,0.0029354157415536924,0.008444440835194694
TextVQA_test,245,raw_no_proj,0.003858932306780146,0.0070670184396389385,-0.0032080861328587927
TextVQA_test,245,raw_proj,0.003985779856472018,0.007771488576344703,-0.0037857087198726845
TextVQA_test,245,aligned_no_proj,0.003127241506941146,0.011525532764493165,-0.008398291257552018
TextVQA_test,245,aligned_proj,0.0021231858563134404,0.007031785010363203,-0.004908599154049762
TextVQA_test,246,raw_no_proj,0.2417381990736442,0.12274261753510336,0.11899558153854083
TextVQA_test,246,raw_proj,0.2923211374652746,0.15505433874494004,0.13726679872033457
TextVQA_test,246,aligned_no_proj,0.27997905769686887,0.1425349943076488,0.13744406338922008
TextVQA_test,246,aligned_proj,0.08208740346841607,0.042846185380210705,0.03924121808820537
TextVQA_test,247,raw_no_proj,0.03952753207977347,0.014541206037018362,0.024986326042755108
TextVQA_test,247,raw_proj,0.028640696172498897,0.01286227741626044,0.015778418756238456
TextVQA_test,247,aligned_no_proj,0.07555204793644923,0.028776418777391597,0.04677562915905764
TextVQA_test,247,aligned_proj,0.012369368001129536,0.010303848242247511,0.002065519758882025
TextVQA_test,248,raw_no_proj,0.015746230272383102,0.03814978349421344,-0.02240355322183034
TextVQA_test,248,raw_proj,0.018084984401936274,0.08426600856877652,-0.06618102416684024
TextVQA_test,248,aligned_no_proj,0.028218719740787004,0.07794727174915939,-0.04972855200837238
TextVQA_test,248,aligned_proj,0.021827936414618682,0.08430245981496191,-0.062474523400343235
TextVQA_test,249,raw_no_proj,0.016703919239787104,0.013857573790077146,0.0028463454497099586
TextVQA_test,249,raw_proj,0.010988215651713968,0.004171283784582875,0.0068169318671310935
TextVQA_test,249,aligned_no_proj,0.02079006795340669,0.01689077276367083,0.0038992951897358595
TextVQA_test,249,aligned_proj,0.010146052355915152,0.006338517026799293,0.0038075353291158595
TextVQA_test,250,raw_no_proj,0.004189122515611773,0.0028365566095469945,0.0013525659060647783
TextVQA_test,250,raw_proj,0.003930251777414973,0.0041344937895788254,-0.0002042420121638527
TextVQA_test,250,aligned_no_proj,0.003944529609112914,0.004426205314213142,-0.0004816757051002282
TextVQA_test,250,aligned_proj,0.003909379298597708,0.0045653024089950915,-0.0006559231103973832
TextVQA_test,251,raw_no_proj,0.014189096570247438,0.013345644301821988,0.00084345226842545
TextVQA_test,251,raw_proj,0.004275806437569871,0.004098796537882049,0.00017700989968782218
TextVQA_test,251,aligned_no_proj,0.009346866219031538,0.01099994050050793,-0.0016530742814763917
TextVQA_test,251,aligned_proj,0.006425101353085268,0.007890292557209466,-0.0014651912041241978
TextVQA_test,252,raw_no_proj,0.053267779072457694,0.027150865011651964,0.02611691406080573
TextVQA_test,252,raw_proj,0.06239837536153256,0.01924839226148203,0.043149983100050526
TextVQA_test,252,aligned_no_proj,0.0749681398250701,0.05211688042372937,0.02285125940134073
TextVQA_test,252,aligned_proj,0.07511178875408765,0.02565805012471674,0.049453738629370914
TextVQA_test,253,raw_no_proj,0.002982768249008352,0.0031104841839936967,-0.00012771593498534482
TextVQA_test,253,raw_proj,0.003380574913952693,0.0063613779093782945,-0.0029808029954256016
TextVQA_test,253,aligned_no_proj,0.0018448072000367332,0.003585464225105916,-0.001740657025069183
TextVQA_test,253,aligned_proj,0.0028171593205778243,0.00687317166524691,-0.004056012344669085
TextVQA_test,254,raw_no_proj,0.003980841470049467,0.0010338823876432424,0.0029469590824062245
TextVQA_test,254,raw_proj,0.0022879304449065826,0.0028704886712585032,-0.0005825582263519207
TextVQA_test,254,aligned_no_proj,0.003948292746967651,0.0036693339334839007,0.00027895881348375014
TextVQA_test,254,aligned_proj,0.0051213357684800195,0.004433749559191734,0.0006875862092882859
TextVQA_test,255,raw_no_proj,0.002315752232550133,0.0014733261883012217,0.0008424260442489115
TextVQA_test,255,raw_proj,0.006744215264964925,0.01174266717769162,-0.0049984519127266955
TextVQA_test,255,aligned_no_proj,0.004535149696787324,0.004484735626379436,5.041407040788735e-05
TextVQA_test,255,aligned_proj,0.004542021417578912,0.006714703245461179,-0.002172681827882267
TextVQA_test,256,raw_no_proj,0.0031864536043604195,0.0016988974334174632,0.0014875561709429563
TextVQA_test,256,raw_proj,0.015440124543274071,0.010313773719327029,0.0051263508239470425
TextVQA_test,256,aligned_no_proj,0.004980411312888083,0.0024437205766171754,0.002536690736270908
TextVQA_test,256,aligned_proj,0.0036453429230238433,0.0026080123430079058,0.0010373305800159376
TextVQA_test,257,raw_no_proj,0.06096157073726114,0.059915818485779905,0.0010457522514812356
TextVQA_test,257,raw_proj,0.026714905262487928,0.04041298454674844,-0.01369807928426051
TextVQA_test,257,aligned_no_proj,0.07609882619596152,0.06909468289187333,0.0070041433040881895
TextVQA_test,257,aligned_proj,0.013767413709866259,0.02127078873606471,-0.007503375026198453
TextVQA_test,258,raw_no_proj,0.01386175897619327,0.03152930806888691,-0.01766754909269364
TextVQA_test,258,raw_proj,0.01545580163911785,0.031261979789997556,-0.015806178150879705
TextVQA_test,258,aligned_no_proj,0.012715536345447044,0.022524976320942428,-0.009809439975495384
TextVQA_test,258,aligned_proj,0.005398927665735025,0.011406299858414687,-0.006007372192679662
TextVQA_test,259,raw_no_proj,0.004220913237936027,0.008916098470947247,-0.00469518523301122
TextVQA_test,259,raw_proj,0.010509438718144817,0.01121460979614232,-0.0007051710779975035
TextVQA_test,259,aligned_no_proj,0.006364359485824715,0.010490113198642336,-0.004125753712817621
TextVQA_test,259,aligned_proj,0.004447713691003576,0.007298615720973069,-0.002850902029969493
TextVQA_test,260,raw_no_proj,0.0022474404303989195,0.0017985466917648664,0.00044889373863405313
TextVQA_test,260,raw_proj,0.012215955213319406,0.007839462300774203,0.0043764929125452035
TextVQA_test,260,aligned_no_proj,0.004297507714347046,0.003143637614638723,0.0011538700997083227
TextVQA_test,260,aligned_proj,0.003648602121810347,0.0032577958158502705,0.00039080630596007634
TextVQA_test,261,raw_no_proj,0.0003580981386826499,0.007284154536223789,-0.006926056397541139
TextVQA_test,261,raw_proj,0.0009630443856892668,0.014208992194799888,-0.013245947809110621
TextVQA_test,261,aligned_no_proj,0.0005584462268195988,0.008491218296512174,-0.007932772069692576
TextVQA_test,261,aligned_proj,0.0005732761879021385,0.004568254165219649,-0.00399497797731751
TextVQA_test,262,raw_no_proj,0.018106323036594346,0.018596046305525762,-0.0004897232689314163
TextVQA_test,262,raw_proj,0.01717297479878693,0.01719007753538179,-1.7102736594859502e-05
TextVQA_test,262,aligned_no_proj,0.03829754609239726,0.03453498756755473,0.0037625585248425297
TextVQA_test,262,aligned_proj,0.03806581643041014,0.014120281376916838,0.023945535053493304
TextVQA_test,263,raw_no_proj,0.0012096628354090453,0.0009000922557094679,0.0003095705796995774
TextVQA_test,263,raw_proj,0.0017253733997476936,0.003609227676385906,-0.0018838542766382125
TextVQA_test,263,aligned_no_proj,0.0025902876044095933,0.0016955216827413612,0.000894765921668232
TextVQA_test,263,aligned_proj,0.0008704494243051126,0.0029620558638155797,-0.0020916064395104673
TextVQA_test,264,raw_no_proj,0.014349383431089897,0.0004467197231380555,0.01390266370795184
TextVQA_test,264,raw_proj,0.012025656007727195,0.001588466904738197,0.010437189102988997
TextVQA_test,264,aligned_no_proj,0.014406224259235975,0.0011513530560940837,0.013254871203141892
TextVQA_test,264,aligned_proj,0.010601087697317414,0.0020073603204055976,0.008593727376911817
TextVQA_test,265,raw_no_proj,0.07494964205658781,0.026036076445647486,0.04891356561094033
TextVQA_test,265,raw_proj,0.06331677668590856,0.0375163067562223,0.025800469929686258
TextVQA_test,265,aligned_no_proj,0.04437883314635259,0.044028523289038224,0.00035030985731436537
TextVQA_test,265,aligned_proj,0.035255609229163855,0.019542731665409003,0.015712877563754852
TextVQA_test,266,raw_no_proj,0.013429700455482673,0.006477771962297597,0.0069519284931850766
TextVQA_test,266,raw_proj,0.014582956355628573,0.009750552293059284,0.0048324040625692885
TextVQA_test,266,aligned_no_proj,0.01410549275900491,0.01025031878372513,0.0038551739752797805
TextVQA_test,266,aligned_proj,0.020222462923210324,0.021380075963422777,-0.0011576130402124532
TextVQA_test,267,raw_no_proj,0.036800169468450356,0.044082856615427594,-0.007282687146977239
TextVQA_test,267,raw_proj,0.03193029264255003,0.05140760793207664,-0.019477315289526606
TextVQA_test,267,aligned_no_proj,0.03953088178285241,0.03574642295917675,0.00378445882367566
TextVQA_test,267,aligned_proj,0.01634480795564848,0.02020341756871646,-0.0038586096130679808
TextVQA_test,268,raw_no_proj,0.0025413636513280683,0.0026519988857485787,-0.00011063523442051033
TextVQA_test,268,raw_proj,0.003995097769542094,0.003299720769749817,0.0006953769997922765
TextVQA_test,268,aligned_no_proj,0.0023249234722661164,0.0030685035408896206,-0.0007435800686235042
TextVQA_test,268,aligned_proj,0.0030437481379540277,0.004463380377258539,-0.0014196322393045112
TextVQA_test,269,raw_no_proj,0.016093300790423364,0.004280562476067904,0.01181273831435546
TextVQA_test,269,raw_proj,0.008789947450296197,0.00561652376843202,0.003173423681864177
TextVQA_test,269,aligned_no_proj,0.010090981591138285,0.002838220520270041,0.0072527610708682435
TextVQA_test,269,aligned_proj,0.005178487608203576,0.0034794504323641816,0.0016990371758393943
TextVQA_test,270,raw_no_proj,0.006553247445561383,0.007829183046335933,-0.0012759356007745505
TextVQA_test,270,raw_proj,0.013370861216771857,0.030564788859871843,-0.017193927643099988
TextVQA_test,270,aligned_no_proj,0.010108668845455821,0.012673086274720916,-0.002564417429265095
TextVQA_test,270,aligned_proj,0.007236105573359652,0.02222202525551949,-0.01498591968215984
TextVQA_test,271,raw_no_proj,0.003465527085551446,0.003473377177703789,-7.850092152342832e-06
TextVQA_test,271,raw_proj,0.002592435747107489,0.0022146188960366032,0.00037781685107088564
TextVQA_test,271,aligned_no_proj,0.004841673822706844,0.005020983413429978,-0.00017930959072313436
TextVQA_test,271,aligned_proj,0.0013963203301257702,0.0029358554385017733,-0.0015395351083760031
TextVQA_test,272,raw_no_proj,0.002140515701086936,0.002123601506480622,1.6914194606313954e-05
TextVQA_test,272,raw_proj,0.0026217952262100252,0.0023912892211661067,0.00023050600504391852
TextVQA_test,272,aligned_no_proj,0.0026622264004548973,0.0035814840502438237,-0.0009192576497889264
TextVQA_test,272,aligned_proj,0.002276515154562169,0.0053555621930607865,-0.0030790470384986176
TextVQA_test,273,raw_no_proj,0.013737137309326504,0.14041712963897535,-0.12667999232964886
TextVQA_test,273,raw_proj,0.008399511791937554,0.10510383830224973,-0.09670432651031217
TextVQA_test,273,aligned_no_proj,0.016905284976141154,0.13586560774360779,-0.11896032276746663
TextVQA_test,273,aligned_proj,0.005296208700326056,0.17058012448081675,-0.1652839157804907
TextVQA_test,274,raw_no_proj,0.0028951376948143934,0.011213455700532908,-0.008318318005718514
TextVQA_test,274,raw_proj,0.01041766498086658,0.028176987772337146,-0.017759322791470564
TextVQA_test,274,aligned_no_proj,0.003246791353979883,0.012898131303574579,-0.009651339949594696
TextVQA_test,274,aligned_proj,0.004407081079972407,0.012565321174994462,-0.008158240095022055
TextVQA_test,275,raw_no_proj,0.007886732697167219,0.001169829315445403,0.006716903381721815
TextVQA_test,275,raw_proj,0.007068981686755309,0.002473396307106402,0.004595585379648907
TextVQA_test,275,aligned_no_proj,0.008192291810941056,0.0024443555260038143,0.005747936284937243
TextVQA_test,275,aligned_proj,0.0021599457915448734,0.001449174151955072,0.0007107716395898015
TextVQA_test,276,raw_no_proj,0.005011882033424344,0.004848707710121298,0.00016317432330304523
TextVQA_test,276,raw_proj,0.003301047818125758,0.0038107124441430435,-0.0005096646260172853
TextVQA_test,276,aligned_no_proj,0.0040757537198142105,0.0048693485951809634,-0.0007935948753667529
TextVQA_test,276,aligned_proj,0.004692152852022526,0.005875818550164026,-0.0011836656981414999
TextVQA_test,277,raw_no_proj,0.00018901118577437684,5.2894191927573754e-05,0.00013611699384680307
TextVQA_test,277,raw_proj,0.0005923294824857796,0.0001892023752741055,0.0004031271072116741
TextVQA_test,277,aligned_no_proj,0.0002894607056034306,0.00011892837387122899,0.00017053233173220164
TextVQA_test,277,aligned_proj,0.00017409924961728514,9.226429161360125e-05,8.183495800368389e-05
TextVQA_test,278,raw_no_proj,0.003905637697167844,0.002384110323512438,0.001521527373655406
TextVQA_test,278,raw_proj,0.00173896996561871,0.0009479851494954535,0.0007909848161232564
TextVQA_test,278,aligned_no_proj,0.0027535240404824453,0.0020225562729119452,0.0007309677675705001
TextVQA_test,278,aligned_proj,0.002722454845142939,0.0013204694833633742,0.001401985361779565
TextVQA_test,279,raw_no_proj,0.0017822119593238275,0.0007372036794485288,0.0010450082798752988
TextVQA_test,279,raw_proj,0.001615923973988701,0.0014548779390523056,0.00016104603493639533
TextVQA_test,279,aligned_no_proj,0.002618519811277107,0.002080312338278981,0.0005382074729981257
TextVQA_test,279,aligned_proj,0.002221051595802143,0.00275100797807506,-0.0005299563822729171
TextVQA_test,280,raw_no_proj,0.001608044104078101,0.0010506095744964995,0.0005574345295816015
TextVQA_test,280,raw_proj,0.002553950098840926,0.0025131942102908883,4.075588855003776e-05
TextVQA_test,280,aligned_no_proj,0.0021430065002930603,0.0016494385584468751,0.0004935679418461851
TextVQA_test,280,aligned_proj,0.0006874114464818284,0.0005779006257673042,0.00010951082071452417
TextVQA_test,281,raw_no_proj,0.0023787666537896986,0.0006623615128384926,0.001716405140951206
TextVQA_test,281,raw_proj,0.0032077891531298204,0.001269089758166205,0.0019386993949636153
TextVQA_test,281,aligned_no_proj,0.005991334268796338,0.001667259866706033,0.004324074402090304
TextVQA_test,281,aligned_proj,0.003555196563409424,0.0014513245761227959,0.0021038719872866285
TextVQA_test,282,raw_no_proj,0.00665351424976813,0.002183777716632263,0.004469736533135867
TextVQA_test,282,raw_proj,0.0074495574496084415,0.004148088155334706,0.003301469294273735
TextVQA_test,282,aligned_no_proj,0.009264738725863678,0.00491194699325484,0.004352791732608838
TextVQA_test,282,aligned_proj,0.013317464941785073,0.007726828240863745,0.005590636700921328
TextVQA_test,283,raw_no_proj,0.0006377566341685095,0.0006834046009227606,-4.5647966754251094e-05
TextVQA_test,283,raw_proj,0.0006920414288581201,0.0012194238355381457,-0.0005273824066800256
TextVQA_test,283,aligned_no_proj,0.0005755228793121047,0.0012339978127440202,-0.0006584749334319156
TextVQA_test,283,aligned_proj,0.0007507378821845585,0.001406489697514131,-0.0006557518153295725
TextVQA_test,284,raw_no_proj,0.01908091283242521,0.011477483794233297,0.007603429038191913
TextVQA_test,284,raw_proj,0.018210767201344197,0.03031319911622889,-0.012102431914884693
TextVQA_test,284,aligned_no_proj,0.022713533338357746,0.011027459906663118,0.011686073431694628
TextVQA_test,284,aligned_proj,0.005805151624021955,0.008240876503914139,-0.0024357248798921836
TextVQA_test,285,raw_no_proj,0.11344068806213013,0.026949111691847792,0.08649157637028235
TextVQA_test,285,raw_proj,0.07032688059677672,0.030153590221638816,0.04017329037513791
TextVQA_test,285,aligned_no_proj,0.08822448750906255,0.03226105654820825,0.055963430960854293
TextVQA_test,285,aligned_proj,0.029821027625104864,0.014408608549061005,0.015412419076043859
TextVQA_test,286,raw_no_proj,0.0015134480321590028,0.0011871128770538882,0.0003263351551051146
TextVQA_test,286,raw_proj,0.0030431225646056314,0.004605310339166646,-0.0015621877745610143
TextVQA_test,286,aligned_no_proj,0.0021839221190985353,0.0032871581487286137,-0.0011032360296300784
TextVQA_test,286,aligned_proj,0.0016183092298646129,0.003628878724131129,-0.002010569494266516
TextVQA_test,287,raw_no_proj,0.0011217734869284045,0.00033759292938104023,0.0007841805575473642
TextVQA_test,287,raw_proj,0.0027020145878097045,0.0010296198264401492,0.0016723947613695553
TextVQA_test,287,aligned_no_proj,0.002026879111973791,0.0004999954743329226,0.0015268836376408684
TextVQA_test,287,aligned_proj,0.0015899219171437709,0.0004848071147378164,0.0011051148024059545
TextVQA_test,288,raw_no_proj,0.001333294611192437,0.0012556272162535047,7.766739493893227e-05
TextVQA_test,288,raw_proj,0.0014236188150662792,0.003179627814218949,-0.00175600899915267
TextVQA_test,288,aligned_no_proj,0.002349909582932546,0.003748329821520234,-0.0013984202385876883
TextVQA_test,288,aligned_proj,0.000725080121882223,0.005481166821383068,-0.004756086699500846
TextVQA_test,289,raw_no_proj,0.017661735856161914,0.013083134230997405,0.0045786016251645086
TextVQA_test,289,raw_proj,0.02366451681040782,0.015315494166907273,0.008349022643500547
TextVQA_test,289,aligned_no_proj,0.018525462205621776,0.016085022050958714,0.002440440154663062
TextVQA_test,289,aligned_proj,0.006670951449353569,0.0046963903254446755,0.0019745611239088932
TextVQA_test,290,raw_no_proj,0.08718547602638307,0.0005456451079962091,0.08663983091838687
TextVQA_test,290,raw_proj,0.028787554475031125,0.0009792265432990522,0.027808327931732074
TextVQA_test,290,aligned_no_proj,0.04916214392745779,0.0014166613881959052,0.047745482539261884
TextVQA_test,290,aligned_proj,0.014658194151115075,0.0011773397361270555,0.01348085441498802
TextVQA_test,291,raw_no_proj,0.0024418164729362014,0.0008431999280923314,0.0015986165448438699
TextVQA_test,291,raw_proj,0.004010945608701534,0.003532077107721526,0.00047886850098000783
TextVQA_test,291,aligned_no_proj,0.0027901876277077894,0.0013252906672021,0.0014648969605056893
TextVQA_test,291,aligned_proj,0.0014980518042889781,0.0023745475725992344,-0.0008764957683102563
TextVQA_test,292,raw_no_proj,0.006877128351173577,0.0032011054674153695,0.0036760228837582074
TextVQA_test,292,raw_proj,0.002172015843176193,0.000835071402459929,0.0013369444407162641
TextVQA_test,292,aligned_no_proj,0.004124805163556138,0.0018642097188501688,0.002260595444705969
TextVQA_test,292,aligned_proj,0.0017867541524776212,0.0007312290865550395,0.0010555250659225817
TextVQA_test,293,raw_no_proj,0.0052608384649536375,0.00305508983723694,0.0022057486277166976
TextVQA_test,293,raw_proj,0.004011645592641331,0.008586572308525862,-0.0045749267158845305
TextVQA_test,293,aligned_no_proj,0.005707712744159403,0.0049981997930968625,0.0007095129510625402
TextVQA_test,293,aligned_proj,0.0014443065948737328,0.004198977343730801,-0.0027546707488570682
TextVQA_test,294,raw_no_proj,0.00214140349775754,0.010669762868879268,-0.008528359371121728
TextVQA_test,294,raw_proj,0.0023224696746899577,0.015044814489794485,-0.012722344815104527
TextVQA_test,294,aligned_no_proj,0.003392380919349844,0.01811832658017568,-0.014725945660825836
TextVQA_test,294,aligned_proj,0.0030213950193914408,0.016926007339078463,-0.013904612319687022
TextVQA_test,295,raw_no_proj,0.008462173888850382,0.002025103664267832,0.00643707022458255
TextVQA_test,295,raw_proj,0.007153651884726445,0.003816952131201377,0.003336699753525068
TextVQA_test,295,aligned_no_proj,0.012399021933254558,0.003122149201311743,0.009276872731942816
TextVQA_test,295,aligned_proj,0.0051805130342821885,0.0028903902793664398,0.0022901227549157487
TextVQA_test,296,raw_no_proj,0.01913657993493248,0.04172283614678695,-0.02258625621185447
TextVQA_test,296,raw_proj,0.011064869822299742,0.07445200503371191,-0.06338713521141216
TextVQA_test,296,aligned_no_proj,0.01558655279254545,0.07968846880910552,-0.06410191601656007
TextVQA_test,296,aligned_proj,0.009859097713600147,0.10021072661328759,-0.09035162889968744
TextVQA_test,297,raw_no_proj,0.0021054945763706936,0.000622911025985153,0.0014825835503855405
TextVQA_test,297,raw_proj,0.002311303536784781,0.0010068430247425343,0.0013044605120422466
TextVQA_test,297,aligned_no_proj,0.0030239167812054555,0.0019096115804058975,0.001114305200799558
TextVQA_test,297,aligned_proj,0.0019852605874413026,0.0011400608223754028,0.0008451997650658998
TextVQA_test,298,raw_no_proj,0.0010122495014085766,0.007233451618156537,-0.006221202116747961
TextVQA_test,298,raw_proj,0.002498606809605599,0.011152640487339516,-0.008654033677733916
TextVQA_test,298,aligned_no_proj,0.001872353973165729,0.014646408562598204,-0.012774054589432475
TextVQA_test,298,aligned_proj,0.001027429726629407,0.007054232561948592,-0.006026802835319185
TextVQA_test,299,raw_no_proj,0.01235483335817041,0.0034088096449815817,0.008946023713188828
TextVQA_test,299,raw_proj,0.011092832632923579,0.0030725681017061933,0.008020264531217385
TextVQA_test,299,aligned_no_proj,0.019461687033592318,0.0039752141897319345,0.015486472843860384
TextVQA_test,299,aligned_proj,0.009211888715451932,0.002119200766052718,0.007092687949399214
TextVQA_test,300,raw_no_proj,0.004673629977830937,0.0022312396595249007,0.0024423903183060365
TextVQA_test,300,raw_proj,0.015071082405213517,0.0049078781430123165,0.0101632042622012
TextVQA_test,300,aligned_no_proj,0.006025753033212139,0.0027966772290924304,0.0032290758041197084
TextVQA_test,300,aligned_proj,0.00431922806364643,0.0021466325570383272,0.0021725955066081025
TextVQA_test,301,raw_no_proj,0.054612609660323275,0.09709281202615072,-0.042480202365827446
TextVQA_test,301,raw_proj,0.020506775428596635,0.1555858510839298,-0.13507907565533317
TextVQA_test,301,aligned_no_proj,0.04642603711874516,0.20941182547744935,-0.1629857883587042
TextVQA_test,301,aligned_proj,0.027976093617718335,0.16072790931426037,-0.13275181569654204
TextVQA_test,302,raw_no_proj,0.00850789425430447,0.00016903368301527234,0.008338860571289198
TextVQA_test,302,raw_proj,0.006207770016226496,0.00037090851875566796,0.005836861497470828
TextVQA_test,302,aligned_no_proj,0.0045360338636747264,0.00043739065884358403,0.004098643204831142
TextVQA_test,302,aligned_proj,0.005458350629843904,0.0006689374679123021,0.004789413161931602
TextVQA_test,303,raw_no_proj,0.0011447101458629432,0.0011724553458989473,-2.7745200036004064e-05
TextVQA_test,303,raw_proj,0.0007787733933636907,0.001974288781344572,-0.0011955153879808817
TextVQA_test,303,aligned_no_proj,0.0015188100971681982,0.0030925083404075033,-0.0015736982432393051
TextVQA_test,303,aligned_proj,0.0009419470726596164,0.0023566801402565463,-0.0014147330675969298
TextVQA_test,304,raw_no_proj,0.0001718959521109069,0.0005055472980342024,-0.00033365134592329556
TextVQA_test,304,raw_proj,0.0009171138478485249,0.0023041420560225515,-0.0013870282081740266
TextVQA_test,304,aligned_no_proj,0.00026602397325012226,0.0005530248779320315,-0.00028700090468190923
TextVQA_test,304,aligned_proj,0.0008931646310549405,0.0010275805915609128,-0.00013441596050597232
TextVQA_test,305,raw_no_proj,0.16007594741720407,0.2809046674128664,-0.12082871999566233
TextVQA_test,305,raw_proj,0.1931714555816026,0.2949199718482142,-0.10174851626661163
TextVQA_test,305,aligned_no_proj,0.15554755329563022,0.2626844104369284,-0.1071368571412982
TextVQA_test,305,aligned_proj,0.09299555648073679,0.12358885142716707,-0.030593294946430274
TextVQA_test,306,raw_no_proj,0.001697993474647971,0.0018040826018230899,-0.00010608912717511893
TextVQA_test,306,raw_proj,0.008412918795674934,0.01267473814837705,-0.004261819352702116
TextVQA_test,306,aligned_no_proj,0.0025761832642508162,0.002792291695660311,-0.00021610843140949495
TextVQA_test,306,aligned_proj,0.0038854021592368664,0.0033688009804784718,0.0005166011787583946
TextVQA_test,307,raw_no_proj,0.0036700575652642764,0.0021499196575374595,0.0015201379077268169
TextVQA_test,307,raw_proj,0.0051113143763939425,0.0076618279701626,-0.0025505135937686574
TextVQA_test,307,aligned_no_proj,0.004296537493371644,0.0028056331066445453,0.001490904386727099
TextVQA_test,307,aligned_proj,0.0021292219734934145,0.006164667870542825,-0.004035445897049411
TextVQA_test,308,raw_no_proj,0.007187513792379824,0.0008679141054318407,0.006319599686947983
TextVQA_test,308,raw_proj,0.014243860366565945,0.0036616263064917615,0.010582234060074183
TextVQA_test,308,aligned_no_proj,0.008777215686784768,0.002698331838237324,0.0060788838485474435
TextVQA_test,308,aligned_proj,0.00805056131934972,0.004257184826362727,0.0037933764929869926
TextVQA_test,309,raw_no_proj,0.051313919245322796,0.0002725310483362546,0.051041388196986545
TextVQA_test,309,raw_proj,0.01929306341009974,0.0010423833000980944,0.01825068011000165
TextVQA_test,309,aligned_no_proj,0.03570415350026762,0.0005948291991836729,0.03510932430108395
TextVQA_test,309,aligned_proj,0.020189968442971763,0.001377337140031292,0.01881263130294047
TextVQA_test,310,raw_no_proj,0.015541589494195157,0.0008764894786144903,0.014665100015580666
TextVQA_test,310,raw_proj,0.005358898813558119,0.0017393153799069615,0.0036195834336511575
TextVQA_test,310,aligned_no_proj,0.014250749603518503,0.0023190374783380605,0.011931712125180443
TextVQA_test,310,aligned_proj,0.012287828799869425,0.005381040369075174,0.006906788430794251
TextVQA_test,311,raw_no_proj,0.002143059895849732,0.001703990219576687,0.0004390696762730452
TextVQA_test,311,raw_proj,0.002361537393142266,0.0013217770162072026,0.0010397603769350635
TextVQA_test,311,aligned_no_proj,0.002194013469543099,0.002689892906741151,-0.0004958794371980519
TextVQA_test,311,aligned_proj,0.0021256303064554234,0.002585106109999967,-0.0004594758035445434
TextVQA_test,312,raw_no_proj,0.011111245811525118,0.0003846780017653857,0.010726567809759733
TextVQA_test,312,raw_proj,0.007132447424222298,0.0007844770077239873,0.006347970416498311
TextVQA_test,312,aligned_no_proj,0.010847707082118166,0.000763689493005339,0.010084017589112827
TextVQA_test,312,aligned_proj,0.004214167872992312,0.0009315589989013497,0.003282608874090962
TextVQA_test,313,raw_no_proj,0.06746360961599981,0.10685794073691639,-0.03939433112091657
TextVQA_test,313,raw_proj,0.025206502734122085,0.04175055305040919,-0.01654405031628711
TextVQA_test,313,aligned_no_proj,0.03619554547770162,0.07047562223843516,-0.034280076760733545
TextVQA_test,313,aligned_proj,0.015355064725319188,0.040117259233820965,-0.024762194508501777
TextVQA_test,314,raw_no_proj,0.0030307120751037154,0.00041862442161117374,0.0026120876534925417
TextVQA_test,314,raw_proj,0.0027036967475442455,0.001506305678096213,0.0011973910694480325
TextVQA_test,314,aligned_no_proj,0.0029434100439113564,0.0009158893863992048,0.0020275206575121516
TextVQA_test,314,aligned_proj,0.002469471203094276,0.0025713934823400147,-0.00010192227924573846
TextVQA_test,315,raw_no_proj,0.00037422513057346903,0.00026047837229476546,0.00011374675827870357
TextVQA_test,315,raw_proj,0.0006592607857863523,0.00041763175656047666,0.0002416290292258756
TextVQA_test,315,aligned_no_proj,0.0004981625914787747,0.00031366560437346406,0.00018449698710531066
TextVQA_test,315,aligned_proj,0.00027691051896600445,0.00020164678737125483,7.526373159474963e-05
TextVQA_test,316,raw_no_proj,0.0034855321966649126,0.0016846969628236334,0.0018008352338412792
TextVQA_test,316,raw_proj,0.0010720912308990653,0.002737729550687935,-0.0016656383197888695
TextVQA_test,316,aligned_no_proj,0.001805715523817984,0.0023298879934856016,-0.0005241724696676176
TextVQA_test,316,aligned_proj,0.00164273093358568,0.0031292461320594,-0.00148651519847372
TextVQA_test,317,raw_no_proj,0.0686169788362137,0.06036306415934619,0.008253914676867515
TextVQA_test,317,raw_proj,0.039889861291066156,0.05018605368014372,-0.010296192389077564
TextVQA_test,317,aligned_no_proj,0.07043869379470594,0.16744807045073073,-0.0970093766560248
TextVQA_test,317,aligned_proj,0.03209022372361861,0.053316870332182784,-0.021226646608564173
TextVQA_test,318,raw_no_proj,0.0047829490956044,0.003102018223769784,0.001680930871834616
TextVQA_test,318,raw_proj,0.003464937188692462,0.006660439874542056,-0.003195502685849594
TextVQA_test,318,aligned_no_proj,0.00505844151978063,0.008368843478008094,-0.0033104019582274637
TextVQA_test,318,aligned_proj,0.003897405800389903,0.005836448751081727,-0.0019390429506918245
TextVQA_test,319,raw_no_proj,0.0014883792075144897,0.0019475764375173632,-0.00045919723000287346
TextVQA_test,319,raw_proj,0.0019294255558250503,0.0034780116807107673,-0.001548586124885717
TextVQA_test,319,aligned_no_proj,0.0026323263818983007,0.0037461299916945147,-0.001113803609796214
TextVQA_test,319,aligned_proj,0.0015475751683637078,0.002874936563915893,-0.0013273613955521852
TextVQA_test,320,raw_no_proj,0.0042740849468739135,0.022387321016900635,-0.018113236070026722
TextVQA_test,320,raw_proj,0.0019684420524126497,0.0149822996906782,-0.01301385763826555
TextVQA_test,320,aligned_no_proj,0.004436966336371448,0.016620136129700182,-0.012183169793328733
TextVQA_test,320,aligned_proj,0.0030412715136367142,0.019546637822944562,-0.016505366309307847
TextVQA_test,321,raw_no_proj,0.011875556695741554,0.0019563119894455386,0.009919244706296015
TextVQA_test,321,raw_proj,0.01799504815143232,0.005784609065850454,0.012210439085581868
TextVQA_test,321,aligned_no_proj,0.007715137616820024,0.0024824255807251758,0.005232712036094848
TextVQA_test,321,aligned_proj,0.009699894594618723,0.005804550496298973,0.00389534409831975
TextVQA_test,322,raw_no_proj,0.0013869152671386164,0.003480895561364339,-0.0020939802942257224
TextVQA_test,322,raw_proj,0.0035592782672464814,0.009949277946252062,-0.006389999679005581
TextVQA_test,322,aligned_no_proj,0.0028958766492364757,0.007047727614046465,-0.004151850964809989
TextVQA_test,322,aligned_proj,0.0014575525897583296,0.005780439919556409,-0.0043228873297980796
TextVQA_test,323,raw_no_proj,0.00910645401668117,0.0048455127430574365,0.004260941273623734
TextVQA_test,323,raw_proj,0.0048768640233369225,0.002637996843702248,0.0022388671796346746
TextVQA_test,323,aligned_no_proj,0.0082483607863002,0.0041757629918337605,0.0040725977944664395
TextVQA_test,323,aligned_proj,0.00679872979946905,0.003445606365390538,0.003353123434078512
TextVQA_test,324,raw_no_proj,0.010967145924839567,0.002862931645239554,0.008104214279600013
TextVQA_test,324,raw_proj,0.006650755112048247,0.0033356162454486,0.003315138866599647
TextVQA_test,324,aligned_no_proj,0.010158777238439743,0.004121854844119469,0.006036922394320274
TextVQA_test,324,aligned_proj,0.012215378238004044,0.00900222067799507,0.0032131575600089744
TextVQA_test,325,raw_no_proj,0.008382641359121987,0.01872893760635469,-0.010346296247232703
TextVQA_test,325,raw_proj,0.005905601839155335,0.018063872485196215,-0.01215827064604088
TextVQA_test,325,aligned_no_proj,0.015558027873419833,0.03846701592950655,-0.022908988056086717
TextVQA_test,325,aligned_proj,0.015591601369727632,0.027690691456310874,-0.012099090086583242
TextVQA_test,326,raw_no_proj,0.0010325484032263099,0.0007847340096864069,0.000247814393539903
TextVQA_test,326,raw_proj,0.002891735278312775,0.002391177918027188,0.000500557360285587
TextVQA_test,326,aligned_no_proj,0.003083457221974582,0.0026017695162259147,0.00048168770574866715
TextVQA_test,326,aligned_proj,0.0012974904091321141,0.0015995658153472904,-0.00030207540621517625
TextVQA_test,327,raw_no_proj,0.003948530205998849,0.0016258151470073367,0.0023227150589915117
TextVQA_test,327,raw_proj,0.0016452068280362567,0.0011638689585162709,0.00048133786951998583
TextVQA_test,327,aligned_no_proj,0.005045222568920465,0.0023761183883834113,0.0026691041805370535
TextVQA_test,327,aligned_proj,0.0019997921099397264,0.0014132361291186966,0.0005865559808210298
TextVQA_test,328,raw_no_proj,0.0006905861633743538,0.0005397125138000206,0.00015087364957433328
TextVQA_test,328,raw_proj,0.001744450542058418,0.001926162768440478,-0.00018171222638206012
TextVQA_test,328,aligned_no_proj,0.0009790351793253322,0.0006617903617569065,0.00031724481756842567
TextVQA_test,328,aligned_proj,0.0015784219633382445,0.002676101877530687,-0.0010976799141924427
TextVQA_test,329,raw_no_proj,0.5074149334164252,0.4435407065663868,0.06387422685003841
TextVQA_test,329,raw_proj,0.4235843257698222,0.49978970165176334,-0.07620537588194115
TextVQA_test,329,aligned_no_proj,0.44253244483269,0.5225629775143924,-0.0800305326817024
TextVQA_test,329,aligned_proj,0.43740913558138445,0.4903272026265618,-0.052918067045177375
TextVQA_test,330,raw_no_proj,0.007776234426097453,0.006846615640726781,0.0009296187853706723
TextVQA_test,330,raw_proj,0.008739591994111331,0.007359075484476078,0.0013805165096352533
TextVQA_test,330,aligned_no_proj,0.013371361776591666,0.009575123095852373,0.0037962386807392935
TextVQA_test,330,aligned_proj,0.004136364879393188,0.0023223528016268645,0.0018140120777663232
TextVQA_test,331,raw_no_proj,0.020330714302974985,0.014741210896241162,0.005589503406733823
TextVQA_test,331,raw_proj,0.013722441594721774,0.011936561445101499,0.0017858801496202746
TextVQA_test,331,aligned_no_proj,0.020689392735510195,0.015800014223787434,0.004889378511722761
TextVQA_test,331,aligned_proj,0.008823956244998833,0.011767186389360097,-0.002943230144361264
TextVQA_test,332,raw_no_proj,0.007284338409540122,0.0054748555227344415,0.0018094828868056804
TextVQA_test,332,raw_proj,0.011824455364698444,0.011581566484439669,0.00024288888025877572
TextVQA_test,332,aligned_no_proj,0.012542342000557217,0.012036629827568928,0.0005057121729882888
TextVQA_test,332,aligned_proj,0.005868608397721492,0.005081116019468452,0.0007874923782530399
TextVQA_test,333,raw_no_proj,0.008714774877788425,0.0011320628395787688,0.007582712038209656
TextVQA_test,333,raw_proj,0.004803083879203067,0.002026945060136099,0.002776138819066968
TextVQA_test,333,aligned_no_proj,0.006946036298583577,0.0017404302647699977,0.005205606033813579
TextVQA_test,333,aligned_proj,0.007359924889815371,0.0024271320475465308,0.00493279284226884
TextVQA_test,334,raw_no_proj,0.0025913276828104714,0.001630397937088168,0.0009609297457223035
TextVQA_test,334,raw_proj,0.0050200521506652065,0.0018791242055938191,0.0031409279450713874
TextVQA_test,334,aligned_no_proj,0.002542902747603824,0.0014685292294975513,0.0010743735181062727
TextVQA_test,334,aligned_proj,0.00312415352121038,0.002253401952668332,0.000870751568542048
TextVQA_test,335,raw_no_proj,0.045621618134521084,0.015432211813871687,0.030189406320649398
TextVQA_test,335,raw_proj,0.045280380697073706,0.016742118342249205,0.0285382623548245
TextVQA_test,335,aligned_no_proj,0.06200923709052795,0.04127293591710573,0.02073630117342222
TextVQA_test,335,aligned_proj,0.03178962769792634,0.015958691959336108,0.015830935738590235
TextVQA_test,336,raw_no_proj,0.008625525925667761,0.004834498624819253,0.003791027300848508
TextVQA_test,336,raw_proj,0.011774063834163498,0.013403259937885619,-0.0016291961037221206
TextVQA_test,336,aligned_no_proj,0.01680934737561821,0.007621451993457742,0.009187895382160468
TextVQA_test,336,aligned_proj,0.004313502438288486,0.004630709465405372,-0.0003172070271168859
TextVQA_test,337,raw_no_proj,0.012247477012309852,0.0007681100862610583,0.011479366926048794
TextVQA_test,337,raw_proj,0.016000469394241837,0.0022307189079750806,0.013769750486266757
TextVQA_test,337,aligned_no_proj,0.015615222538053301,0.0010207701594222534,0.014594452378631047
TextVQA_test,337,aligned_proj,0.013012784917776911,0.0013308635135591002,0.011681921404217812
TextVQA_test,338,raw_no_proj,0.06288739673713373,0.0234689388221171,0.03941845791501663
TextVQA_test,338,raw_proj,0.05654693981317789,0.029269551562870734,0.027277388250307157
TextVQA_test,338,aligned_no_proj,0.0556951073579958,0.03295471563913891,0.02274039171885689
TextVQA_test,338,aligned_proj,0.024751326672180465,0.014106977260007439,0.010644349412173026
TextVQA_test,339,raw_no_proj,0.00016641751336579286,0.00024938077834587967,-8.296326498008681e-05
TextVQA_test,339,raw_proj,0.0011860010656299942,0.0009624169074785706,0.00022358415815142358
TextVQA_test,339,aligned_no_proj,0.000249869245579965,0.00048073799096737675,-0.00023086874538741175
TextVQA_test,339,aligned_proj,0.000268648753293965,0.00026328075100938745,5.368002284577536e-06
TextVQA_test,340,raw_no_proj,0.0028142382082359664,0.0013278032361027758,0.0014864349721331906
TextVQA_test,340,raw_proj,0.00889230794389957,0.004918221493082461,0.003974086450817109
TextVQA_test,340,aligned_no_proj,0.006227490547742275,0.0026336114879306313,0.0035938790598116434
TextVQA_test,340,aligned_proj,0.0028000806703868237,0.0018797536760744838,0.0009203269943123399
TextVQA_test,341,raw_no_proj,0.11084378725925077,0.003231952746917181,0.1076118345123336
TextVQA_test,341,raw_proj,0.09269618629520773,0.006919879577044895,0.08577630671816283
TextVQA_test,341,aligned_no_proj,0.06441160108817637,0.005026084966893285,0.05938551612128308
TextVQA_test,341,aligned_proj,0.03998861212294726,0.004270779364202572,0.03571783275874469
TextVQA_test,342,raw_no_proj,0.06359325336878958,0.0407787496801677,0.02281450368862188
TextVQA_test,342,raw_proj,0.14631713815260677,0.12124995373054459,0.025067184422062183
TextVQA_test,342,aligned_no_proj,0.11724395858780295,0.0792243335132518,0.03801962507455116
TextVQA_test,342,aligned_proj,0.15975320803178597,0.09603167005029302,0.06372153798149295
TextVQA_test,343,raw_no_proj,0.016338901299618565,0.007440184870584282,0.008898716429034285
TextVQA_test,343,raw_proj,0.011733582281623462,0.010227756196944424,0.0015058260846790381
TextVQA_test,343,aligned_no_proj,0.020200616714538152,0.017276080512608503,0.0029245362019296485
TextVQA_test,343,aligned_proj,0.00774824168580988,0.007382736343639136,0.00036550534217074347
TextVQA_test,344,raw_no_proj,0.007905509558466686,0.0018124040145535221,0.006093105543913164
TextVQA_test,344,raw_proj,0.004618390145557532,0.002837517433529201,0.001780872712028331
TextVQA_test,344,aligned_no_proj,0.006185846246934893,0.004237725143881089,0.001948121103053804
TextVQA_test,344,aligned_proj,0.0036735779696274898,0.005250104870588453,-0.0015765269009609634
TextVQA_test,345,raw_no_proj,0.03290497531059141,0.015236011730799469,0.01766896357979194
TextVQA_test,345,raw_proj,0.026186726697744078,0.015182157179608425,0.011004569518135653
TextVQA_test,345,aligned_no_proj,0.050587008547330926,0.026554786019585126,0.0240322225277458
TextVQA_test,345,aligned_proj,0.01377885081490904,0.016548663627338547,-0.0027698128124295073
TextVQA_test,346,raw_no_proj,0.004782253541755555,0.013942860006645292,-0.009160606464889736
TextVQA_test,346,raw_proj,0.004178766330787787,0.025390024189979106,-0.02121125785919132
TextVQA_test,346,aligned_no_proj,0.003164913005747683,0.011934952366885609,-0.008770039361137925
TextVQA_test,346,aligned_proj,0.0014364840518134596,0.009673479164627394,-0.008236995112813934
TextVQA_test,347,raw_no_proj,0.0013984993120139645,0.0006483295156226923,0.0007501697963912721
TextVQA_test,347,raw_proj,0.0013069300755619883,0.0005919161182933782,0.0007150139572686101
TextVQA_test,347,aligned_no_proj,0.0011091077456232808,0.0007930622619902053,0.00031604548363307547
TextVQA_test,347,aligned_proj,0.0010052999785880366,0.0014525206383314503,-0.00044722065974341367
TextVQA_test,348,raw_no_proj,0.006844322033292977,0.007687525708117247,-0.0008432036748242701
TextVQA_test,348,raw_proj,0.00624887428552301,0.013643306835432089,-0.007394432549909079
TextVQA_test,348,aligned_no_proj,0.010178144367850417,0.014922356572390013,-0.0047442122045395965
TextVQA_test,348,aligned_proj,0.00424874296881213,0.016860427096179433,-0.012611684127367302
TextVQA_test,349,raw_no_proj,0.006668304411601814,0.009028887106930334,-0.0023605826953285195
TextVQA_test,349,raw_proj,0.0071522165248363604,0.014277658865049447,-0.007125442340213087
TextVQA_test,349,aligned_no_proj,0.0037587011004882693,0.010722596318433458,-0.006963895217945188
TextVQA_test,349,aligned_proj,0.0034087903384309366,0.007329119468854919,-0.0039203291304239826
TextVQA_test,350,raw_no_proj,0.0009718987372656557,0.0013559326313902467,-0.0003840338941245911
TextVQA_test,350,raw_proj,0.0021851962076239666,0.0029429532165421777,-0.0007577570089182112
TextVQA_test,350,aligned_no_proj,0.0011542389213106787,0.0017597745971835112,-0.0006055356758728325
TextVQA_test,350,aligned_proj,0.00042428842929016417,0.0012855643226504878,-0.0008612758933603236
TextVQA_test,351,raw_no_proj,0.0012393111480691389,0.00017918460324530908,0.0010601265448238297
TextVQA_test,351,raw_proj,0.0030725041050022454,0.0006118663184386985,0.002460637786563547
TextVQA_test,351,aligned_no_proj,0.0018104826015016649,0.00021339794117522902,0.0015970846603264358
TextVQA_test,351,aligned_proj,0.002376735146890742,0.0004612671028990278,0.001915468043991714
TextVQA_test,352,raw_no_proj,0.011381296907817435,0.019406047849856146,-0.008024750942038712
TextVQA_test,352,raw_proj,0.008203130754566336,0.03196689140949781,-0.023763760654931472
TextVQA_test,352,aligned_no_proj,0.012241558103392542,0.048189451655435644,-0.0359478935520431
TextVQA_test,352,aligned_proj,0.008650276323349183,0.03568167302032691,-0.027031396696977728
TextVQA_test,353,raw_no_proj,0.02469163661473186,0.022311091027966325,0.0023805455867655333
TextVQA_test,353,raw_proj,0.028342777361570884,0.02465769861257683,0.0036850787489940556
TextVQA_test,353,aligned_no_proj,0.029668399731292643,0.02762326366636445,0.0020451360649281942
TextVQA_test,353,aligned_proj,0.013050774513624552,0.018653083068527667,-0.005602308554903115
TextVQA_test,354,raw_no_proj,0.0032315799575537486,0.00434736372332324,-0.0011157837657694912
TextVQA_test,354,raw_proj,0.0025408787587788916,0.002713536775760862,-0.00017265801698197053
TextVQA_test,354,aligned_no_proj,0.003383442913564341,0.004278284312718423,-0.0008948413991540817
TextVQA_test,354,aligned_proj,0.001280154435851265,0.002017134704112255,-0.00073698026826099
TextVQA_test,355,raw_no_proj,0.010143084267619652,0.0031905201010937775,0.006952564166525874
TextVQA_test,355,raw_proj,0.0053954984555297115,0.006021760007162395,-0.0006262615516326835
TextVQA_test,355,aligned_no_proj,0.006313994881499042,0.0037023618684633216,0.0026116330130357204
TextVQA_test,355,aligned_proj,0.004383044115505237,0.005501888309287026,-0.0011188441937817883
TextVQA_test,356,raw_no_proj,0.003834017452923191,0.0030478206401920614,0.0007861968127311296
TextVQA_test,356,raw_proj,0.002601954603266472,0.0012738959516146054,0.0013280586516518666
TextVQA_test,356,aligned_no_proj,0.004377579722031238,0.002907753181519521,0.001469826540511717
TextVQA_test,356,aligned_proj,0.0018233342586810829,0.0010804024772223628,0.0007429317814587201
TextVQA_test,357,raw_no_proj,0.006545336445472136,0.02945904061982455,-0.022913704174352414
TextVQA_test,357,raw_proj,0.015993936151645606,0.06199039411577113,-0.04599645796412553
TextVQA_test,357,aligned_no_proj,0.006039121310288907,0.037870965571529046,-0.03183184426124014
TextVQA_test,357,aligned_proj,0.0030368937047269375,0.017720018311220956,-0.014683124606494019
TextVQA_test,358,raw_no_proj,0.3167650862085993,0.23234817215576312,0.08441691405283616
TextVQA_test,358,raw_proj,0.23776358172236106,0.25988316751569457,-0.022119585793333507
TextVQA_test,358,aligned_no_proj,0.2764889676949942,0.23855996344922958,0.03792900424576462
TextVQA_test,358,aligned_proj,0.3557845390763087,0.3526743193608108,0.0031102197154979083
TextVQA_test,359,raw_no_proj,0.00596266304675818,0.008818934449760918,-0.0028562714030027385
TextVQA_test,359,raw_proj,0.018378545196052053,0.011674074263620665,0.006704470932431388
TextVQA_test,359,aligned_no_proj,0.00851347881360157,0.00697689797866503,0.0015365808349365392
TextVQA_test,359,aligned_proj,0.012077882011663222,0.009998891540813303,0.002078990470849919
TextVQA_test,360,raw_no_proj,0.03550282077464928,0.03486475986454192,0.0006380609101073603
TextVQA_test,360,raw_proj,0.017523739803174097,0.049425080095644974,-0.03190134029247088
TextVQA_test,360,aligned_no_proj,0.04166826011942912,0.07492487732949421,-0.03325661721006509
TextVQA_test,360,aligned_proj,0.01992118731305561,0.07422104491735329,-0.05429985760429768
TextVQA_test,361,raw_no_proj,0.031346834916007246,0.01926020571899313,0.012086629197014115
TextVQA_test,361,raw_proj,0.008436924651660817,0.006164144739961191,0.0022727799116996263
TextVQA_test,361,aligned_no_proj,0.01964447941148497,0.01592616962157036,0.003718309789914609
TextVQA_test,361,aligned_proj,0.013730635418047093,0.014655053023018748,-0.0009244176049716547
TextVQA_test,362,raw_no_proj,0.0031177236663574672,0.0005614214748940518,0.0025563021914634153
TextVQA_test,362,raw_proj,0.0037220378906438235,0.0012884468741874596,0.0024335910164563638
TextVQA_test,362,aligned_no_proj,0.0027691277949016147,0.0009411727486582855,0.001827955046243329
TextVQA_test,362,aligned_proj,0.002510020441791708,0.0009940634714185072,0.001515956970373201
TextVQA_test,363,raw_no_proj,0.008022357696880436,0.02716536226173627,-0.019143004564855834
TextVQA_test,363,raw_proj,0.00618920497525286,0.03524538900269202,-0.02905618402743916
TextVQA_test,363,aligned_no_proj,0.02157063322283491,0.07087697400262144,-0.04930634077978653
TextVQA_test,363,aligned_proj,0.004082725141779582,0.025754610336746288,-0.021671885194966704
TextVQA_test,364,raw_no_proj,0.04947386390687733,0.043299860632358425,0.006174003274518905
TextVQA_test,364,raw_proj,0.021820766206024533,0.022654024881813475,-0.0008332586757889421
TextVQA_test,364,aligned_no_proj,0.05705671347560544,0.07350156192730442,-0.016444848451698982
TextVQA_test,364,aligned_proj,0.01883869577915024,0.03049762738002182,-0.011658931600871579
TextVQA_test,365,raw_no_proj,0.005218899272049988,0.009676868367370542,-0.0044579690953205535
TextVQA_test,365,raw_proj,0.006255356595316997,0.01508698086396893,-0.008831624268651932
TextVQA_test,365,aligned_no_proj,0.005031803901022789,0.010757559502592927,-0.005725755601570138
TextVQA_test,365,aligned_proj,0.007084947450246482,0.013979671154310369,-0.006894723704063887
TextVQA_test,366,raw_no_proj,0.013452502817342388,0.009770896865958955,0.003681605951383433
TextVQA_test,366,raw_proj,0.017236075120755603,0.006397797430599526,0.010838277690156078
TextVQA_test,366,aligned_no_proj,0.006234221562029837,0.0059503671155313196,0.00028385444649851703
TextVQA_test,366,aligned_proj,0.012487197277667198,0.004929768275190958,0.007557429002476241
TextVQA_test,367,raw_no_proj,0.0006935147332761879,0.00019488409247006162,0.0004986306408061263
TextVQA_test,367,raw_proj,0.0011259410158787043,0.0006094416363657285,0.0005164993795129757
TextVQA_test,367,aligned_no_proj,0.0004775763431420854,0.000118787591831252,0.0003587887513108334
TextVQA_test,367,aligned_proj,0.0015153237366340923,0.00039128346135840095,0.0011240402752756913
TextVQA_test,368,raw_no_proj,0.0400178683491399,0.007485900991219185,0.032531967357920716
TextVQA_test,368,raw_proj,0.10090421892651934,0.017724957412458303,0.08317926151406103
TextVQA_test,368,aligned_no_proj,0.03952267740919228,0.010622266393449695,0.02890041101574259
TextVQA_test,368,aligned_proj,0.06562028957866199,0.020546349800903287,0.045073939777758705
TextVQA_test,369,raw_no_proj,0.007094953457124233,0.008466327753990007,-0.001371374296865774
TextVQA_test,369,raw_proj,0.0022515493394133445,0.005967396288827343,-0.0037158469494139985
TextVQA_test,369,aligned_no_proj,0.006399024594995068,0.010639655885426185,-0.0042406312904311174
TextVQA_test,369,aligned_proj,0.0034249263578136316,0.009474702405278668,-0.006049776047465037
TextVQA_test,370,raw_no_proj,0.00039212484336153213,0.00021513666549900402,0.0001769881778625281
TextVQA_test,370,raw_proj,0.002908939147772057,0.0013696336586971137,0.0015393054890749432
TextVQA_test,370,aligned_no_proj,0.0005591746977832415,0.0002771227563146094,0.0002820519414686321
TextVQA_test,370,aligned_proj,0.001020538731365433,0.0008789128351745485,0.00014162589619088446
TextVQA_test,371,raw_no_proj,0.07082822268132706,0.09905393712414276,-0.0282257144428157
TextVQA_test,371,raw_proj,0.0968104138072668,0.09534370698530537,0.0014667068219614415
TextVQA_test,371,aligned_no_proj,0.16660027739926575,0.1715823491696551,-0.00498207177038934
TextVQA_test,371,aligned_proj,0.042342484725758064,0.06434542142360979,-0.02200293669785172
TextVQA_test,372,raw_no_proj,0.0009275542083626567,0.0029746037668249682,-0.0020470495584623116
TextVQA_test,372,raw_proj,0.004776017761556668,0.012326878675382659,-0.007550860913825991
TextVQA_test,372,aligned_no_proj,0.0022445876459079783,0.007656989690775058,-0.00541240204486708
TextVQA_test,372,aligned_proj,0.001090164929785336,0.004009904062202228,-0.002919739132416892
TextVQA_test,373,raw_no_proj,0.004610557047234534,0.0016441516676351576,0.0029664053795993768
TextVQA_test,373,raw_proj,0.00441765912039974,0.003668369767516647,0.0007492893528830927
TextVQA_test,373,aligned_no_proj,0.004127429433565158,0.0030898399846280952,0.0010375894489370627
TextVQA_test,373,aligned_proj,0.00233952390636343,0.00422132788872153,-0.0018818039823580998
TextVQA_test,374,raw_no_proj,0.02246438523689608,0.005970557010797417,0.016493828226098663
TextVQA_test,374,raw_proj,0.031138313877492798,0.014705753423973294,0.016432560453519506
TextVQA_test,374,aligned_no_proj,0.015911838830714908,0.004974144507351292,0.010937694323363615
TextVQA_test,374,aligned_proj,0.01672279719732157,0.011056089219409723,0.005666707977911847
TextVQA_test,375,raw_no_proj,0.04294014678386743,0.018252788073975696,0.02468735870989173
TextVQA_test,375,raw_proj,0.041113293256064734,0.04083442174739144,0.00027887150867329097
TextVQA_test,375,aligned_no_proj,0.04701140587202921,0.031305103756015334,0.015706302116013877
TextVQA_test,375,aligned_proj,0.04452442907034946,0.03695180103419594,0.0075726280361535225
TextVQA_test,376,raw_no_proj,0.004834545131751808,0.0005487504798720223,0.004285794651879786
TextVQA_test,376,raw_proj,0.007240750006414784,0.001954440076045477,0.005286309930369307
TextVQA_test,376,aligned_no_proj,0.009391659236430601,0.001431775024837363,0.007959884211593238
TextVQA_test,376,aligned_proj,0.005461890428678882,0.0013925941313057209,0.004069296297373161
TextVQA_test,377,raw_no_proj,0.003395245214765922,0.00033824121111144254,0.0030570040036544794
TextVQA_test,377,raw_proj,0.0021531376939239034,0.0010818740171404187,0.0010712636767834848
TextVQA_test,377,aligned_no_proj,0.0027233231537362127,0.0006159280977399303,0.0021073950559962825
TextVQA_test,377,aligned_proj,0.0017197968086028893,0.0008664263394927369,0.0008533704691101524
TextVQA_test,378,raw_no_proj,0.003797815062703337,0.005140057560509801,-0.001342242497806464
TextVQA_test,378,raw_proj,0.005457988898464734,0.0070871757122069595,-0.0016291868137422259
TextVQA_test,378,aligned_no_proj,0.005450385820210141,0.00783582006949851,-0.0023854342492883682
TextVQA_test,378,aligned_proj,0.003017928933478308,0.00541549294709439,-0.002397564013616082
TextVQA_test,379,raw_no_proj,0.01542852535000042,0.006438053393990167,0.008990471956010253
TextVQA_test,379,raw_proj,0.03151939545445701,0.009686411372879273,0.021832984081577737
TextVQA_test,379,aligned_no_proj,0.00975407238680012,0.005762776928649691,0.00399129545815043
TextVQA_test,379,aligned_proj,0.014372779075745664,0.005783100809310167,0.008589678266435497
TextVQA_test,380,raw_no_proj,0.023627379660536754,0.007174843711671284,0.01645253594886547
TextVQA_test,380,raw_proj,0.010438802483272601,0.003599957322758617,0.006838845160513984
TextVQA_test,380,aligned_no_proj,0.013919620298760376,0.005632755074396345,0.008286865224364032
TextVQA_test,380,aligned_proj,0.009068691535308655,0.007228553640602831,0.0018401378947058246
TextVQA_test,381,raw_no_proj,0.04753849034789249,0.011435889040497103,0.036102601307395385
TextVQA_test,381,raw_proj,0.02831172347376889,0.013865907427036507,0.014445816046732382
TextVQA_test,381,aligned_no_proj,0.03165619372433821,0.013445247954613604,0.018210945769724603
TextVQA_test,381,aligned_proj,0.02577132750636309,0.013411929936035598,0.012359397570327493
TextVQA_test,382,raw_no_proj,0.002426187461220131,0.000997097957085005,0.001429089504135126
TextVQA_test,382,raw_proj,0.0017985537863364168,0.002033336805774288,-0.00023478301943787136
TextVQA_test,382,aligned_no_proj,0.005341692930506264,0.003036649025017303,0.0023050439054889613
TextVQA_test,382,aligned_proj,0.0015068441499857834,0.0028693074683986022,-0.0013624633184128189
TextVQA_test,383,raw_no_proj,0.010445219999369723,0.0039018295645268713,0.0065433904348428515
TextVQA_test,383,raw_proj,0.005886035024037265,0.004023009821992742,0.0018630252020445225
TextVQA_test,383,aligned_no_proj,0.012463626853189542,0.006307880937510892,0.00615574591567865
TextVQA_test,383,aligned_proj,0.003547209041480885,0.004132079800100007,-0.0005848707586191223
TextVQA_test,384,raw_no_proj,0.11978676655334632,0.04289397137690881,0.0768927951764375
TextVQA_test,384,raw_proj,0.0949479219584314,0.09230599554176694,0.0026419264166644557
TextVQA_test,384,aligned_no_proj,0.1754002036405217,0.11764466215878622,0.05775554148173548
TextVQA_test,384,aligned_proj,0.030182150200885948,0.043094721076490636,-0.012912570875604688
TextVQA_test,385,raw_no_proj,0.01065843236283521,0.0007768065996657514,0.00988162576316946
TextVQA_test,385,raw_proj,0.02693056751548739,0.0011227270869551783,0.025807840428532212
TextVQA_test,385,aligned_no_proj,0.01135797261396966,0.0010847163655568575,0.010273256248412804
TextVQA_test,385,aligned_proj,0.015592842437743297,0.0009559722747520376,0.014636870162991259
TextVQA_test,386,raw_no_proj,0.004845033258486385,0.009516757310999432,-0.004671724052513046
TextVQA_test,386,raw_proj,0.006470058910179495,0.026772370482267074,-0.02030231157208758
TextVQA_test,386,aligned_no_proj,0.005472818295647549,0.019202457328370823,-0.013729639032723274
TextVQA_test,386,aligned_proj,0.005168992062043348,0.02299293249354902,-0.01782394043150567
TextVQA_test,387,raw_no_proj,0.0023769573143351064,0.0008675519538796791,0.0015094053604554273
TextVQA_test,387,raw_proj,0.002275536789668117,0.0016386370210976703,0.0006368997685704465
TextVQA_test,387,aligned_no_proj,0.0033254900174821806,0.0017426569619519087,0.0015828330555302719
TextVQA_test,387,aligned_proj,0.0019712290601386685,0.001708905374835443,0.0002623236853032255
TextVQA_test,388,raw_no_proj,0.002260148153515846,0.00013520870167558463,0.002124939451840261
TextVQA_test,388,raw_proj,0.0028204100495179698,0.0006066947516778879,0.002213715297840082
TextVQA_test,388,aligned_no_proj,0.001708264801288639,0.00039738872472097267,0.0013108760765676664
TextVQA_test,388,aligned_proj,0.00245939438902746,0.0009825757976335756,0.0014768185913938846
TextVQA_test,389,raw_no_proj,0.010724906678336112,0.010364205297126136,0.0003607013812099765
TextVQA_test,389,raw_proj,0.014906525177780535,0.014132831677278445,0.0007736935005020901
TextVQA_test,389,aligned_no_proj,0.010199310060757225,0.010222233906273331,-2.292384551610613e-05
TextVQA_test,389,aligned_proj,0.004488335009501824,0.007079081453464362,-0.0025907464439625374
TextVQA_test,390,raw_no_proj,0.013577534637575531,0.008490075124251529,0.005087459513324002
TextVQA_test,390,raw_proj,0.012245800173802831,0.016321217885703985,-0.004075417711901154
TextVQA_test,390,aligned_no_proj,0.016045675031679304,0.013775470560652911,0.002270204471026393
TextVQA_test,390,aligned_proj,0.006415594027295739,0.010885002986851923,-0.004469408959556184
TextVQA_test,391,raw_no_proj,0.002220074621072353,0.00293092617720433,-0.000710851556131977
TextVQA_test,391,raw_proj,0.008936299940695554,0.00880110123653007,0.00013519870416548417
TextVQA_test,391,aligned_no_proj,0.003715048553000698,0.004209355692555122,-0.0004943071395544243
TextVQA_test,391,aligned_proj,0.01092159453626018,0.008562415141805764,0.0023591793944544165
TextVQA_test,392,raw_no_proj,0.009254060378153035,0.005958680873020844,0.0032953795051321906
TextVQA_test,392,raw_proj,0.01256772777011994,0.008443666170453643,0.004124061599666298
TextVQA_test,392,aligned_no_proj,0.004322091753849337,0.013923454155866037,-0.0096013624020167
TextVQA_test,392,aligned_proj,0.012593085036741293,0.011278071120051046,0.0013150139166902466
TextVQA_test,393,raw_no_proj,0.015396124683304549,0.006977445322031781,0.008418679361272767
TextVQA_test,393,raw_proj,0.004259666744198413,0.0028325476310960044,0.0014271191131024082
TextVQA_test,393,aligned_no_proj,0.011965553827006868,0.006215193729216485,0.005750360097790383
TextVQA_test,393,aligned_proj,0.006505884460275953,0.0034523892656154694,0.0030534951946604833
TextVQA_test,394,raw_no_proj,0.001736066669964953,0.004751307848099077,-0.003015241178134124
TextVQA_test,394,raw_proj,0.0034678381002831867,0.013333948871863352,-0.009866110771580165
TextVQA_test,394,aligned_no_proj,0.0017343615276823696,0.016789955672631838,-0.015055594144949468
TextVQA_test,394,aligned_proj,0.001569422846588073,0.014803613186520575,-0.013234190339932502
TextVQA_test,395,raw_no_proj,0.001920268781200042,0.006006291486665561,-0.004086022705465518
TextVQA_test,395,raw_proj,0.005814605219745248,0.01668901963028603,-0.010874414410540784
TextVQA_test,395,aligned_no_proj,0.003703440533716632,0.014341745217381257,-0.010638304683664624
TextVQA_test,395,aligned_proj,0.0024506271852091192,0.010402681790451977,-0.007952054605242858
TextVQA_test,396,raw_no_proj,0.017307940930548174,0.001309696920658067,0.015998244009890108
TextVQA_test,396,raw_proj,0.0062431523099134145,0.0018306726735663158,0.004412479636347099
TextVQA_test,396,aligned_no_proj,0.018960600461123366,0.006029814314691933,0.012930786146431433
TextVQA_test,396,aligned_proj,0.006088279091568116,0.0032625480582296144,0.002825731033338502
TextVQA_test,397,raw_no_proj,0.010314539528373051,0.01292424755591891,-0.0026097080275458585
TextVQA_test,397,raw_proj,0.004901995930788048,0.008875275627960161,-0.003973279697172113
TextVQA_test,397,aligned_no_proj,0.005628522969425521,0.01026398458006366,-0.0046354616106381395
TextVQA_test,397,aligned_proj,0.005867216160915763,0.016398334649063574,-0.010531118488147811
TextVQA_test,398,raw_no_proj,0.002014779752710773,0.002262159481088461,-0.00024737972837768785
TextVQA_test,398,raw_proj,0.00332414524368281,0.002828886733700761,0.0004952585099820494
TextVQA_test,398,aligned_no_proj,0.004186401380924873,0.00282490708864119,0.0013614942922836834
TextVQA_test,398,aligned_proj,0.0010424288682552019,0.001964859770278041,-0.0009224309020228389
TextVQA_test,399,raw_no_proj,0.06109861904235789,0.07140243997458681,-0.010303820932228924
TextVQA_test,399,raw_proj,0.03870380645930191,0.08682093660147154,-0.04811713014216963
TextVQA_test,399,aligned_no_proj,0.07230970941441558,0.12029134022011195,-0.04798163080569637
TextVQA_test,399,aligned_proj,0.04678583381755056,0.09965259942724705,-0.05286676560969649
TextVQA_test,400,raw_no_proj,0.02186568339577271,0.0021540938452165466,0.019711589550556165
TextVQA_test,400,raw_proj,0.005995671005832014,0.0049834800851717605,0.0010121909206602534
TextVQA_test,400,aligned_no_proj,0.013529656286995104,0.004108022185501939,0.009421634101493166
TextVQA_test,400,aligned_proj,0.011645719738969898,0.008591044944382936,0.0030546747945869625
TextVQA_test,401,raw_no_proj,0.0017919635112566953,0.002154581468094415,-0.0003626179568377195
TextVQA_test,401,raw_proj,0.0017336697795022065,0.0015279834980848536,0.0002056862814173528
TextVQA_test,401,aligned_no_proj,0.0017948370372322198,0.0015557589514221693,0.00023907808581005046
TextVQA_test,401,aligned_proj,0.0013134228778871634,0.0012677502832487897,4.567259463837377e-05
TextVQA_test,402,raw_no_proj,0.00350603565977411,0.00032959567074159146,0.0031764399890325187
TextVQA_test,402,raw_proj,0.0030056214053757026,0.00020805528329427637,0.002797566122081426
TextVQA_test,402,aligned_no_proj,0.005368802311633993,0.00040347238663714335,0.004965329924996849
TextVQA_test,402,aligned_proj,0.0035931459125533734,0.00030445961318332365,0.00328868629937005
TextVQA_test,403,raw_no_proj,0.015514499431455928,0.03031243371643621,-0.014797934284980281
TextVQA_test,403,raw_proj,0.006153290471400098,0.03930446541170238,-0.03315117494030228
TextVQA_test,403,aligned_no_proj,0.021736555696462635,0.05925220998615217,-0.03751565428968953
TextVQA_test,403,aligned_proj,0.007178995334297065,0.041361735831697555,-0.03418274049740049
TextVQA_test,404,raw_no_proj,0.0014758925393021853,0.0010673191045638768,0.00040857343473830847
TextVQA_test,404,raw_proj,0.0008941130169421264,0.0015740595198726448,-0.0006799465029305184
TextVQA_test,404,aligned_no_proj,0.0008583321464991169,0.0010160185900716383,-0.00015768644357252136
TextVQA_test,404,aligned_proj,0.0013669281646666916,0.003476273910509017,-0.0021093457458423253
TextVQA_test,405,raw_no_proj,0.021616411462089223,0.05283244763252372,-0.031216036170434495
TextVQA_test,405,raw_proj,0.018800050476348366,0.03297198314806579,-0.014171932671717426
TextVQA_test,405,aligned_no_proj,0.025009220093906805,0.06477732581135637,-0.03976810571744956
TextVQA_test,405,aligned_proj,0.014823020448919894,0.031846404877724103,-0.01702338442880421
TextVQA_test,406,raw_no_proj,0.03793728825416639,0.028531956522045192,0.009405331732121196
TextVQA_test,406,raw_proj,0.015401666689669417,0.01959492686096735,-0.004193260171297935
TextVQA_test,406,aligned_no_proj,0.03673958258453902,0.0357681614824799,0.0009714211020591182
TextVQA_test,406,aligned_proj,0.023202122901343658,0.028453487999916875,-0.0052513650985732165
TextVQA_test,407,raw_no_proj,0.005124997402009268,0.002275003821611901,0.0028499935803973668
TextVQA_test,407,raw_proj,0.0071068631862701405,0.003802022536949734,0.0033048406493204063
TextVQA_test,407,aligned_no_proj,0.002960435658015101,0.0017480712696827277,0.0012123643883323735
TextVQA_test,407,aligned_proj,0.005300480524049354,0.004833309603853816,0.0004671709201955381
TextVQA_test,408,raw_no_proj,0.0033498801257494564,0.01229790543944513,-0.008948025313695672
TextVQA_test,408,raw_proj,0.0019309354803830423,0.02987501216345968,-0.027944076683076635
TextVQA_test,408,aligned_no_proj,0.0027739495657941363,0.019074876091744516,-0.01630092652595038
TextVQA_test,408,aligned_proj,0.0025386197455078306,0.042304033031043436,-0.03976541328553561
TextVQA_test,409,raw_no_proj,0.00047604090455712886,6.728929333386813e-05,0.00040875161122326076
TextVQA_test,409,raw_proj,0.0005684764483494945,0.00011521418681868196,0.0004532622615308126
TextVQA_test,409,aligned_no_proj,0.00026669930580667465,5.014043759377375e-05,0.0002165588682129009
TextVQA_test,409,aligned_proj,0.0004255735382985829,0.00017464490971120736,0.00025092862858737554
TextVQA_test,410,raw_no_proj,0.001690359876809578,0.004050478120463875,-0.002360118243654297
TextVQA_test,410,raw_proj,0.0022723791746025158,0.008395854654641747,-0.00612347548003923
TextVQA_test,410,aligned_no_proj,0.002384350298541382,0.004733305536158527,-0.0023489552376171445
TextVQA_test,410,aligned_proj,0.001847492365146319,0.005361617017446813,-0.003514124652300494
TextVQA_test,411,raw_no_proj,0.0002934373618447194,0.0005524869094743815,-0.00025904954762966207
TextVQA_test,411,raw_proj,0.0007230917339066283,0.0005196612877062775,0.00020343044620035086
TextVQA_test,411,aligned_no_proj,0.0005032683620430347,0.0010091590209388112,-0.0005058906588957764
TextVQA_test,411,aligned_proj,0.0004151159132998229,0.0003587627019606378,5.635321133918512e-05
TextVQA_test,412,raw_no_proj,0.014041458775395251,0.009663994312302328,0.004377464463092923
TextVQA_test,412,raw_proj,0.011297278050156722,0.027134136368680204,-0.01583685831852348
TextVQA_test,412,aligned_no_proj,0.009930766288685014,0.011730838948964022,-0.0018000726602790083
TextVQA_test,412,aligned_proj,0.008117281031140766,0.017977995558205104,-0.009860714527064338
TextVQA_test,413,raw_no_proj,0.03607837558830388,0.008950606665053592,0.02712776892325029
TextVQA_test,413,raw_proj,0.02299270717120933,0.009426538245429498,0.013566168925779831
TextVQA_test,413,aligned_no_proj,0.04056441926648661,0.011047407756025363,0.029517011510461245
TextVQA_test,413,aligned_proj,0.016193442304327916,0.011566716804536794,0.004626725499791122
TextVQA_test,414,raw_no_proj,0.005729647134421459,0.002112547405846045,0.0036170997285754143
TextVQA_test,414,raw_proj,0.0027694752885216185,0.004423532503837218,-0.0016540572153155991
TextVQA_test,414,aligned_no_proj,0.0035442725441092665,0.0035352231085517033,9.04943555756323e-06
TextVQA_test,414,aligned_proj,0.005374055197884084,0.008219078379846652,-0.0028450231819625678
TextVQA_test,415,raw_no_proj,0.00501301559482439,0.002635650865705996,0.0023773647291183944
TextVQA_test,415,raw_proj,0.005275356176354842,0.0033436450658525323,0.00193171111050231
TextVQA_test,415,aligned_no_proj,0.006488552527373078,0.003812516802082722,0.002676035725290356
TextVQA_test,415,aligned_proj,0.004936578588935484,0.004403000279945592,0.0005335783089898925
TextVQA_test,416,raw_no_proj,0.0005282670450594826,0.00044290901932945856,8.535802573002407e-05
TextVQA_test,416,raw_proj,0.0030313395303702764,0.0017473269326893518,0.0012840125976809247
TextVQA_test,416,aligned_no_proj,0.0023458513560765254,0.001773613968580297,0.0005722373874962284
TextVQA_test,416,aligned_proj,0.0011745391602976441,0.0008649915538111594,0.0003095476064864847
TextVQA_test,417,raw_no_proj,0.005551382733732488,0.00033214338729791533,0.0052192393464345725
TextVQA_test,417,raw_proj,0.0016027502680737477,0.0004165341063217582,0.0011862161617519895
TextVQA_test,417,aligned_no_proj,0.010619126643999667,0.001507846542053852,0.009111280101945816
TextVQA_test,417,aligned_proj,0.0014929086145761593,0.0008817623201706252,0.0006111462944055342
TextVQA_test,418,raw_no_proj,0.003775232120905733,0.003077613560676345,0.0006976185602293877
TextVQA_test,418,raw_proj,0.0028782699333609694,0.005538728393261992,-0.0026604584599010227
TextVQA_test,418,aligned_no_proj,0.0026612660640308447,0.00808900453305072,-0.0054277384690198755
TextVQA_test,418,aligned_proj,0.0025484530410130398,0.00698612603906855,-0.00443767299805551
TextVQA_test,419,raw_no_proj,0.015866777897465947,0.003971282601407361,0.011895495296058586
TextVQA_test,419,raw_proj,0.010262106345501756,0.006815110890972921,0.0034469954545288343
TextVQA_test,419,aligned_no_proj,0.014466663090352746,0.006930828342922306,0.0075358347474304395
TextVQA_test,419,aligned_proj,0.007709931538667695,0.005173582304565338,0.0025363492341023575
TextVQA_test,420,raw_no_proj,0.02953573106135113,0.02092337867468401,0.008612352386667122
TextVQA_test,420,raw_proj,0.026318169777748264,0.035409007681517765,-0.009090837903769501
TextVQA_test,420,aligned_no_proj,0.015573261901389435,0.023175529499175482,-0.0076022675977860475
TextVQA_test,420,aligned_proj,0.014679450098589997,0.024723619652443934,-0.010044169553853937
TextVQA_test,421,raw_no_proj,0.029104518839221386,0.010033328957602946,0.01907118988161844
TextVQA_test,421,raw_proj,0.01407809440984025,0.012690767088530555,0.0013873273213096948
TextVQA_test,421,aligned_no_proj,0.03179794251771422,0.01605015520312878,0.01574778731458544
TextVQA_test,421,aligned_proj,0.010818029814018498,0.009560931774861434,0.0012570980391570646
TextVQA_test,422,raw_no_proj,0.08971705839704273,0.0035384125746211813,0.08617864582242156
TextVQA_test,422,raw_proj,0.2338789270651525,0.005870392377397079,0.22800853468775542
TextVQA_test,422,aligned_no_proj,0.07937506636427112,0.0035166708043800274,0.0758583955598911
TextVQA_test,422,aligned_proj,0.05640675137461088,0.001792470131051932,0.05461428124355895
TextVQA_test,423,raw_no_proj,0.009092757597471671,0.00632407358259906,0.0027686840148726114
TextVQA_test,423,raw_proj,0.0034413413871714474,0.008566682742746098,-0.005125341355574651
TextVQA_test,423,aligned_no_proj,0.003571322549297626,0.002767397173019962,0.000803925376277664
TextVQA_test,423,aligned_proj,0.004102513660057234,0.012010903987147534,-0.0079083903270903
TextVQA_test,424,raw_no_proj,0.00120727089053826,0.0009256676250158756,0.0002816032655223844
TextVQA_test,424,raw_proj,0.00804625925760258,0.0051772863804969635,0.0028689728771056165
TextVQA_test,424,aligned_no_proj,0.005177921800526047,0.0034592582937592086,0.0017186635067668382
TextVQA_test,424,aligned_proj,0.0050821354614796425,0.004139526393832519,0.0009426090676471236
TextVQA_test,425,raw_no_proj,0.00398814469929059,0.003225071522379936,0.0007630731769106536
TextVQA_test,425,raw_proj,0.0023879334886984255,0.003794372355590749,-0.0014064388668923234
TextVQA_test,425,aligned_no_proj,0.003457567551653337,0.004421178280362314,-0.0009636107287089766
TextVQA_test,425,aligned_proj,0.0017093489071165376,0.004806990933431397,-0.0030976420263148594
TextVQA_test,426,raw_no_proj,0.001402356812758024,0.001618873455277943,-0.00021651664251991893
TextVQA_test,426,raw_proj,0.0030870570142447185,0.004643952618280348,-0.0015568956040356292
TextVQA_test,426,aligned_no_proj,0.00280957435055213,0.004009817787381778,-0.0012002434368296486
TextVQA_test,426,aligned_proj,0.0029817910457862877,0.006370495028740155,-0.003388703982953867
TextVQA_test,427,raw_no_proj,0.0017648550962386224,0.0036713042494346693,-0.001906449153196047
TextVQA_test,427,raw_proj,0.0014210133939280625,0.003366142769639159,-0.0019451293757110967
TextVQA_test,427,aligned_no_proj,0.0009759385488018591,0.0037404677934854405,-0.0027645292446835815
TextVQA_test,427,aligned_proj,0.0028386807381663016,0.006925154251111887,-0.0040864735129455855
TextVQA_test,428,raw_no_proj,0.0005900121122053417,0.0004999244619818376,9.008765022350414e-05
TextVQA_test,428,raw_proj,0.0011400169543236618,0.0011564845620673366,-1.6467607743674874e-05
TextVQA_test,428,aligned_no_proj,0.0008478303598983949,0.0006585542910076081,0.0001892760688907868
TextVQA_test,428,aligned_proj,0.001408386315243101,0.0022479513383872533,-0.0008395650231441524
TextVQA_test,429,raw_no_proj,0.001147726565602205,0.00027114667950939704,0.000876579886092808
TextVQA_test,429,raw_proj,0.0019698546794755223,0.00034229781854135945,0.001627556860934163
TextVQA_test,429,aligned_no_proj,0.0014508206572954863,0.0003418781876706505,0.001108942469624836
TextVQA_test,429,aligned_proj,0.0006145050738271018,0.0001569204162896487,0.00045758465753745306
TextVQA_test,430,raw_no_proj,0.010593467269088823,0.004303629982725543,0.00628983728636328
TextVQA_test,430,raw_proj,0.007733266380709562,0.002733275494866756,0.004999990885842806
TextVQA_test,430,aligned_no_proj,0.014563106970259006,0.004391313496533167,0.010171793473725838
TextVQA_test,430,aligned_proj,0.005399454932747093,0.0025244615710910095,0.0028749933616560833
TextVQA_test,431,raw_no_proj,0.09201553836402727,0.08269575044236628,0.009319787921660994
TextVQA_test,431,raw_proj,0.03859619961564214,0.05004532755134295,-0.011449127935700812
TextVQA_test,431,aligned_no_proj,0.0418323701220593,0.05598003916542389,-0.014147669043364591
TextVQA_test,431,aligned_proj,0.0316092559537965,0.040792285429548984,-0.009183029475752481
TextVQA_test,432,raw_no_proj,0.0019177829542155037,0.001901139961667195,1.6642992548308823e-05
TextVQA_test,432,raw_proj,0.008374833957269122,0.00597321314371731,0.002401620813551811
TextVQA_test,432,aligned_no_proj,0.0023272031556799172,0.0024038423619241753,-7.663920624425809e-05
TextVQA_test,432,aligned_proj,0.0015751886385129469,0.0018992447134666434,-0.00032405607495369654
TextVQA_test,433,raw_no_proj,0.0007402806375395281,0.0013631400845374928,-0.0006228594469979647
TextVQA_test,433,raw_proj,0.0009423801897767709,0.0013422869664781083,-0.00039990677670133736
TextVQA_test,433,aligned_no_proj,0.0012400146610432844,0.0019933570221942302,-0.0007533423611509459
TextVQA_test,433,aligned_proj,0.000903645537936616,0.0008728699546171265,3.077558331948942e-05
TextVQA_test,434,raw_no_proj,0.005302954502610887,0.0017901800646380277,0.0035127744379728596
TextVQA_test,434,raw_proj,0.0057847824332105295,0.003172524787891715,0.0026122576453188147
TextVQA_test,434,aligned_no_proj,0.010752604244484312,0.004682180891179774,0.006070423353304538
TextVQA_test,434,aligned_proj,0.0021064297249567417,0.0019420523434497655,0.00016437738150697624
TextVQA_test,435,raw_no_proj,0.011610579544133904,0.011614011640819346,-3.432096685442032e-06
TextVQA_test,435,raw_proj,0.010818065061962152,0.014753415053033717,-0.0039353499910715645
TextVQA_test,435,aligned_no_proj,0.010354152460605769,0.01184332810728465,-0.0014891756466788812
TextVQA_test,435,aligned_proj,0.010163191425692069,0.011848702231040937,-0.0016855108053488686
TextVQA_test,436,raw_no_proj,0.004943427036479139,0.002211234041369449,0.0027321929951096904
TextVQA_test,436,raw_proj,0.003590624776086547,0.0015360150821223638,0.0020546096939641836
TextVQA_test,436,aligned_no_proj,0.004530464969236879,0.0017053977261536014,0.002825067243083277
TextVQA_test,436,aligned_proj,0.002371737987586436,0.0017121684099144702,0.0006595695776719656
TextVQA_test,437,raw_no_proj,0.0010217718247083135,0.0036758415904123752,-0.002654069765704062
TextVQA_test,437,raw_proj,0.0014751693399578636,0.002607142293939473,-0.0011319729539816092
TextVQA_test,437,aligned_no_proj,0.0013002762843242748,0.004131433781894972,-0.0028311574975706973
TextVQA_test,437,aligned_proj,0.0020035116400051213,0.0038785092957612437,-0.0018749976557561224
TextVQA_test,438,raw_no_proj,0.025439545219687602,0.0012591221634453142,0.024180423056242288
TextVQA_test,438,raw_proj,0.010306813277528642,0.0028418781481093073,0.007464935129419335
TextVQA_test,438,aligned_no_proj,0.01662471053026029,0.001943543278355385,0.014681167251904907
TextVQA_test,438,aligned_proj,0.01236922140617975,0.0028477598747178455,0.009521461531461904
TextVQA_test,439,raw_no_proj,0.009625754553609384,0.006895690200482951,0.0027300643531264334
TextVQA_test,439,raw_proj,0.006535950528370395,0.007117859146724685,-0.0005819086183542904
TextVQA_test,439,aligned_no_proj,0.00456062555183704,0.007532583686529521,-0.0029719581346924814
TextVQA_test,439,aligned_proj,0.0037700068665848675,0.007872091867453431,-0.004102085000868564
TextVQA_test,440,raw_no_proj,0.009169632464646853,0.0003872311049021143,0.008782401359744738
TextVQA_test,440,raw_proj,0.010160343717613344,0.00123480584107396,0.008925537876539383
TextVQA_test,440,aligned_no_proj,0.006929082212013745,0.0012261949068196438,0.005702887305194101
TextVQA_test,440,aligned_proj,0.00769003353545008,0.0016880796526644673,0.006001953882785613
TextVQA_test,441,raw_no_proj,0.006752347301709641,0.009617830097880125,-0.0028654827961704836
TextVQA_test,441,raw_proj,0.008931236272683737,0.016454167156099323,-0.007522930883415586
TextVQA_test,441,aligned_no_proj,0.006693085368566484,0.013576103679328044,-0.00688301831076156
TextVQA_test,441,aligned_proj,0.0024479930823948495,0.006897414196684977,-0.004449421114290127
TextVQA_test,442,raw_no_proj,0.004134777320105374,0.010668439328335647,-0.006533662008230273
TextVQA_test,442,raw_proj,0.004469738846013187,0.005171921586143544,-0.0007021827401303572
TextVQA_test,442,aligned_no_proj,0.008060797321566773,0.011060620895096919,-0.0029998235735301457
TextVQA_test,442,aligned_proj,0.0020498874458705365,0.003469500555879157,-0.0014196131100086204
TextVQA_test,443,raw_no_proj,0.009484736852012685,0.006216386388712228,0.0032683504633004568
TextVQA_test,443,raw_proj,0.008815467708016814,0.008001818116775203,0.0008136495912416108
TextVQA_test,443,aligned_no_proj,0.015164503691874463,0.00871393167524466,0.006450572016629803
TextVQA_test,443,aligned_proj,0.004300517244568615,0.0031117558684158066,0.001188761376152808
TextVQA_test,444,raw_no_proj,0.006875431835817243,0.00476014631765034,0.0021152855181669032
TextVQA_test,444,raw_proj,0.004928087846647132,0.004400054616399134,0.0005280332302479984
TextVQA_test,444,aligned_no_proj,0.016959779296801415,0.01570586292446879,0.0012539163723326238
TextVQA_test,444,aligned_proj,0.007490731566937241,0.009852406990293881,-0.0023616754233566403
TextVQA_test,445,raw_no_proj,0.0057960620655602285,0.003929574210234143,0.0018664878553260851
TextVQA_test,445,raw_proj,0.0021955608108218745,0.0036701989740144663,-0.0014746381631925917
TextVQA_test,445,aligned_no_proj,0.004517913534870308,0.0050615161778251126,-0.0005436026429548046
TextVQA_test,445,aligned_proj,0.006880868598687815,0.009846187358640523,-0.002965318759952708
TextVQA_test,446,raw_no_proj,0.013988354442761896,0.00674837596772159,0.007239978475040306
TextVQA_test,446,raw_proj,0.010098104400143866,0.011650072481627296,-0.0015519680814834302
TextVQA_test,446,aligned_no_proj,0.015204526743735843,0.01004795328206662,0.005156573461669223
TextVQA_test,446,aligned_proj,0.011165603279295415,0.015727014343858658,-0.004561411064563243
TextVQA_test,447,raw_no_proj,0.039583568202711625,0.0059229800745623186,0.03366058812814931
TextVQA_test,447,raw_proj,0.043386799082545925,0.004498530330814475,0.03888826875173145
TextVQA_test,447,aligned_no_proj,0.02865369434529371,0.00726142732574095,0.02139226701955276
TextVQA_test,447,aligned_proj,0.02137810177484502,0.0016465252637347738,0.01973157651111025
TextVQA_test,448,raw_no_proj,0.002411177118177165,0.00043415253252635004,0.001977024585650815
TextVQA_test,448,raw_proj,0.005151095243573514,0.001433801205862497,0.0037172940377110174
TextVQA_test,448,aligned_no_proj,0.0026765147363934203,0.0007981782007734636,0.0018783365356199568
TextVQA_test,448,aligned_proj,0.0020862207225453076,0.0009251737351891429,0.0011610469873561647
TextVQA_test,449,raw_no_proj,0.0075786295516082,0.0010650286108281465,0.006513600940780053
TextVQA_test,449,raw_proj,0.015851141036267034,0.002769868948002033,0.013081272088265001
TextVQA_test,449,aligned_no_proj,0.0294058659942278,0.0036398471558482482,0.02576601883837955
TextVQA_test,449,aligned_proj,0.011301509138619164,0.001667990617979683,0.009633518520639482
TextVQA_test,450,raw_no_proj,0.0028188928761271556,0.0006571427753636746,0.002161750100763481
TextVQA_test,450,raw_proj,0.0018167666165635182,0.0013290004146673366,0.00048776620189618157
TextVQA_test,450,aligned_no_proj,0.0016262415488191649,0.0008472206239266127,0.0007790209248925521
TextVQA_test,450,aligned_proj,0.0012791270138694472,0.001004633285848205,0.00027449372802124225
TextVQA_test,451,raw_no_proj,0.013106819758704326,0.0027620043176199965,0.010344815441084329
TextVQA_test,451,raw_proj,0.013856916636969778,0.005633424996080623,0.008223491640889154
TextVQA_test,451,aligned_no_proj,0.01557147188676244,0.006940459708481752,0.008631012178280687
TextVQA_test,451,aligned_proj,0.004552350171991274,0.004314080250384146,0.00023826992160712757
TextVQA_test,452,raw_no_proj,0.0007120798072331333,0.0007675655862284832,-5.548577899534986e-05
TextVQA_test,452,raw_proj,0.0013604127143766892,0.0009632479260732768,0.00039716478830341233
TextVQA_test,452,aligned_no_proj,0.0011970243774034257,0.001121969637726752,7.50547396766736e-05
TextVQA_test,452,aligned_proj,0.0004563126871157236,0.000761176259295451,-0.0003048635721797274
TextVQA_test,453,raw_no_proj,0.0019287292676201902,0.00044264294605829446,0.0014860863215618958
TextVQA_test,453,raw_proj,0.00124739627982703,0.0009231190827587404,0.0003242771970682896
TextVQA_test,453,aligned_no_proj,0.0020564877823538654,0.0009277840584120744,0.001128703723941791
TextVQA_test,453,aligned_proj,0.0011756634517278938,0.001681256131284515,-0.0005055926795566213
TextVQA_test,454,raw_no_proj,0.003427818165412118,0.0006810781141474636,0.0027467400512646545
TextVQA_test,454,raw_proj,0.004549941868746318,0.0013046367251620796,0.0032453051435842387
TextVQA_test,454,aligned_no_proj,0.0058611303804709984,0.0020328052075360937,0.0038283251729349047
TextVQA_test,454,aligned_proj,0.004046289539890421,0.000907498591845581,0.0031387909480448404
TextVQA_test,455,raw_no_proj,0.0025997351920699443,0.002344245406348754,0.00025548978572119017
TextVQA_test,455,raw_proj,0.0058618610782255,0.006152296350950766,-0.00029043527272526546
TextVQA_test,455,aligned_no_proj,0.006512945559128259,0.006326001372169989,0.00018694418695827057
TextVQA_test,455,aligned_proj,0.004466571197993748,0.0047262875828601855,-0.00025971638486643744
TextVQA_test,456,raw_no_proj,0.00757114798712099,0.010955339366697663,-0.003384191379576673
TextVQA_test,456,raw_proj,0.005798247900100242,0.005967208549486974,-0.000168960649386732
TextVQA_test,456,aligned_no_proj,0.009313923208888958,0.013416119827906707,-0.004102196619017749
TextVQA_test,456,aligned_proj,0.00379597493695225,0.006052502349325782,-0.0022565274123735324
TextVQA_test,457,raw_no_proj,0.002279955581224866,0.003968753165172976,-0.00168879758394811
TextVQA_test,457,raw_proj,0.007007170108949006,0.01081361016158513,-0.003806440052636124
TextVQA_test,457,aligned_no_proj,0.004695084894961803,0.006795547900599636,-0.0021004630056378334
TextVQA_test,457,aligned_proj,0.0016981574159174004,0.005246676866049157,-0.003548519450131757
TextVQA_test,458,raw_no_proj,0.0007096636624583,0.0037956503339238246,-0.0030859866714655244
TextVQA_test,458,raw_proj,0.0010124563157061892,0.008878748284449088,-0.0078662919687429
TextVQA_test,458,aligned_no_proj,0.0004384294978312633,0.006837602168923069,-0.006399172671091806
TextVQA_test,458,aligned_proj,0.0006575232206540161,0.009337429488180515,-0.008679906267526499
TextVQA_test,459,raw_no_proj,0.0027893713330411135,0.007036547605291374,-0.004247176272250261
TextVQA_test,459,raw_proj,0.017119679768850125,0.025610569523773375,-0.00849088975492325
TextVQA_test,459,aligned_no_proj,0.004099822899682634,0.011321254154445093,-0.007221431254762459
TextVQA_test,459,aligned_proj,0.003733827399899135,0.0105298018276451,-0.006795974427745965
TextVQA_test,460,raw_no_proj,0.009788839838762286,0.001539606845072332,0.008249232993689954
TextVQA_test,460,raw_proj,0.005862907476320285,0.0013399210827096878,0.004522986393610597
TextVQA_test,460,aligned_no_proj,0.009505783792347119,0.0012949252523558174,0.008210858539991301
TextVQA_test,460,aligned_proj,0.007562248438189845,0.001398078750781158,0.006164169687408687
TextVQA_test,461,raw_no_proj,0.011901334368469348,0.005555933310484493,0.006345401057984855
TextVQA_test,461,raw_proj,0.007063520386549141,0.004258227578186136,0.002805292808363005
TextVQA_test,461,aligned_no_proj,0.007552225417889848,0.004754497299457715,0.0027977281184321332
TextVQA_test,461,aligned_proj,0.009336305637639595,0.005368044462482549,0.003968261175157046
TextVQA_test,462,raw_no_proj,0.005679859453369411,0.011767211520815762,-0.0060873520674463505
TextVQA_test,462,raw_proj,0.005824909733952554,0.026644377119555404,-0.02081946738560285
TextVQA_test,462,aligned_no_proj,0.006664640673519213,0.019528726414614655,-0.012864085741095443
TextVQA_test,462,aligned_proj,0.0042327664173624725,0.025480166052698358,-0.021247399635335885
TextVQA_test,463,raw_no_proj,0.003157038701614931,0.017682320984431184,-0.014525282282816254
TextVQA_test,463,raw_proj,0.0028340714612558066,0.018424804938172945,-0.015590733476917138
TextVQA_test,463,aligned_no_proj,0.003515770274982594,0.024608042453250042,-0.021092272178267448
TextVQA_test,463,aligned_proj,0.0036755412995843244,0.036711212169993644,-0.03303567087040932
TextVQA_test,464,raw_no_proj,0.009315750028188874,0.008146296509815444,0.00116945351837343
TextVQA_test,464,raw_proj,0.009185312198908849,0.007838182027939733,0.0013471301709691158
TextVQA_test,464,aligned_no_proj,0.00667624841793327,0.009134111334020737,-0.002457862916087467
TextVQA_test,464,aligned_proj,0.00988570361311643,0.012102437238583057,-0.0022167336254666267
TextVQA_test,465,raw_no_proj,0.0010196167290930918,0.0005953925150750999,0.00042422421401799187
TextVQA_test,465,raw_proj,0.00300621961363347,0.002477237452571747,0.0005289821610617229
TextVQA_test,465,aligned_no_proj,0.0015267525508948728,0.0010318753430375053,0.0004948772078573675
TextVQA_test,465,aligned_proj,0.0018558038487286785,0.0021701343010095595,-0.00031433045228088097
TextVQA_test,466,raw_no_proj,0.013766910539470992,0.021117405851402503,-0.00735049531193151
TextVQA_test,466,raw_proj,0.005179805785367023,0.008941425354668114,-0.0037616195693010905
TextVQA_test,466,aligned_no_proj,0.013766479239702029,0.023233304450980277,-0.009466825211278248
TextVQA_test,466,aligned_proj,0.003234271196567568,0.004992076826205635,-0.0017578056296380668
TextVQA_test,467,raw_no_proj,0.00573658620154464,0.001217383085744867,0.004519203115799773
TextVQA_test,467,raw_proj,0.001765298175898273,0.0034093728197586467,-0.0016440746438603738
TextVQA_test,467,aligned_no_proj,0.00515259015110205,0.003026705140164573,0.0021258850109374767
TextVQA_test,467,aligned_proj,0.0015878710819769233,0.005348306417294154,-0.0037604353353172305
TextVQA_test,468,raw_no_proj,0.003825924380164702,0.004483238560599837,-0.0006573141804351351
TextVQA_test,468,raw_proj,0.016685439224921775,0.01718914863581894,-0.000503709410897165
TextVQA_test,468,aligned_no_proj,0.00801199376845041,0.01149951844836894,-0.00348752467991853
TextVQA_test,468,aligned_proj,0.009545288501782555,0.008017633986075677,0.001527654515706878
TextVQA_test,469,raw_no_proj,0.005317323571087658,0.0016400383159864622,0.0036772852551011956
TextVQA_test,469,raw_proj,0.004687414082881351,0.005156254607624123,-0.0004688405247427717
TextVQA_test,469,aligned_no_proj,0.006843825771982359,0.003386431466473395,0.0034573943055089635
TextVQA_test,469,aligned_proj,0.0056752785537824285,0.004998893083828859,0.0006763854699535698
TextVQA_test,470,raw_no_proj,0.021656883424070943,0.00160925539120801,0.020047628032862932
TextVQA_test,470,raw_proj,0.010198774542192843,0.0015641468084317716,0.008634627733761072
TextVQA_test,470,aligned_no_proj,0.021085416057973018,0.0035108143403509407,0.01757460171762208
TextVQA_test,470,aligned_proj,0.006020073147022157,0.0028372657570259557,0.0031828073899962017
TextVQA_test,471,raw_no_proj,0.03686546495579802,0.027011558738871833,0.009853906216926184
TextVQA_test,471,raw_proj,0.029671936999058793,0.03821619287364785,-0.008544255874589058
TextVQA_test,471,aligned_no_proj,0.02014736944418443,0.03741052444313369,-0.01726315499894926
TextVQA_test,471,aligned_proj,0.017522113376660414,0.02529052825033548,-0.007768414873675068
TextVQA_test,472,raw_no_proj,0.01854708051309991,0.05410384105838461,-0.0355567605452847
TextVQA_test,472,raw_proj,0.008622573725752543,0.03114002982053294,-0.022517456094780397
TextVQA_test,472,aligned_no_proj,0.024955755503104114,0.04665078878412966,-0.02169503328102555
TextVQA_test,472,aligned_proj,0.0039046399480609523,0.02796424690413402,-0.024059606956073065
TextVQA_test,473,raw_no_proj,0.021300978345223064,0.004468455861615999,0.016832522483607067
TextVQA_test,473,raw_proj,0.0138559865703967,0.008032588337621015,0.005823398232775685
TextVQA_test,473,aligned_no_proj,0.01892657512227153,0.008764489751791945,0.010162085370479586
TextVQA_test,473,aligned_proj,0.019942575348883936,0.007913760901300415,0.012028814447583521
TextVQA_test,474,raw_no_proj,0.4694517478987809,0.2329170396101669,0.236534708288614
TextVQA_test,474,raw_proj,0.46131674799866873,0.4529711262648647,0.008345621733804043
TextVQA_test,474,aligned_no_proj,0.7389017954339454,0.5105547728304083,0.22834702260353712
TextVQA_test,474,aligned_proj,0.35360627027600866,0.5125425734062137,-0.15893630313020501
TextVQA_test,475,raw_no_proj,0.010016336799191176,0.0031750741246740553,0.00684126267451712
TextVQA_test,475,raw_proj,0.0027860097450839237,0.0008713660638926085,0.0019146436811913153
TextVQA_test,475,aligned_no_proj,0.008997663186005728,0.0015634855726293037,0.0074341776133764245
TextVQA_test,475,aligned_proj,0.006724536136779605,0.001757809126983897,0.004966727009795707
TextVQA_test,476,raw_no_proj,0.021483897885587848,0.018929731520325024,0.0025541663652628235
TextVQA_test,476,raw_proj,0.010610845916901172,0.008831966414714312,0.0017788795021868604
TextVQA_test,476,aligned_no_proj,0.021167265803618746,0.016962013881842933,0.004205251921775812
TextVQA_test,476,aligned_proj,0.01671091212368228,0.010871792922615399,0.005839119201066882
TextVQA_test,477,raw_no_proj,0.0030309669169845065,0.000816945630707801,0.0022140212862767055
TextVQA_test,477,raw_proj,0.0022681142366987035,0.000715489895318203,0.0015526243413805005
TextVQA_test,477,aligned_no_proj,0.0028402561645211426,0.0009714559424771453,0.0018688002220439972
TextVQA_test,477,aligned_proj,0.0013311253124670887,0.0009541984922697921,0.00037692682019729667
TextVQA_test,478,raw_no_proj,0.0032717539090029277,0.004282525074370036,-0.0010107711653671082
TextVQA_test,478,raw_proj,0.0027633055148359883,0.005126835249103066,-0.0023635297342670778
TextVQA_test,478,aligned_no_proj,0.0011364090663280194,0.0020164166314484903,-0.000880007565120471
TextVQA_test,478,aligned_proj,0.0025214857405146903,0.005376288261250813,-0.002854802520736123
TextVQA_test,479,raw_no_proj,0.013578581335544992,0.053147616861052856,-0.03956903552550786
TextVQA_test,479,raw_proj,0.028090946179398595,0.14580025414790224,-0.11770930796850364
TextVQA_test,479,aligned_no_proj,0.03101280990319779,0.11252429678644801,-0.08151148688325022
TextVQA_test,479,aligned_proj,0.015790647699571253,0.10166643786520654,-0.08587579016563529
TextVQA_test,480,raw_no_proj,0.00700137011486541,0.009920641056458292,-0.0029192709415928816
TextVQA_test,480,raw_proj,0.01123389929133084,0.010091412201307114,0.0011424870900237256
TextVQA_test,480,aligned_no_proj,0.014812181768262956,0.02199909787032008,-0.007186916102057123
TextVQA_test,480,aligned_proj,0.007854793142776095,0.013501482372431754,-0.005646689229655659
TextVQA_test,481,raw_no_proj,0.01828106960195189,0.01176674419320134,0.006514325408750552
TextVQA_test,481,raw_proj,0.007010925420562027,0.00610324431923242,0.0009076811013296075
TextVQA_test,481,aligned_no_proj,0.015818058131143696,0.00803217981542789,0.0077858783157158055
TextVQA_test,481,aligned_proj,0.00443953427511657,0.0047249670113978775,-0.00028543273628130715
TextVQA_test,482,raw_no_proj,0.12128295657009384,0.13694516089305356,-0.015662204322959714
TextVQA_test,482,raw_proj,0.07636694638799402,0.09650224021001773,-0.02013529382202371
TextVQA_test,482,aligned_no_proj,0.14793250250027806,0.15759054037084497,-0.009658037870566905
TextVQA_test,482,aligned_proj,0.05152389787333378,0.08410837206166007,-0.03258447418832629
TextVQA_test,483,raw_no_proj,0.025163879587615925,0.004311863215301898,0.020852016372314028
TextVQA_test,483,raw_proj,0.011738236064607116,0.003344722746659764,0.00839351331794735
TextVQA_test,483,aligned_no_proj,0.032292421373477743,0.006640650861431233,0.02565177051204651
TextVQA_test,483,aligned_proj,0.02352928948167984,0.010771030768148978,0.012758258713530863
TextVQA_test,484,raw_no_proj,0.03130898552577292,0.006284408349099804,0.02502457717667312
TextVQA_test,484,raw_proj,0.023162040442243695,0.010374450620665112,0.012787589821578583
TextVQA_test,484,aligned_no_proj,0.024941392843980816,0.011179675288900723,0.013761717555080093
TextVQA_test,484,aligned_proj,0.015889414747445898,0.010331476536361189,0.005557938211084709
TextVQA_test,485,raw_no_proj,0.025590935643297116,0.009574930949243643,0.016016004694053475
TextVQA_test,485,raw_proj,0.028364455450543773,0.013759280436840294,0.014605175013703479
TextVQA_test,485,aligned_no_proj,0.04533724627204078,0.02419024572217408,0.021147000549866703
TextVQA_test,485,aligned_proj,0.04202498885301582,0.03539968680601026,0.006625302047005559
TextVQA_test,486,raw_no_proj,0.00152178024699358,0.001027690121338999,0.0004940901256545811
TextVQA_test,486,raw_proj,0.0026544607756496886,0.0009309249260482876,0.001723535849601401
TextVQA_test,486,aligned_no_proj,0.0014964625579780985,0.001059554653508599,0.00043690790446949956
TextVQA_test,486,aligned_proj,0.001481775500769016,0.00046677955753200403,0.0010149959432370118
TextVQA_test,487,raw_no_proj,0.0714148460069796,0.004746847822732609,0.066667998184247
TextVQA_test,487,raw_proj,0.04374253352562832,0.014401557217814854,0.029340976307813467
TextVQA_test,487,aligned_no_proj,0.04037966085330836,0.0070941979482527255,0.033285462905055636
TextVQA_test,487,aligned_proj,0.02384028293772263,0.008023645233899918,0.01581663770382271
TextVQA_test,488,raw_no_proj,0.00317022426841007,0.022609747594687906,-0.019439523326277835
TextVQA_test,488,raw_proj,0.0024550901661329204,0.015343548258685856,-0.012888458092552936
TextVQA_test,488,aligned_no_proj,0.002910383093816006,0.02635057282193684,-0.023440189728120835
TextVQA_test,488,aligned_proj,0.002146642102980977,0.018194853315560706,-0.01604821121257973
TextVQA_test,489,raw_no_proj,0.0014696955571901749,0.001053471071768079,0.00041622448542209594
TextVQA_test,489,raw_proj,0.005710144666224876,0.0038609391882774126,0.0018492054779474633
TextVQA_test,489,aligned_no_proj,0.0036005989015255673,0.002459338351410642,0.0011412605501149252
TextVQA_test,489,aligned_proj,0.0017966738916987384,0.0018524479238970215,-5.5774032198283073e-05
TextVQA_test,490,raw_no_proj,0.02368702018887282,0.004378722342788944,0.019308297846083875
TextVQA_test,490,raw_proj,0.0128752510214727,0.004427479490192201,0.008447771531280499
TextVQA_test,490,aligned_no_proj,0.03263332771547712,0.008555420922912739,0.02407790679256438
TextVQA_test,490,aligned_proj,0.008766624582538674,0.0036530040060886422,0.005113620576450032
TextVQA_test,491,raw_no_proj,0.015630386276808548,0.008905431126340296,0.006724955150468252
TextVQA_test,491,raw_proj,0.01410955307873655,0.007227869734021247,0.006881683344715304
TextVQA_test,491,aligned_no_proj,0.014879371632219338,0.011638275397726642,0.0032410962344926967
TextVQA_test,491,aligned_proj,0.009590600630328402,0.007903569679688156,0.0016870309506402462
TextVQA_test,492,raw_no_proj,0.006544706764010588,0.007147810085013487,-0.0006031033210028985
TextVQA_test,492,raw_proj,0.007908911372212283,0.00615715506886289,0.0017517563033493926
TextVQA_test,492,aligned_no_proj,0.006571692110536373,0.0149467098547754,-0.008375017744239027
TextVQA_test,492,aligned_proj,0.003742001371744284,0.004614812364010955,-0.0008728109922666715
TextVQA_test,493,raw_no_proj,0.008444656190709863,0.017229965943427798,-0.008785309752717935
TextVQA_test,493,raw_proj,0.011629572886829191,0.01415209186966838,-0.002522518982839188
TextVQA_test,493,aligned_no_proj,0.005753877810362693,0.014469589036774233,-0.00871571122641154
TextVQA_test,493,aligned_proj,0.007506405844686537,0.016108677846544076,-0.00860227200185754
TextVQA_test,494,raw_no_proj,0.0039084750960214805,0.002914464502609419,0.0009940105934120617
TextVQA_test,494,raw_proj,0.004955330482786844,0.003121111886698728,0.0018342185960881162
TextVQA_test,494,aligned_no_proj,0.007613934088980429,0.005490805431749544,0.0021231286572308853
TextVQA_test,494,aligned_proj,0.0027378652130100973,0.0026237644981120614,0.00011410071489803596
TextVQA_test,495,raw_no_proj,0.013423096914935472,0.0038371010212280903,0.009585995893707382
TextVQA_test,495,raw_proj,0.01213220966358092,0.004459560969221832,0.007672648694359089
TextVQA_test,495,aligned_no_proj,0.009025424491444334,0.002751800151347189,0.006273624340097145
TextVQA_test,495,aligned_proj,0.0047163168721133025,0.0018798683133052611,0.0028364485588080416
TextVQA_test,496,raw_no_proj,0.025989181144513908,0.02269181678813404,0.003297364356379867
TextVQA_test,496,raw_proj,0.02564208318409763,0.029159180243368867,-0.0035170970592712375
TextVQA_test,496,aligned_no_proj,0.0186447651900889,0.02599672824718943,-0.007351963057100529
TextVQA_test,496,aligned_proj,0.02490989828798922,0.019331548550746876,0.005578349737242343
TextVQA_test,497,raw_no_proj,0.0007076394345875052,0.0005655559113775567,0.00014208352320994855
TextVQA_test,497,raw_proj,0.0015425484301447021,0.001966988863445728,-0.0004244404333010258
TextVQA_test,497,aligned_no_proj,0.0012127320504730743,0.000904276215752659,0.0003084558347204153
TextVQA_test,497,aligned_proj,0.0007743303554574797,0.0010707689389162364,-0.0002964385834587567
TextVQA_test,498,raw_no_proj,0.0034066569717117142,0.0014851701825339529,0.0019214867891777614
TextVQA_test,498,raw_proj,0.005420383517867329,0.0020016257849426585,0.0034187577329246703
TextVQA_test,498,aligned_no_proj,0.005791675511527707,0.002243441482852325,0.003548234028675382
TextVQA_test,498,aligned_proj,0.0025945027349810966,0.0016613431557368583,0.0009331595792442383
TextVQA_test,499,raw_no_proj,0.005159974805450718,0.0005594482943292931,0.0046005265111214244
TextVQA_test,499,raw_proj,0.00421826086076232,0.001838223177047112,0.0023800376837152075
TextVQA_test,499,aligned_no_proj,0.005288753105933852,0.0016271742611899595,0.0036615788447438924
TextVQA_test,499,aligned_proj,0.010111444522598306,0.0027679106542730795,0.007343533868325226
TextVQA_test,500,raw_no_proj,0.0951373337657777,0.008351172365582277,0.08678616140019542
TextVQA_test,500,raw_proj,0.029223453752183187,0.008484166423964329,0.020739287328218857
TextVQA_test,500,aligned_no_proj,0.04245497901585266,0.008433513230524136,0.034021465785328525
TextVQA_test,500,aligned_proj,0.019468787735657425,0.00764466082015436,0.011824126915503065
TextVQA_test,501,raw_no_proj,0.01075008767228286,0.010613471576436663,0.00013661609584619643
TextVQA_test,501,raw_proj,0.004264873301866897,0.005422608127988049,-0.001157734826121152
TextVQA_test,501,aligned_no_proj,0.006482127711928935,0.007851138470563068,-0.0013690107586341333
TextVQA_test,501,aligned_proj,0.0033710146510363757,0.0070423085140687795,-0.0036712938630324037
TextVQA_test,502,raw_no_proj,0.018189398962716107,0.21723554559496172,-0.19904614663224562
TextVQA_test,502,raw_proj,0.0181413562733114,0.24618446865432678,-0.22804311238101538
TextVQA_test,502,aligned_no_proj,0.024813832602217072,0.18867776374624273,-0.16386393114402567
TextVQA_test,502,aligned_proj,0.00794377881927927,0.1355189181388587,-0.12757513931957942
TextVQA_test,503,raw_no_proj,0.13584940880967455,0.0418218660733449,0.09402754273632966
TextVQA_test,503,raw_proj,0.08994018121377831,0.030074844005529844,0.059865337208248465
TextVQA_test,503,aligned_no_proj,0.14727036526676898,0.05221254583162417,0.09505781943514481
TextVQA_test,503,aligned_proj,0.05989582126165195,0.04718592868701281,0.012709892574639142
TextVQA_test,504,raw_no_proj,0.04157161374780017,0.09321850992479648,-0.05164689617699631
TextVQA_test,504,raw_proj,0.032420169712638426,0.0664789042763024,-0.03405873456366398
TextVQA_test,504,aligned_no_proj,0.04870031763420019,0.13208810109252142,-0.08338778345832124
TextVQA_test,504,aligned_proj,0.015130468121897257,0.05127306556705033,-0.03614259744515307
TextVQA_test,505,raw_no_proj,0.018493447329591062,0.025897994582379086,-0.007404547252788024
TextVQA_test,505,raw_proj,0.00908655855005851,0.03259909587250113,-0.023512537322442618
TextVQA_test,505,aligned_no_proj,0.014241446812439778,0.04069259147544013,-0.026451144663000352
TextVQA_test,505,aligned_proj,0.005604818420113116,0.028389709417075477,-0.022784890996962362
TextVQA_test,506,raw_no_proj,0.001674944743526953,0.0008901069065774113,0.0007848378369495416
TextVQA_test,506,raw_proj,0.0006495784220469514,0.0006565970793095922,-7.018657262640817e-06
TextVQA_test,506,aligned_no_proj,0.0011184886886429855,0.000778028120442879,0.00034046056820010643
TextVQA_test,506,aligned_proj,0.0011134156514118585,0.0009156320545140672,0.00019778359689779127
TextVQA_test,507,raw_no_proj,0.006931574551249172,0.003987649016895045,0.002943925534354128
TextVQA_test,507,raw_proj,0.0035946176742097315,0.0027461309778897105,0.000848486696320021
TextVQA_test,507,aligned_no_proj,0.008048500035019493,0.004682485747937255,0.003366014287082238
TextVQA_test,507,aligned_proj,0.0044017301790458,0.004628181454257177,-0.00022645127521137703
TextVQA_test,508,raw_no_proj,0.003669240097606774,0.0008651491253512794,0.0028040909722554944
TextVQA_test,508,raw_proj,0.002446808995093984,0.0017262419088401976,0.0007205670862537865
TextVQA_test,508,aligned_no_proj,0.003346980494059533,0.0015705492275209368,0.0017764312665385963
TextVQA_test,508,aligned_proj,0.0024119897752339025,0.001520854324257891,0.0008911354509760115
TextVQA_test,509,raw_no_proj,0.0007047424815033995,0.001146191162252028,-0.00044144868074862847
TextVQA_test,509,raw_proj,0.0014366199083016306,0.003191289869473233,-0.0017546699611716023
TextVQA_test,509,aligned_no_proj,0.0007281025183466452,0.002483742935197948,-0.0017556404168513028
TextVQA_test,509,aligned_proj,0.001378960507308181,0.003971776483695611,-0.00259281597638743
TextVQA_test,510,raw_no_proj,0.0024789595429735712,0.005157768204769761,-0.00267880866179619
TextVQA_test,510,raw_proj,0.010775010732833799,0.013056952009102889,-0.00228194127626909
TextVQA_test,510,aligned_no_proj,0.006726349921710068,0.010216915110087871,-0.003490565188377803
TextVQA_test,510,aligned_proj,0.00325872521089501,0.003395540537586883,-0.00013681532669187297
TextVQA_test,511,raw_no_proj,0.00139909151884986,0.0015235906580749609,-0.00012449913922510077
TextVQA_test,511,raw_proj,0.004016779117714226,0.004383294821418575,-0.0003665157037043487
TextVQA_test,511,aligned_no_proj,0.0022692445111776515,0.0024494124472768187,-0.0001801679360991671
TextVQA_test,511,aligned_proj,0.0009325268944015225,0.001274332916897079,-0.0003418060224955566
TextVQA_test,512,raw_no_proj,0.1396574027135006,0.37181117096362026,-0.23215376825011966
TextVQA_test,512,raw_proj,0.2869463681361616,0.4956219994154211,-0.20867563127925953
TextVQA_test,512,aligned_no_proj,0.14687217356360838,0.3235762295678957,-0.17670405600428735
TextVQA_test,512,aligned_proj,0.2796296645602361,0.3946716966938977,-0.1150420321336616
TextVQA_test,513,raw_no_proj,0.8492487233902009,0.7051893613557826,0.14405936203441827
TextVQA_test,513,raw_proj,0.9434248599814896,0.8734258699230044,0.0699989900584852
TextVQA_test,513,aligned_no_proj,0.9412676378504528,0.8483097841306789,0.09295785371977383
TextVQA_test,513,aligned_proj,0.8565060270436221,0.7393603517681974,0.11714567527542474
TextVQA_test,514,raw_no_proj,0.0547901444463475,0.03653062920659944,0.01825951523974806
TextVQA_test,514,raw_proj,0.03670042377682042,0.03359230205395657,0.0031081217228638505
TextVQA_test,514,aligned_no_proj,0.08660700445525978,0.05675354541436526,0.029853459040894516
TextVQA_test,514,aligned_proj,0.019773912776811804,0.025449539104494292,-0.005675626327682488
TextVQA_test,515,raw_no_proj,0.00023797549467134354,0.00015042844308316538,8.754705158817817e-05
TextVQA_test,515,raw_proj,0.0013697190175832213,0.0009314947252324411,0.00043822429235078016
TextVQA_test,515,aligned_no_proj,0.0005631404681248286,0.0003222848077359222,0.00024085566038890637
TextVQA_test,515,aligned_proj,0.000548530088754446,0.00019725906646196175,0.00035127102229248427
TextVQA_test,516,raw_no_proj,0.008518207880638699,0.003749902982100277,0.004768304898538422
TextVQA_test,516,raw_proj,0.006510489191613015,0.0030904938828689578,0.003419995308744057
TextVQA_test,516,aligned_no_proj,0.007416313542177457,0.003228939055240983,0.004187374486936474
TextVQA_test,516,aligned_proj,0.009535182784766045,0.0033489223335001804,0.006186260451265865
TextVQA_test,517,raw_no_proj,0.0004720665622261674,0.00022628727113602358,0.00024577929109014386
TextVQA_test,517,raw_proj,0.0011089553853228238,0.0007556745759330435,0.00035328080938978033
TextVQA_test,517,aligned_no_proj,0.0009116379012400508,0.0005539488048424145,0.0003576890963976363
TextVQA_test,517,aligned_proj,0.000823720203964407,0.00034411095681123876,0.00047960924715316825
TextVQA_test,518,raw_no_proj,0.0004893680486105432,0.0017062551688144802,-0.001216887120203937
TextVQA_test,518,raw_proj,0.000634032840121843,0.003928437592726678,-0.0032944047526048356
TextVQA_test,518,aligned_no_proj,0.0005834898494562983,0.004516276178039473,-0.003932786328583175
TextVQA_test,518,aligned_proj,0.0001763662698338293,0.002842204719696901,-0.002665838449863072
TextVQA_test,519,raw_no_proj,0.004812000819950401,0.0046472513870982855,0.00016474943285211575
TextVQA_test,519,raw_proj,0.0022537318714347648,0.010858226365692492,-0.008604494494257727
TextVQA_test,519,aligned_no_proj,0.0025449964495084577,0.003214241019880582,-0.0006692445703721244
TextVQA_test,519,aligned_proj,0.0011363205124523886,0.005581994253507974,-0.004445673741055586
TextVQA_test,520,raw_no_proj,0.004490423017472947,0.008351566096178565,-0.0038611430787056176
TextVQA_test,520,raw_proj,0.003720133833142902,0.007252125215721053,-0.003531991382578151
TextVQA_test,520,aligned_no_proj,0.004064994696271158,0.010967395136002816,-0.006902400439731659
TextVQA_test,520,aligned_proj,0.002975617329249527,0.012677757449045752,-0.009702140119796225
TextVQA_test,521,raw_no_proj,0.000269682875772923,0.000392604076100808,-0.000122921200327885
TextVQA_test,521,raw_proj,0.0011650175564306428,0.00139301593429106,-0.0002279983778604171
TextVQA_test,521,aligned_no_proj,0.0007981534390095623,0.0010383780920892227,-0.00024022465307966037
TextVQA_test,521,aligned_proj,0.00044150043729273577,0.000646509385724301,-0.00020500894843156523
TextVQA_test,522,raw_no_proj,0.005262149531844328,0.011431724900517429,-0.006169575368673101
TextVQA_test,522,raw_proj,0.00697644270453858,0.004388427127960635,0.002588015576577945
TextVQA_test,522,aligned_no_proj,0.008048126757724724,0.010691155776655054,-0.0026430290189303294
TextVQA_test,522,aligned_proj,0.006869846608742552,0.006119239848053225,0.0007506067606893266
TextVQA_test,523,raw_no_proj,0.011535243729058361,0.01820545762282123,-0.006670213893762869
TextVQA_test,523,raw_proj,0.010849944869108872,0.018577680031925992,-0.00772773516281712
TextVQA_test,523,aligned_no_proj,0.008566192658036648,0.013398594565064911,-0.004832401907028263
TextVQA_test,523,aligned_proj,0.016499153055225087,0.023772400005063046,-0.007273246949837959
TextVQA_test,524,raw_no_proj,0.00790011295276642,0.0006821289581050271,0.007217983994661393
TextVQA_test,524,raw_proj,0.0031870983735562347,0.000684425593329973,0.0025026727802262617
TextVQA_test,524,aligned_no_proj,0.005224700288939188,0.0011034607162522152,0.004121239572686973
TextVQA_test,524,aligned_proj,0.00386924402931496,0.0010356448998686673,0.002833599129446293
TextVQA_test,525,raw_no_proj,0.008372815311840637,0.0023901798431393635,0.005982635468701274
TextVQA_test,525,raw_proj,0.024053654862046147,0.0067310744132892215,0.017322580448756925
TextVQA_test,525,aligned_no_proj,0.024341538383243967,0.009039651680883028,0.01530188670236094
TextVQA_test,525,aligned_proj,0.021871443642442343,0.010280478720842916,0.011590964921599427
TextVQA_test,526,raw_no_proj,0.057186901305774744,0.001997616157312635,0.05518928514846211
TextVQA_test,526,raw_proj,0.01269348351286873,0.001618878794379681,0.01107460471848905
TextVQA_test,526,aligned_no_proj,0.03519661781804773,0.002480932454422569,0.032715685363625166
TextVQA_test,526,aligned_proj,0.014002501379920027,0.0034523598875669235,0.010550141492353103
TextVQA_test,527,raw_no_proj,0.001722251941672093,0.0013014161029239178,0.0004208358387481751
TextVQA_test,527,raw_proj,0.0033733067374057814,0.002366831675573451,0.0010064750618323302
TextVQA_test,527,aligned_no_proj,0.0020693803651085307,0.002809627303532616,-0.0007402469384240854
TextVQA_test,527,aligned_proj,0.0016329119089610713,0.0024665418452821625,-0.0008336299363210912
TextVQA_test,528,raw_no_proj,0.01670507263450773,0.0028732496388277594,0.01383182299567997
TextVQA_test,528,raw_proj,0.023220859869691343,0.010287123415928114,0.01293373645376323
TextVQA_test,528,aligned_no_proj,0.013776204720819217,0.004394913917481923,0.009381290803337293
TextVQA_test,528,aligned_proj,0.007370097303708945,0.003446203324823064,0.0039238939788858816
TextVQA_test,529,raw_no_proj,0.01578644426794747,0.023406635790163468,-0.007620191522215998
TextVQA_test,529,raw_proj,0.01658107108800919,0.03759429624786339,-0.0210132251598542
TextVQA_test,529,aligned_no_proj,0.01389118499825625,0.023121308583095548,-0.009230123584839298
TextVQA_test,529,aligned_proj,0.011197046558073066,0.0270553707665056,-0.015858324208432535
TextVQA_test,530,raw_no_proj,0.001216274394962603,0.00022729816630810668,0.0009889762286544963
TextVQA_test,530,raw_proj,0.002042250495699062,0.0003069149523740235,0.0017353355433250383
TextVQA_test,530,aligned_no_proj,0.0021203036498377566,0.0003394974266909872,0.0017808062231467693
TextVQA_test,530,aligned_proj,0.0028023346864901326,0.0006146827365687623,0.0021876519499213704
TextVQA_test,531,raw_no_proj,0.0007458567950561122,0.0006490324791623703,9.682431589374196e-05
TextVQA_test,531,raw_proj,0.0003341789743942235,0.0007156485701012849,-0.00038146959570706143
TextVQA_test,531,aligned_no_proj,0.00040053272221073565,0.0007582078766490502,-0.0003576751544383146
TextVQA_test,531,aligned_proj,0.00042379004385684205,0.0013201034623786339,-0.0008963134185217918
TextVQA_test,532,raw_no_proj,0.0027755168922358156,0.001106194578390396,0.0016693223138454197
TextVQA_test,532,raw_proj,0.00419851104170215,0.002078519905174589,0.002119991136527561
TextVQA_test,532,aligned_no_proj,0.00423070500980611,0.0021051100840929872,0.002125594925713123
TextVQA_test,532,aligned_proj,0.0021258539790027994,0.0016227750526143167,0.0005030789263884828
TextVQA_test,533,raw_no_proj,0.00844859118437636,0.0029404018245229725,0.005508189359853387
TextVQA_test,533,raw_proj,0.011146591727763172,0.0032218199219912354,0.007924771805771936
TextVQA_test,533,aligned_no_proj,0.010376447850888702,0.004466202842908682,0.00591024500798002
TextVQA_test,533,aligned_proj,0.01225430101402044,0.002674498376509037,0.009579802637511403
TextVQA_test,534,raw_no_proj,0.005904805856144005,0.004067954516227232,0.0018368513399167723
TextVQA_test,534,raw_proj,0.004687201660028859,0.0029554289018557073,0.0017317727581731518
TextVQA_test,534,aligned_no_proj,0.005573685076438684,0.0034249593097363264,0.002148725766702357
TextVQA_test,534,aligned_proj,0.0053893981847388025,0.0032471477340246455,0.002142250450714157
TextVQA_test,535,raw_no_proj,0.006255326038315314,0.00046281841843391733,0.005792507619881397
TextVQA_test,535,raw_proj,0.005184540045530991,0.0009086469675733048,0.0042758930779576865
TextVQA_test,535,aligned_no_proj,0.0032705870636060477,0.0009148608214711456,0.0023557262421349022
TextVQA_test,535,aligned_proj,0.0042993726175991785,0.0009861871823869668,0.0033131854352122115
TextVQA_test,536,raw_no_proj,0.0008787122494846196,0.0010235855848745488,-0.00014487333538992916
TextVQA_test,536,raw_proj,0.004006109997382601,0.003909594422944424,9.651557443817686e-05
TextVQA_test,536,aligned_no_proj,0.0040946765239898535,0.004287076492416555,-0.0001923999684267019
TextVQA_test,536,aligned_proj,0.0018019079223387544,0.0036057490198970516,-0.0018038410975582972
TextVQA_test,537,raw_no_proj,0.04197568460246687,0.06736340133453497,-0.025387716732068105
TextVQA_test,537,raw_proj,0.0367752794032138,0.09038489196081972,-0.05360961255760593
TextVQA_test,537,aligned_no_proj,0.061311667697128716,0.10028640742377912,-0.0389747397266504
TextVQA_test,537,aligned_proj,0.02806782320499551,0.06878423746560436,-0.040716414260608846
TextVQA_test,538,raw_no_proj,0.014392765401346957,0.02828657952740202,-0.013893814126055063
TextVQA_test,538,raw_proj,0.0054168778297847275,0.05404098966536067,-0.04862411183557594
TextVQA_test,538,aligned_no_proj,0.014065875165051442,0.032922433397525284,-0.01885655823247384
TextVQA_test,538,aligned_proj,0.004192833847835553,0.05312948437876891,-0.04893665053093336
TextVQA_test,539,raw_no_proj,0.0017629298033061216,0.002718961777911869,-0.0009560319746057472
TextVQA_test,539,raw_proj,0.0032732382194261,0.0028076110043235704,0.0004656272151025297
TextVQA_test,539,aligned_no_proj,0.003231342604309669,0.006721199203714645,-0.0034898565994049757
TextVQA_test,539,aligned_proj,0.0024411117214464904,0.0038282294147447883,-0.0013871176932982979
TextVQA_test,540,raw_no_proj,0.012210345864160314,0.010401316922906297,0.0018090289412540164
TextVQA_test,540,raw_proj,0.005898601344522122,0.005684454234022726,0.0002141471104993957
TextVQA_test,540,aligned_no_proj,0.009956328725043248,0.009820350513422754,0.00013597821162049384
TextVQA_test,540,aligned_proj,0.006503960939700569,0.005084557986342184,0.0014194029533583846
TextVQA_test,541,raw_no_proj,0.056710283571400705,0.01069170918094227,0.046018574390458436
TextVQA_test,541,raw_proj,0.02398181963152505,0.022147311427227128,0.001834508204297921
TextVQA_test,541,aligned_no_proj,0.06651946766282178,0.04924912906000024,0.017270338602821546
TextVQA_test,541,aligned_proj,0.040382951904233404,0.034602962536090236,0.005779989368143168
TextVQA_test,542,raw_no_proj,0.00038860406767110333,0.0001926301837056753,0.00019597388396542804
TextVQA_test,542,raw_proj,0.0016760431403559611,0.000931833725582164,0.0007442094147737971
TextVQA_test,542,aligned_no_proj,0.0008308695125443897,0.0003862433943943677,0.000444626118150022
TextVQA_test,542,aligned_proj,0.0005583750708388059,0.0003973266258784917,0.0001610484449603142
TextVQA_test,543,raw_no_proj,0.030820015774470303,0.009511631548891827,0.021308384225578476
TextVQA_test,543,raw_proj,0.0657010117988008,0.041597514962670924,0.024103496836129883
TextVQA_test,543,aligned_no_proj,0.0583893998876307,0.01614830834910699,0.042241091538523706
TextVQA_test,543,aligned_proj,0.029170889946467344,0.019025232863955063,0.01014565708251228
TextVQA_test,544,raw_no_proj,0.049771412352182055,0.0003686793842451244,0.04940273296793693
TextVQA_test,544,raw_proj,0.030330920682783723,0.0015967376827826587,0.028734183000001065
TextVQA_test,544,aligned_no_proj,0.022946851341888893,0.0009662818841677056,0.021980569457721186
TextVQA_test,544,aligned_proj,0.016288905515932185,0.0021390860731918793,0.014149819442740305
TextVQA_test,545,raw_no_proj,0.0013333495956634148,0.001135863755719403,0.00019748583994401176
TextVQA_test,545,raw_proj,0.0036311368403812057,0.004473512039176215,-0.0008423751987950093
TextVQA_test,545,aligned_no_proj,0.0026398473667038303,0.0022035210333163557,0.00043632633338747465
TextVQA_test,545,aligned_proj,0.0007837679783438225,0.0017286051289224552,-0.0009448371505786327
TextVQA_test,546,raw_no_proj,0.11247293206587713,0.004644109897046013,0.10782882216883112
TextVQA_test,546,raw_proj,0.049715729192510834,0.016498431766901668,0.033217297425609166
TextVQA_test,546,aligned_no_proj,0.09347417990527375,0.011144633290973082,0.08232954661430067
TextVQA_test,546,aligned_proj,0.02271118342110662,0.012185955548982748,0.010525227872123873
TextVQA_test,547,raw_no_proj,0.050474511126055874,0.005143985949544999,0.04533052517651087
TextVQA_test,547,raw_proj,0.027587739107732687,0.008848430889243425,0.018739308218489265
TextVQA_test,547,aligned_no_proj,0.01962758127699116,0.005410801584937808,0.014216779692053353
TextVQA_test,547,aligned_proj,0.017434079357890202,0.01038991340990125,0.007044165947988951
TextVQA_test,548,raw_no_proj,0.000814090736286352,0.002360416495236577,-0.001546325758950225
TextVQA_test,548,raw_proj,0.0015593850409113595,0.003899388896523812,-0.0023400038556124526
TextVQA_test,548,aligned_no_proj,0.0007060127288122112,0.002700715335930802,-0.0019947026071185908
TextVQA_test,548,aligned_proj,0.0010793663283503248,0.005577276472438426,-0.004497910144088102
TextVQA_test,549,raw_no_proj,0.017657694445928275,0.00573847817493799,0.011919216270990286
TextVQA_test,549,raw_proj,0.0163002526345004,0.012328226776626075,0.003972025857874326
TextVQA_test,549,aligned_no_proj,0.022787821053475436,0.01936826395471533,0.0034195570987601044
TextVQA_test,549,aligned_proj,0.011651628578586757,0.016764813328450905,-0.005113184749864148
TextVQA_test,550,raw_no_proj,0.008828793791062247,0.002702944529289456,0.00612584926177279
TextVQA_test,550,raw_proj,0.0070462831689559555,0.006388300198500673,0.0006579829704552826
TextVQA_test,550,aligned_no_proj,0.008936494704241512,0.0030830271465286927,0.00585346755771282
TextVQA_test,550,aligned_proj,0.0061423796660296,0.003130986306495011,0.0030113933595345894
TextVQA_test,551,raw_no_proj,0.011955440812145914,0.03796464706651472,-0.026009206254368807
TextVQA_test,551,raw_proj,0.005860867544263837,0.01797655032092132,-0.012115682776657484
TextVQA_test,551,aligned_no_proj,0.008814921063729405,0.057180657712241914,-0.04836573664851251
TextVQA_test,551,aligned_proj,0.005804227186957691,0.04940478909716119,-0.043600561910203506
TextVQA_test,552,raw_no_proj,0.006712236366008732,0.0030040017000122613,0.0037082346659964706
TextVQA_test,552,raw_proj,0.003732905914393803,0.0017711304054664158,0.0019617755089273874
TextVQA_test,552,aligned_no_proj,0.006485482933062698,0.003441589647767518,0.00304389328529518
TextVQA_test,552,aligned_proj,0.005585653835870077,0.0027321631037718975,0.002853490732098179
TextVQA_test,553,raw_no_proj,0.0015923380519426023,0.011888178038038242,-0.01029583998609564
TextVQA_test,553,raw_proj,0.0016872857956437544,0.013296464323755896,-0.011609178528112142
TextVQA_test,553,aligned_no_proj,0.0010157734653132538,0.016444006003284405,-0.01542823253797115
TextVQA_test,553,aligned_proj,0.00199094322431353,0.011548942986847641,-0.009557999762534112
TextVQA_test,554,raw_no_proj,0.014158078258507175,0.018312930350337746,-0.0041548520918305715
TextVQA_test,554,raw_proj,0.006976934860099341,0.012425010828263592,-0.00544807596816425
TextVQA_test,554,aligned_no_proj,0.01662336992091063,0.04050339335382212,-0.02388002343291149
TextVQA_test,554,aligned_proj,0.0063736934240811284,0.008486251894066432,-0.0021125584699853038
TextVQA_test,555,raw_no_proj,0.004809046428067019,0.004301385337909295,0.0005076610901577246
TextVQA_test,555,raw_proj,0.008689999308570439,0.011662289980880532,-0.0029722906723100937
TextVQA_test,555,aligned_no_proj,0.0051579671466233925,0.005306174663184963,-0.00014820751656157045
TextVQA_test,555,aligned_proj,0.0038618599795296675,0.0041293533627505645,-0.000267493383220897
TextVQA_test,556,raw_no_proj,0.002318700728522939,0.0012816837959902867,0.0010370169325326522
TextVQA_test,556,raw_proj,0.0025229483235081154,0.0025573813621259573,-3.4433038617841943e-05
TextVQA_test,556,aligned_no_proj,0.0018070034109285032,0.0024993216492075077,-0.0006923182382790045
TextVQA_test,556,aligned_proj,0.0027709479651402682,0.004790379287722441,-0.002019431322582173
TextVQA_test,557,raw_no_proj,0.0020011962845805534,0.002079291112158814,-7.80948275782606e-05
TextVQA_test,557,raw_proj,0.00199192820633535,0.0023596973641313267,-0.0003677691577959768
TextVQA_test,557,aligned_no_proj,0.004404728918354019,0.0046527262232649485,-0.00024799730491092964
TextVQA_test,557,aligned_proj,0.0014503097892760472,0.00257853429161177,-0.0011282245023357227
TextVQA_test,558,raw_no_proj,0.0024287871231895306,0.0029018681672609184,-0.0004730810440713878
TextVQA_test,558,raw_proj,0.00388881210423037,0.012801711352240813,-0.008912899248010444
TextVQA_test,558,aligned_no_proj,0.005085264485692419,0.0071929839783248725,-0.002107719492632453
TextVQA_test,558,aligned_proj,0.002356358080145236,0.003458001797177277,-0.0011016437170320408
TextVQA_test,559,raw_no_proj,0.01669344445844452,0.014088256388943147,0.002605188069501373
TextVQA_test,559,raw_proj,0.005385773658779899,0.00523582706798768,0.00014994659079221873
TextVQA_test,559,aligned_no_proj,0.018784907000111286,0.013980431132676708,0.004804475867434578
TextVQA_test,559,aligned_proj,0.007237977485661884,0.008666452484895074,-0.00142847499923319
TextVQA_test,560,raw_no_proj,0.024422436616207837,0.030569527211763696,-0.006147090595555859
TextVQA_test,560,raw_proj,0.019067539055128837,0.022138582623241525,-0.003071043568112688
TextVQA_test,560,aligned_no_proj,0.03250971654047825,0.031422528912511016,0.0010871876279672371
TextVQA_test,560,aligned_proj,0.014546344848289615,0.018221124749848834,-0.003674779901559219
TextVQA_test,561,raw_no_proj,0.001013005865526754,0.0020253943178550333,-0.0010123884523282793
TextVQA_test,561,raw_proj,0.0009679838536536331,0.0019576133029608816,-0.0009896294493072486
TextVQA_test,561,aligned_no_proj,0.0005626004057420122,0.0010051576996469352,-0.0004425572939049231
TextVQA_test,561,aligned_proj,0.0007704257784618973,0.002484410646521417,-0.0017139848680595197
TextVQA_test,562,raw_no_proj,0.011094914152980896,0.039704672883389774,-0.028609758730408878
TextVQA_test,562,raw_proj,0.021294244102137094,0.08878993270601042,-0.06749568860387332
TextVQA_test,562,aligned_no_proj,0.008690233493154138,0.03407790064923304,-0.0253876671560789
TextVQA_test,562,aligned_proj,0.0066661752224161505,0.06759847875647779,-0.060932303534061635
TextVQA_test,563,raw_no_proj,0.008704046943270883,0.01471287173006048,-0.006008824786789596
TextVQA_test,563,raw_proj,0.005006030423399281,0.01193953371045152,-0.0069335032870522385
TextVQA_test,563,aligned_no_proj,0.007310941669501936,0.014081496359814316,-0.00677055469031238
TextVQA_test,563,aligned_proj,0.004709271400590903,0.015744777064028735,-0.011035505663437833
TextVQA_test,564,raw_no_proj,0.051109579314704785,0.08900206795181123,-0.037892488637106446
TextVQA_test,564,raw_proj,0.04060303481349335,0.11558543688761311,-0.07498240207411976
TextVQA_test,564,aligned_no_proj,0.07504131299247283,0.15662911167995117,-0.08158779868747834
TextVQA_test,564,aligned_proj,0.018552128069472693,0.08638744556639123,-0.06783531749691854
TextVQA_test,565,raw_no_proj,0.029544124830275246,0.0018956048604222198,0.027648519969853028
TextVQA_test,565,raw_proj,0.011328121486950917,0.0019364953543968878,0.009391626132554029
TextVQA_test,565,aligned_no_proj,0.03289196058734472,0.003794814336169472,0.029097146251175248
TextVQA_test,565,aligned_proj,0.011173229280443814,0.001603639313366193,0.009569589967077621
TextVQA_test,566,raw_no_proj,0.005065343006456277,0.005550688796195965,-0.0004853457897396876
TextVQA_test,566,raw_proj,0.008597308775384331,0.02039819991732897,-0.011800891141944637
TextVQA_test,566,aligned_no_proj,0.015923105965246324,0.028185266358482335,-0.01226216039323601
TextVQA_test,566,aligned_proj,0.0074811244419311545,0.027832187569855258,-0.020351063127924104
TextVQA_test,567,raw_no_proj,0.001233295276925987,0.0024789341344176505,-0.0012456388574916635
TextVQA_test,567,raw_proj,0.00514035400295449,0.008291801668793645,-0.0031514476658391554
TextVQA_test,567,aligned_no_proj,0.002474184080893434,0.0051685588347787454,-0.0026943747538853116
TextVQA_test,567,aligned_proj,0.0019148731321140286,0.002399634279478319,-0.00048476114736429026
TextVQA_test,568,raw_no_proj,0.32024822092901584,0.23497489764750568,0.08527332328151016
TextVQA_test,568,raw_proj,0.2846450626961079,0.18424412640953935,0.10040093628656854
TextVQA_test,568,aligned_no_proj,0.5922132447058126,0.49411953173897494,0.09809371296683767
TextVQA_test,568,aligned_proj,0.1906672091479361,0.1344382765881573,0.056228932559778816
TextVQA_test,569,raw_no_proj,0.0025608449843700187,0.000310363194847586,0.0022504817895224326
TextVQA_test,569,raw_proj,0.0016886207269424286,0.0004161046524292524,0.0012725160745131762
TextVQA_test,569,aligned_no_proj,0.0025221875274254683,0.00047663529837074857,0.0020455522290547196
TextVQA_test,569,aligned_proj,0.0012322587556621472,0.00040915098097798233,0.0008231077746841649
TextVQA_test,570,raw_no_proj,0.004975563011466546,0.00038659452313750405,0.004588968488329042
TextVQA_test,570,raw_proj,0.007149207463975413,0.0020657031073558142,0.005083504356619599
TextVQA_test,570,aligned_no_proj,0.003177201315039504,0.0008987687519535781,0.0022784325630859264
TextVQA_test,570,aligned_proj,0.003393084726781222,0.001962548692905798,0.0014305360338754242
TextVQA_test,571,raw_no_proj,0.02429324537138525,0.007426074549337883,0.01686717082204737
TextVQA_test,571,raw_proj,0.006073371743953861,0.003252161721402663,0.0028212100225511985
TextVQA_test,571,aligned_no_proj,0.013204330251222241,0.006892250952451059,0.006312079298771182
TextVQA_test,571,aligned_proj,0.008999968973398154,0.007155345418303784,0.0018446235550943699
TextVQA_test,572,raw_no_proj,0.003767952145211416,0.0050284836194760575,-0.0012605314742646415
TextVQA_test,572,raw_proj,0.0018309892829389478,0.005356826313783332,-0.0035258370308443843
TextVQA_test,572,aligned_no_proj,0.004107288861487417,0.00463804956136522,-0.0005307606998778032
TextVQA_test,572,aligned_proj,0.004658234448072855,0.013474251130872703,-0.008816016682799847
TextVQA_test,573,raw_no_proj,0.0022478133945945324,0.0021614378891263676,8.63755054681648e-05
TextVQA_test,573,raw_proj,0.001931293534248352,0.00272307574013083,-0.0007917822058824779
TextVQA_test,573,aligned_no_proj,0.0013234215991623562,0.0011819594536295458,0.00014146214553281038
TextVQA_test,573,aligned_proj,0.0006890282960877581,0.000982141583888403,-0.000293113287800645
TextVQA_test,574,raw_no_proj,0.15660643950097378,0.009248957840575884,0.1473574816603979
TextVQA_test,574,raw_proj,0.07347507017932726,0.0163817800417372,0.05709329013759007
TextVQA_test,574,aligned_no_proj,0.13146649044746786,0.018113672647702743,0.11335281779976511
TextVQA_test,574,aligned_proj,0.02335399263780901,0.017447779162134105,0.005906213475674906
TextVQA_test,575,raw_no_proj,0.01065723652113569,0.000813900306805346,0.009843336214330345
TextVQA_test,575,raw_proj,0.005732607669876442,0.000983158712028496,0.004749448957847947
TextVQA_test,575,aligned_no_proj,0.009923640795218486,0.0011606810546314285,0.008762959740587058
TextVQA_test,575,aligned_proj,0.005426656658339032,0.0016777709128617244,0.0037488857454773075
TextVQA_test,576,raw_no_proj,0.017135965500748966,0.0007815787780055265,0.01635438672274344
TextVQA_test,576,raw_proj,0.008408308561269772,0.0017100787049283666,0.006698229856341405
TextVQA_test,576,aligned_no_proj,0.01639715887462061,0.0010129659670576128,0.015384192907562998
TextVQA_test,576,aligned_proj,0.007186106184523318,0.001668087682256079,0.005518018502267239
TextVQA_test,577,raw_no_proj,0.016337167667269954,0.0011144851398801473,0.015222682527389807
TextVQA_test,577,raw_proj,0.011099458329614625,0.0018737498970139471,0.009225708432600678
TextVQA_test,577,aligned_no_proj,0.03323222710142077,0.0029262339832412834,0.030305993118179487
TextVQA_test,577,aligned_proj,0.019529233215061483,0.004369162566696819,0.015160070648364663
TextVQA_test,578,raw_no_proj,0.021171072280102267,0.01961981077975476,0.0015512615003475082
TextVQA_test,578,raw_proj,0.01347736204320634,0.031480394163004126,-0.018003032119797785
TextVQA_test,578,aligned_no_proj,0.029425657238078197,0.03751118661505567,-0.008085529376977471
TextVQA_test,578,aligned_proj,0.021183513661718157,0.03290506309422074,-0.011721549432502584
TextVQA_test,579,raw_no_proj,0.0031923703369982023,0.0007836086650531638,0.0024087616719450384
TextVQA_test,579,raw_proj,0.002114124080069631,0.0008471045638407659,0.001267019516228865
TextVQA_test,579,aligned_no_proj,0.0026021902803845813,0.001201492944021319,0.0014006973363632623
TextVQA_test,579,aligned_proj,0.0017799281773341025,0.001422059916761076,0.0003578682605730266
TextVQA_test,580,raw_no_proj,0.0005043205889033948,0.002533954450320605,-0.0020296338614172104
TextVQA_test,580,raw_proj,0.001848656873580431,0.005763537922428299,-0.003914881048847868
TextVQA_test,580,aligned_no_proj,0.0008625100033551922,0.002410563962902608,-0.0015480539595474157
TextVQA_test,580,aligned_proj,0.0015855952091942435,0.0034523689053688957,-0.0018667736961746522
TextVQA_test,581,raw_no_proj,0.004531968033211657,0.005435371439241569,-0.0009034034060299116
TextVQA_test,581,raw_proj,0.005821112645705986,0.0061094979240040636,-0.00028838527829807767
TextVQA_test,581,aligned_no_proj,0.005418489853150729,0.006346918743855003,-0.0009284288907042736
TextVQA_test,581,aligned_proj,0.007232187710490522,0.008044831249601434,-0.0008126435391109122
TextVQA_test,582,raw_no_proj,0.018141900269692854,0.0007182772410166983,0.017423623028676154
TextVQA_test,582,raw_proj,0.01904513604485669,0.002331124643733236,0.01671401140112345
TextVQA_test,582,aligned_no_proj,0.0176453376868551,0.0007657534671904101,0.016879584219664692
TextVQA_test,582,aligned_proj,0.006783560661101109,0.0015135396524763218,0.005270021008624787
TextVQA_test,583,raw_no_proj,0.009984922044729214,0.0050158699550258935,0.00496905208970332
TextVQA_test,583,raw_proj,0.01181951739849344,0.004190204551889316,0.007629312846604124
TextVQA_test,583,aligned_no_proj,0.009384327494881302,0.004474424942009867,0.004909902552871435
TextVQA_test,583,aligned_proj,0.004437185415057166,0.00140845020739229,0.003028735207664876
TextVQA_test,584,raw_no_proj,0.0483241237668544,0.03435102922937669,0.013973094537477714
TextVQA_test,584,raw_proj,0.015603448919001246,0.007909963591630719,0.007693485327370526
TextVQA_test,584,aligned_no_proj,0.05553024712942304,0.03774847277674672,0.01778177435267632
TextVQA_test,584,aligned_proj,0.008113437862246041,0.005542686949021648,0.002570750913224393
TextVQA_test,585,raw_no_proj,0.019122467536929845,0.159432801711256,-0.14031033417432617
TextVQA_test,585,raw_proj,0.010628238626611303,0.18349524487562344,-0.17286700624901213
TextVQA_test,585,aligned_no_proj,0.02215391928178305,0.2448719308520762,-0.22271801157029314
TextVQA_test,585,aligned_proj,0.010668659747176385,0.19460978447967509,-0.1839411247324987
TextVQA_test,586,raw_no_proj,0.0017504008625713683,0.0012893624419505118,0.0004610384206208565
TextVQA_test,586,raw_proj,0.004063030010475718,0.0037501016541458005,0.0003129283563299175
TextVQA_test,586,aligned_no_proj,0.0025323764431209226,0.0023650528019702626,0.00016732364115065994
TextVQA_test,586,aligned_proj,0.0018755217272997302,0.0020841338598551664,-0.0002086121325554362
TextVQA_test,587,raw_no_proj,0.04224960634772537,0.019206220616509423,0.02304338573121595
TextVQA_test,587,raw_proj,0.03554653899703153,0.019503964724891958,0.01604257427213957
TextVQA_test,587,aligned_no_proj,0.054022635341998,0.041584147642209385,0.012438487699788614
TextVQA_test,587,aligned_proj,0.024148827730317086,0.01990182331212687,0.004247004418190217
TextVQA_test,588,raw_no_proj,0.011163377073345799,0.016510521334279698,-0.005347144260933899
TextVQA_test,588,raw_proj,0.011141863990595411,0.017950822416977152,-0.006808958426381741
TextVQA_test,588,aligned_no_proj,0.009567886913794782,0.017898900449201713,-0.00833101353540693
TextVQA_test,588,aligned_proj,0.008164712903676551,0.020070209912068378,-0.011905497008391826
TextVQA_test,589,raw_no_proj,0.0007562664940021126,0.0004346976395008434,0.00032156885450126916
TextVQA_test,589,raw_proj,0.0006399095330847356,0.001252449975066243,-0.0006125404419815073
TextVQA_test,589,aligned_no_proj,0.0006455653984816347,0.0013063348682013907,-0.000660769469719756
TextVQA_test,589,aligned_proj,0.0006963033108517684,0.001987770861355928,-0.0012914675505041593
TextVQA_test,590,raw_no_proj,0.0025724626450981084,0.002513268163826648,5.9194481271460445e-05
TextVQA_test,590,raw_proj,0.002999155445910653,0.0025602231821695476,0.0004389322637411053
TextVQA_test,590,aligned_no_proj,0.003133241835339484,0.0036568126766873712,-0.0005235708413478873
TextVQA_test,590,aligned_proj,0.002718655385939625,0.002794410935182032,-7.575554924240703e-05
TextVQA_test,591,raw_no_proj,0.006844406162133265,0.007816247550417401,-0.0009718413882841359
TextVQA_test,591,raw_proj,0.007938606753382153,0.011476590133830584,-0.003537983380448431
TextVQA_test,591,aligned_no_proj,0.007032105030197834,0.012058286172199882,-0.005026181142002048
TextVQA_test,591,aligned_proj,0.002723072612355828,0.0047740705445141465,-0.0020509979321583186
TextVQA_test,592,raw_no_proj,0.010261430711329211,0.003197316989196773,0.0070641137221324375
TextVQA_test,592,raw_proj,0.006747403803748994,0.002739944625769439,0.004007459177979555
TextVQA_test,592,aligned_no_proj,0.010879614589056832,0.00411123140351438,0.006768383185542452
TextVQA_test,592,aligned_proj,0.01248876693063929,0.0067555682832641595,0.00573319864737513
TextVQA_test,593,raw_no_proj,0.00043122442497851366,0.0008029181752332447,-0.00037169375025473104
TextVQA_test,593,raw_proj,0.0006761985961274804,0.0018352715725261785,-0.0011590729763986981
TextVQA_test,593,aligned_no_proj,0.001201701489009779,0.0024274849228845094,-0.0012257834338747305
TextVQA_test,593,aligned_proj,0.0005730568187186147,0.0015655542390454564,-0.0009924974203268416
TextVQA_test,594,raw_no_proj,0.020692352186574826,0.013913124052113968,0.006779228134460857
TextVQA_test,594,raw_proj,0.03468738917456717,0.03902139278064902,-0.004334003606081847
TextVQA_test,594,aligned_no_proj,0.03263492369195941,0.01994007204571989,0.01269485164623952
TextVQA_test,594,aligned_proj,0.02899906403088019,0.02292253937031601,0.0060765246605641796
TextVQA_test,595,raw_no_proj,0.0386375500894798,0.017435730531310627,0.02120181955816917
TextVQA_test,595,raw_proj,0.010322044831333492,0.006592241625498418,0.003729803205835074
TextVQA_test,595,aligned_no_proj,0.0615130793523171,0.03133468516807744,0.030178394184239656
TextVQA_test,595,aligned_proj,0.008135930064965364,0.007234071390318846,0.0009018586746465185
TextVQA_test,596,raw_no_proj,0.058950661097546854,0.053769845029484654,0.0051808160680621995
TextVQA_test,596,raw_proj,0.0513371013102784,0.03785571830512089,0.013481383005157513
TextVQA_test,596,aligned_no_proj,0.06937522155712642,0.07166085798803362,-0.0022856364309072064
TextVQA_test,596,aligned_proj,0.03907767540433647,0.04108471746441096,-0.0020070420600744876
TextVQA_test,597,raw_no_proj,0.0005514174967177408,0.0003688102485179451,0.00018260724819979573
TextVQA_test,597,raw_proj,0.0015004671978560043,0.0008657725556319378,0.0006346946422240665
TextVQA_test,597,aligned_no_proj,0.0007009929773390054,0.0006178919229924364,8.310105434656905e-05
TextVQA_test,597,aligned_proj,0.0007189760475105093,0.0005239203699793267,0.0001950556775311826
TextVQA_test,598,raw_no_proj,0.014464423017553752,0.00569818054086968,0.008766242476684071
TextVQA_test,598,raw_proj,0.004694419186343025,0.006260821394335107,-0.0015664022079920816
TextVQA_test,598,aligned_no_proj,0.014768618248503278,0.005682328737975452,0.009086289510527826
TextVQA_test,598,aligned_proj,0.008129819597028548,0.006647515447866906,0.0014823041491616416
TextVQA_test,599,raw_no_proj,0.016847145095334897,0.008277592424965395,0.008569552670369502
TextVQA_test,599,raw_proj,0.009036717164993692,0.005083813974321653,0.003952903190672039
TextVQA_test,599,aligned_no_proj,0.010809493433538682,0.004509149670413549,0.006300343763125133
TextVQA_test,599,aligned_proj,0.010947273944427474,0.008213822471772372,0.002733451472655102
TextVQA_test,600,raw_no_proj,0.015626259333075116,0.11445946444398737,-0.09883320511091226
TextVQA_test,600,raw_proj,0.01048033568948874,0.1139899079605166,-0.10350957227102786
TextVQA_test,600,aligned_no_proj,0.021753555527807337,0.14225838240701402,-0.12050482687920669
TextVQA_test,600,aligned_proj,0.005491443066064593,0.11891155162362818,-0.11342010855756358
TextVQA_test,601,raw_no_proj,0.007679878651333688,0.002866068207430154,0.004813810443903534
TextVQA_test,601,raw_proj,0.0038568050699281085,0.001504997783876533,0.0023518072860515757
TextVQA_test,601,aligned_no_proj,0.006710894068597113,0.0026248249561026038,0.004086069112494509
TextVQA_test,601,aligned_proj,0.003439393312846217,0.002660384086605574,0.0007790092262406432
TextVQA_test,602,raw_no_proj,0.008101329827342225,0.0017892935547597346,0.0063120362725824905
TextVQA_test,602,raw_proj,0.006876664043118887,0.005789238678055039,0.0010874253650638484
TextVQA_test,602,aligned_no_proj,0.006263017077563911,0.003927148132687726,0.0023358689448761847
TextVQA_test,602,aligned_proj,0.005397800920909461,0.007434859336309168,-0.0020370584153997073
TextVQA_test,603,raw_no_proj,0.021283940109394026,0.01796508059353479,0.0033188595158592377
TextVQA_test,603,raw_proj,0.01223107001063317,0.008087452958779863,0.004143617051853307
TextVQA_test,603,aligned_no_proj,0.01260321874854575,0.013004517137030895,-0.0004012983884851447
TextVQA_test,603,aligned_proj,0.013723109327829853,0.013106467276521734,0.0006166420513081181
TextVQA_test,604,raw_no_proj,0.31294489556284416,0.04173582339187485,0.2712090721709693
TextVQA_test,604,raw_proj,0.12397375268431096,0.02849619741353569,0.09547755527077527
TextVQA_test,604,aligned_no_proj,0.22034123695286412,0.05227127510491161,0.1680699618479525
TextVQA_test,604,aligned_proj,0.14803335210985155,0.03490215084189971,0.11313120126795184
TextVQA_test,605,raw_no_proj,0.00029425585026413595,0.0003729153991472361,-7.865954888310018e-05
TextVQA_test,605,raw_proj,0.0012215774449160738,0.0006573261130772662,0.0005642513318388076
TextVQA_test,605,aligned_no_proj,0.0004300178616278958,0.0005803978760475043,-0.00015038001441960844
TextVQA_test,605,aligned_proj,0.00032363427122830257,0.0002704024872387546,5.323178398954797e-05
TextVQA_test,606,raw_no_proj,0.002741296661247283,0.003836792346942988,-0.0010954956856957052
TextVQA_test,606,raw_proj,0.0008488456687870642,0.0027495332545814234,-0.001900687585794359
TextVQA_test,606,aligned_no_proj,0.0022451989433524546,0.00381018600750008,-0.0015649870641476255
TextVQA_test,606,aligned_proj,0.0004896882060546462,0.003040895866988587,-0.0025512076609339406
TextVQA_test,607,raw_no_proj,0.018162759486327947,0.03569014933531682,-0.017527389848988873
TextVQA_test,607,raw_proj,0.020659180627672087,0.03735729915267369,-0.016698118525001603
TextVQA_test,607,aligned_no_proj,0.03558804486596739,0.04570345374337057,-0.010115408877403184
TextVQA_test,607,aligned_proj,0.013556928412417438,0.014078884010788608,-0.0005219555983711696
TextVQA_test,608,raw_no_proj,0.0024043420144473373,0.0019070145788884513,0.0004973274355588859
TextVQA_test,608,raw_proj,0.001926079038268473,0.0030361575239620164,-0.0011100784856935433
TextVQA_test,608,aligned_no_proj,0.003505004921844259,0.004968595168258635,-0.0014635902464143757
TextVQA_test,608,aligned_proj,0.007156070575423327,0.01031265130475383,-0.003156580729330504
TextVQA_test,609,raw_no_proj,0.003504252106547337,0.0026772326147036654,0.0008270194918436717
TextVQA_test,609,raw_proj,0.006344480848893486,0.005785627596772563,0.0005588532521209237
TextVQA_test,609,aligned_no_proj,0.0021331854127238543,0.0020997401970960033,3.344521562785108e-05
TextVQA_test,609,aligned_proj,0.0028703291974214685,0.003635524843531098,-0.0007651956461096295
TextVQA_test,610,raw_no_proj,0.005987968708516197,0.00078280304502766,0.005205165663488537
TextVQA_test,610,raw_proj,0.006525528490170869,0.002245172044580938,0.004280356445589931
TextVQA_test,610,aligned_no_proj,0.008644952278818277,0.001185809232204304,0.007459143046613973
TextVQA_test,610,aligned_proj,0.0037059787353678204,0.0022675045944381897,0.0014384741409296307
TextVQA_test,611,raw_no_proj,0.1809346097783277,0.038176916669192526,0.14275769310913516
TextVQA_test,611,raw_proj,0.04407895474873323,0.01867316687857643,0.025405787870156803
TextVQA_test,611,aligned_no_proj,0.13157537523892898,0.036609726709211955,0.09496564852971703
TextVQA_test,611,aligned_proj,0.028016219556398235,0.01333819522616634,0.014678024330231895
TextVQA_test,612,raw_no_proj,0.016114475986939374,0.00537872406109613,0.010735751925843244
TextVQA_test,612,raw_proj,0.009068014604540884,0.004512021951695178,0.0045559926528457055
TextVQA_test,612,aligned_no_proj,0.01397357492197652,0.005780667578117615,0.008192907343858906
TextVQA_test,612,aligned_proj,0.007212170580980503,0.007179186240986461,3.298433999404139e-05
TextVQA_test,613,raw_no_proj,0.0021778564657932526,0.003853568505766651,-0.0016757120399733985
TextVQA_test,613,raw_proj,0.003567346264722469,0.005010833142455425,-0.001443486877732956
TextVQA_test,613,aligned_no_proj,0.0026750613557127347,0.005289108991108641,-0.0026140476353959064
TextVQA_test,613,aligned_proj,0.0027681310444181186,0.006446789065823285,-0.0036786580214051663
TextVQA_test,614,raw_no_proj,0.03748155423147601,0.06027838205006715,-0.022796827818591138
TextVQA_test,614,raw_proj,0.01493852848996495,0.02524852141937609,-0.010309992929411139
TextVQA_test,614,aligned_no_proj,0.04073794528235658,0.0733042330517316,-0.03256628776937502
TextVQA_test,614,aligned_proj,0.015995628114062303,0.030797034948992007,-0.014801406834929705
TextVQA_test,615,raw_no_proj,0.004704542530809545,0.006214283655098822,-0.001509741124289277
TextVQA_test,615,raw_proj,0.011434799869111625,0.019582925019967026,-0.0081481251508554
TextVQA_test,615,aligned_no_proj,0.011182610815789515,0.013590545142567505,-0.0024079343267779905
TextVQA_test,615,aligned_proj,0.0056160330948610586,0.011616932399482707,-0.006000899304621649
TextVQA_test,616,raw_no_proj,0.004713913247148877,0.0033365655696046834,0.0013773476775441936
TextVQA_test,616,raw_proj,0.0025993106429245466,0.002427033161039933,0.00017227748188461357
TextVQA_test,616,aligned_no_proj,0.0049002716345182,0.004009041805361375,0.0008912298291568243
TextVQA_test,616,aligned_proj,0.00382491822843324,0.004298926490349523,-0.0004740082619162831
TextVQA_test,617,raw_no_proj,0.007677350979206953,0.0006187033767487598,0.007058647602458193
TextVQA_test,617,raw_proj,0.008662869311644516,0.0015952679637124087,0.007067601347932107
TextVQA_test,617,aligned_no_proj,0.008728050544691095,0.0011111799582403446,0.00761687058645075
TextVQA_test,617,aligned_proj,0.0038768526179206383,0.001641044160893827,0.002235808457026811
TextVQA_test,618,raw_no_proj,0.0010676811088813,0.0010932842180446597,-2.5603109163359686e-05
TextVQA_test,618,raw_proj,0.0012290813163702914,0.0010184333359012701,0.0002106479804690213
TextVQA_test,618,aligned_no_proj,0.001017947115372244,0.001471274341494012,-0.0004533272261217679
TextVQA_test,618,aligned_proj,0.0009065561190395317,0.001147257694977766,-0.00024070157593823424
TextVQA_test,619,raw_no_proj,0.0008702675961408722,0.0007091234274931111,0.00016114416864776112
TextVQA_test,619,raw_proj,0.0020787081159785318,0.0023173583940835026,-0.00023865027810497088
TextVQA_test,619,aligned_no_proj,0.0021101837037662214,0.002337511999765823,-0.00022732829599960173
TextVQA_test,619,aligned_proj,0.001482617428083248,0.0017293146983065177,-0.0002466972702232697
TextVQA_test,620,raw_no_proj,0.004268740422705032,0.0011550744697043536,0.003113665953000678
TextVQA_test,620,raw_proj,0.009447237635251094,0.0035303273414397313,0.0059169102938113624
TextVQA_test,620,aligned_no_proj,0.0060476447967540365,0.004113625223238455,0.0019340195735155817
TextVQA_test,620,aligned_proj,0.00600112922741762,0.002934717280540332,0.003066411946877288
TextVQA_test,621,raw_no_proj,0.040856038865113575,0.036291850855363496,0.0045641880097500795
TextVQA_test,621,raw_proj,0.019133604062047397,0.011375556909909622,0.007758047152137775
TextVQA_test,621,aligned_no_proj,0.05235267847525932,0.04914184065310654,0.0032108378221527775
TextVQA_test,621,aligned_proj,0.0209340848833479,0.015909656079095537,0.0050244288042523635
TextVQA_test,622,raw_no_proj,0.011027849672449052,0.00832948906274596,0.002698360609703092
TextVQA_test,622,raw_proj,0.004470348766949247,0.0032109030825125595,0.0012594456844366875
TextVQA_test,622,aligned_no_proj,0.008267080142722058,0.006605260537347526,0.001661819605374532
TextVQA_test,622,aligned_proj,0.005526578582272553,0.0050001206972475985,0.0005264578850249545
TextVQA_test,623,raw_no_proj,0.01221389499831814,0.0020671506409127775,0.010146744357405361
TextVQA_test,623,raw_proj,0.011326522414740383,0.004250938995243819,0.007075583419496564
TextVQA_test,623,aligned_no_proj,0.017157684344173803,0.004863535744596592,0.012294148599577212
TextVQA_test,623,aligned_proj,0.011417836659579276,0.003172149082925439,0.008245687576653837
TextVQA_test,624,raw_no_proj,0.00022048084875511123,0.0004620810554279384,-0.0002416002066728272
TextVQA_test,624,raw_proj,0.0004733325713173972,0.001513365001532089,-0.0010400324302146918
TextVQA_test,624,aligned_no_proj,0.00025138677121127375,0.0007400879098029776,-0.0004887011385917039
TextVQA_test,624,aligned_proj,0.00035584864509788437,0.001946091839994166,-0.0015902431948962817
TextVQA_test,625,raw_no_proj,0.010584588154423332,0.006709585484539732,0.0038750026698836006
TextVQA_test,625,raw_proj,0.009063088434284083,0.010113828092387369,-0.0010507396581032856
TextVQA_test,625,aligned_no_proj,0.015042497142286915,0.010601609532603229,0.0044408876096836865
TextVQA_test,625,aligned_proj,0.010816473416829201,0.011063747459365924,-0.00024727404253672286
TextVQA_test,626,raw_no_proj,0.008242237358319639,0.00851471575900864,-0.0002724784006890007
TextVQA_test,626,raw_proj,0.0064835060594864834,0.008536317114204335,-0.0020528110547178516
TextVQA_test,626,aligned_no_proj,0.029287449240988746,0.025461418422378007,0.0038260308186107393
TextVQA_test,626,aligned_proj,0.008721690311025402,0.014609475271919985,-0.005887784960894583
TextVQA_test,627,raw_no_proj,0.026219270298122554,0.0062917320492525365,0.019927538248870016
TextVQA_test,627,raw_proj,0.01190689589168484,0.009725920290054188,0.0021809756016306515
TextVQA_test,627,aligned_no_proj,0.028887601022920147,0.010977201437275642,0.017910399585644506
TextVQA_test,627,aligned_proj,0.008616304291066551,0.006241038326063566,0.002375265965002985
TextVQA_test,628,raw_no_proj,0.011258417210776084,0.010720688513820197,0.0005377286969558866
TextVQA_test,628,raw_proj,0.007206232909194136,0.010074956281165452,-0.002868723371971316
TextVQA_test,628,aligned_no_proj,0.015366633457243484,0.01708912641171593,-0.0017224929544724446
TextVQA_test,628,aligned_proj,0.0034167954030257285,0.012368421904830503,-0.008951626501804776
TextVQA_test,629,raw_no_proj,0.012250218587788481,0.14472118229354555,-0.13247096370575706
TextVQA_test,629,raw_proj,0.012647489208434504,0.11178314769022331,-0.0991356584817888
TextVQA_test,629,aligned_no_proj,0.012756440768227946,0.14501900947022045,-0.13226256870199252
TextVQA_test,629,aligned_proj,0.00966722801834385,0.2121553276571946,-0.20248809963885075
TextVQA_test,630,raw_no_proj,0.02405760317378043,0.015821981141035325,0.008235622032745107
TextVQA_test,630,raw_proj,0.015177663175690808,0.0278494430370228,-0.012671779861331991
TextVQA_test,630,aligned_no_proj,0.030755527080226736,0.03530046307550175,-0.004544935995275012
TextVQA_test,630,aligned_proj,0.016176979599983127,0.029992745874220836,-0.013815766274237709
TextVQA_test,631,raw_no_proj,0.1915816351935377,0.01698019112713138,0.17460144406640632
TextVQA_test,631,raw_proj,0.15088816281657,0.02332971183298992,0.12755845098358007
TextVQA_test,631,aligned_no_proj,0.1328025857435763,0.02017640634049216,0.11262617940308416
TextVQA_test,631,aligned_proj,0.18411755563212978,0.04136127408837233,0.14275628154375747
TextVQA_test,632,raw_no_proj,0.014623825203829065,0.004633604338544186,0.00999022086528488
TextVQA_test,632,raw_proj,0.0074019770136090806,0.004998272936751558,0.0024037040768575225
TextVQA_test,632,aligned_no_proj,0.012901492159432293,0.004294347461056747,0.008607144698375545
TextVQA_test,632,aligned_proj,0.007712723572484808,0.007915774885306093,-0.0002030513128212846
TextVQA_test,633,raw_no_proj,0.023039946687621125,0.0016428652346495275,0.021397081452971596
TextVQA_test,633,raw_proj,0.009349054727765777,0.0014607131017181267,0.007888341626047651
TextVQA_test,633,aligned_no_proj,0.01902119027440762,0.001799463314947595,0.017221726959460025
TextVQA_test,633,aligned_proj,0.00605851701453172,0.0011542847652780068,0.004904232249253713
TextVQA_test,634,raw_no_proj,0.002649152614152987,0.002735610326069372,-8.645771191638507e-05
TextVQA_test,634,raw_proj,0.0018502677282096682,0.001902246686560854,-5.1978958351185786e-05
TextVQA_test,634,aligned_no_proj,0.0016163365550723814,0.0020007264981966315,-0.0003843899431242501
TextVQA_test,634,aligned_proj,0.0010259209954972459,0.001915591338341225,-0.0008896703428439791
TextVQA_test,635,raw_no_proj,0.0012699671767186413,0.001180484659960945,8.948251675769642e-05
TextVQA_test,635,raw_proj,0.000949941799774569,0.0009784445703764075,-2.8502770601838544e-05
TextVQA_test,635,aligned_no_proj,0.00164891266223895,0.0009729424571410101,0.00067597020509794
TextVQA_test,635,aligned_proj,0.0006932899203980872,0.0017521812031400638,-0.0010588912827419767
TextVQA_test,636,raw_no_proj,0.0021615354440748065,0.001138299846039326,0.0010232355980354805
TextVQA_test,636,raw_proj,0.0030497514745344155,0.00213591990268627,0.0009138315718481456
TextVQA_test,636,aligned_no_proj,0.0023449146266194747,0.0012486813587359966,0.001096233267883478
TextVQA_test,636,aligned_proj,0.0007992513094648895,0.0010879226024049053,-0.0002886712929400158
TextVQA_test,637,raw_no_proj,0.010104513268681252,0.005793638598201075,0.004310874670480177
TextVQA_test,637,raw_proj,0.008233724416152558,0.008419391815989132,-0.00018566739983657404
TextVQA_test,637,aligned_no_proj,0.011244402726808798,0.010778980576835866,0.0004654221499729317
TextVQA_test,637,aligned_proj,0.005207277081585625,0.009782940103957572,-0.004575663022371947
TextVQA_test,638,raw_no_proj,0.09523051604297512,0.11997557494614773,-0.024745058903172606
TextVQA_test,638,raw_proj,0.056839448000989216,0.17825800666233343,-0.12141855866134421
TextVQA_test,638,aligned_no_proj,0.1768774855504096,0.29370430400638714,-0.11682681845597753
TextVQA_test,638,aligned_proj,0.053273595408860445,0.17410494889731842,-0.12083135348845797
TextVQA_test,639,raw_no_proj,0.01724588073365677,0.0029351844463456137,0.014310696287311155
TextVQA_test,639,raw_proj,0.030683015875882583,0.007090476000279218,0.023592539875603363
TextVQA_test,639,aligned_no_proj,0.02006024848121171,0.004640296618196161,0.015419951863015547
TextVQA_test,639,aligned_proj,0.0185855491343121,0.006620739115747318,0.011964810018564781
TextVQA_test,640,raw_no_proj,0.0006747422468196287,0.0005411535594202594,0.00013358868739936933
TextVQA_test,640,raw_proj,0.0007434287501221065,0.0005908761786924178,0.00015255257142968875
TextVQA_test,640,aligned_no_proj,0.0009909050297715245,0.000930878402538407,6.0026627233117466e-05
TextVQA_test,640,aligned_proj,0.0007544277184030774,0.0009554014228167443,-0.00020097370441366695
TextVQA_test,641,raw_no_proj,0.000669401711947619,0.001167671592581541,-0.000498269880633922
TextVQA_test,641,raw_proj,0.003949312801586142,0.0032405699702594127,0.0007087428313267293
TextVQA_test,641,aligned_no_proj,0.0018944962447815462,0.0022846096533330187,-0.0003901134085514725
TextVQA_test,641,aligned_proj,0.0019810224919117425,0.0017224768672850109,0.00025854562462673163
TextVQA_test,642,raw_no_proj,0.0026827021260046025,0.0014213318609095408,0.0012613702650950617
TextVQA_test,642,raw_proj,0.0033531446375719013,0.00402480542829656,-0.0006716607907246586
TextVQA_test,642,aligned_no_proj,0.001959185246646197,0.0018705094157132362,8.867583093296076e-05
TextVQA_test,642,aligned_proj,0.0025847758696487502,0.005086075813731015,-0.0025012999440822644
TextVQA_test,643,raw_no_proj,0.006037406796221284,0.018837708380596715,-0.012800301584375432
TextVQA_test,643,raw_proj,0.0047123380744997344,0.015103685152457823,-0.010391347077958088
TextVQA_test,643,aligned_no_proj,0.006744359660412251,0.023189502455674135,-0.016445142795261884
TextVQA_test,643,aligned_proj,0.003690109323766315,0.011005766025991886,-0.007315656702225571
TextVQA_test,644,raw_no_proj,0.0016861264781323662,0.002435243839364527,-0.0007491173612321606
TextVQA_test,644,raw_proj,0.0010840695968893437,0.002078622870634043,-0.0009945532737446995
TextVQA_test,644,aligned_no_proj,0.0019870186734441036,0.0038074199220828023,-0.0018204012486386987
TextVQA_test,644,aligned_proj,0.0007668415960374794,0.0018117951768743983,-0.0010449535808369189
TextVQA_test,645,raw_no_proj,0.004025021886303436,0.0002439452340944574,0.0037810766522089786
TextVQA_test,645,raw_proj,0.001325066430985198,0.00027352136274869874,0.0010515450682364992
TextVQA_test,645,aligned_no_proj,0.0014684334679242407,0.00024239282338492463,0.001226040644539316
TextVQA_test,645,aligned_proj,0.001137813195754188,0.0003781585366005261,0.0007596546591536618
TextVQA_test,646,raw_no_proj,0.0012871100202470206,0.0009609089761331223,0.00032620104411389833
TextVQA_test,646,raw_proj,0.002297831575196365,0.0009523673935212785,0.0013454641816750866
TextVQA_test,646,aligned_no_proj,0.0025339020495443185,0.0016271872852671213,0.0009067147642771972
TextVQA_test,646,aligned_proj,0.0020133796973246867,0.0017482762902719911,0.0002651034070526956
TextVQA_test,647,raw_no_proj,0.0018799810349663148,0.0031355353444328907,-0.001255554309466576
TextVQA_test,647,raw_proj,0.00255534726221943,0.004591372083340679,-0.0020360248211212487
TextVQA_test,647,aligned_no_proj,0.002634370313931782,0.0047672735525916814,-0.0021329032386598994
TextVQA_test,647,aligned_proj,0.0021850646267974703,0.0037565579453044473,-0.001571493318506977
TextVQA_test,648,raw_no_proj,0.002060562095162473,0.001074307485836549,0.0009862546093259241
TextVQA_test,648,raw_proj,0.00302166952544859,0.0010854890638500635,0.0019361804615985263
TextVQA_test,648,aligned_no_proj,0.00359790481552132,0.002161185891089241,0.001436718924432079
TextVQA_test,648,aligned_proj,0.0016551013216581651,0.0009362214547148682,0.000718879866943297
TextVQA_test,649,raw_no_proj,0.00878929016671615,0.010993067832571136,-0.0022037776658549862
TextVQA_test,649,raw_proj,0.01639714951755039,0.01771651586849355,-0.0013193663509431588
TextVQA_test,649,aligned_no_proj,0.011133347698222915,0.015935364720347636,-0.004802017022124721
TextVQA_test,649,aligned_proj,0.00545120933548367,0.007982141708319412,-0.002530932372835742
TextVQA_test,650,raw_no_proj,0.0068393873187392856,0.0021552227503819654,0.004684164568357321
TextVQA_test,650,raw_proj,0.0030162661246337695,0.0016675838881221336,0.001348682236511636
TextVQA_test,650,aligned_no_proj,0.004398803519226203,0.0019588081898078463,0.0024399953294183562
TextVQA_test,650,aligned_proj,0.002073400316671755,0.0017556793567440176,0.0003177209599277376
TextVQA_test,651,raw_no_proj,0.00491266917083234,0.011865398959933904,-0.006952729789101564
TextVQA_test,651,raw_proj,0.0016538536370738852,0.007460218909246699,-0.005806365272172814
TextVQA_test,651,aligned_no_proj,0.004237810441207628,0.015976537608879706,-0.011738727167672078
TextVQA_test,651,aligned_proj,0.0035503375544027552,0.009581848659127057,-0.006031511104724302
TextVQA_test,652,raw_no_proj,0.005536925481499158,0.0014763159603956666,0.004060609521103492
TextVQA_test,652,raw_proj,0.0014956431779842203,0.0014696942589846633,2.594891899955704e-05
TextVQA_test,652,aligned_no_proj,0.004950710240497288,0.003308531210711089,0.0016421790297861992
TextVQA_test,652,aligned_proj,0.0019297290374030974,0.0033083504684228377,-0.0013786214310197403
TextVQA_test,653,raw_no_proj,0.018821303720674372,0.0019801898953750352,0.016841113825299337
TextVQA_test,653,raw_proj,0.007138370968637909,0.0021004349204183713,0.0050379360482195375
TextVQA_test,653,aligned_no_proj,0.01158241243197052,0.0031939533452060988,0.008388459086764421
TextVQA_test,653,aligned_proj,0.006182320672860603,0.0024138265907755804,0.0037684940820850226
TextVQA_test,654,raw_no_proj,0.00016002289876156114,8.351057140277373e-05,7.65123273587874e-05
TextVQA_test,654,raw_proj,0.0008104611299083215,0.00020555491783539587,0.0006049062120729256
TextVQA_test,654,aligned_no_proj,0.00044395744910806094,0.000392912492544818,5.104495656324293e-05
TextVQA_test,654,aligned_proj,0.0007475370491236526,0.00029127363247748026,0.0004562634166461723
TextVQA_test,655,raw_no_proj,0.006641350437894126,0.014055181842747478,-0.007413831404853351
TextVQA_test,655,raw_proj,0.00407164963943844,0.0071010862991808255,-0.0030294366597423857
TextVQA_test,655,aligned_no_proj,0.007822303871561917,0.016229830571226282,-0.008407526699664365
TextVQA_test,655,aligned_proj,0.0025221166160801973,0.006960827435968047,-0.0044387108198878505
TextVQA_test,656,raw_no_proj,0.011894589554196113,0.004224413888147466,0.007670175666048647
TextVQA_test,656,raw_proj,0.015140987063516976,0.014321460495358549,0.0008195265681584275
TextVQA_test,656,aligned_no_proj,0.016488919223386828,0.012408975504754465,0.004079943718632363
TextVQA_test,656,aligned_proj,0.010956346368580862,0.02010595888145757,-0.009149612512876708
TextVQA_test,657,raw_no_proj,0.0037532703836371693,0.008604398100063242,-0.004851127716426072
TextVQA_test,657,raw_proj,0.002606392446446059,0.039524598915849994,-0.036918206469403934
TextVQA_test,657,aligned_no_proj,0.0070391163899629385,0.03475993959256067,-0.027720823202597732
TextVQA_test,657,aligned_proj,0.0030947259441671928,0.020042768730224866,-0.016948042786057674
TextVQA_test,658,raw_no_proj,0.005698512660099673,0.0272601389867539,-0.02156162632665423
TextVQA_test,658,raw_proj,0.0029515483944092765,0.01670468608008932,-0.013753137685680044
TextVQA_test,658,aligned_no_proj,0.006188477126858494,0.03662075567461634,-0.030432278547757846
TextVQA_test,658,aligned_proj,0.001759100105826599,0.016617365113943558,-0.01485826500811696
TextVQA_test,659,raw_no_proj,0.024403421051054707,0.012189964094120988,0.012213456956933719
TextVQA_test,659,raw_proj,0.006777119570649119,0.005716006806164031,0.0010611127644850876
TextVQA_test,659,aligned_no_proj,0.015712689420905018,0.012033746869314613,0.0036789425515904046
TextVQA_test,659,aligned_proj,0.007352327960570596,0.008193961967815652,-0.0008416340072450561
TextVQA_test,660,raw_no_proj,0.014596566313172025,0.03184210108178683,-0.017245534768614807
TextVQA_test,660,raw_proj,0.015159597973060705,0.045178227699159475,-0.03001862972609877
TextVQA_test,660,aligned_no_proj,0.015036448332535958,0.06270845001656046,-0.0476720016840245
TextVQA_test,660,aligned_proj,0.01447697025725959,0.05740876221891371,-0.042931791961654114
TextVQA_test,661,raw_no_proj,0.010888176100084683,0.0065940976483418005,0.0042940784517428825
TextVQA_test,661,raw_proj,0.0158655841525764,0.01592657118810939,-6.0987035532988204e-05
TextVQA_test,661,aligned_no_proj,0.014528244016927639,0.009463635161229953,0.005064608855697686
TextVQA_test,661,aligned_proj,0.011391656067031108,0.00879603809791873,0.0025956179691123786
TextVQA_test,662,raw_no_proj,0.023089638263303142,0.004602100494163857,0.018487537769139285
TextVQA_test,662,raw_proj,0.01505908741426109,0.007375707667178021,0.007683379747083069
TextVQA_test,662,aligned_no_proj,0.015251742269102423,0.003994746025196625,0.011256996243905798
TextVQA_test,662,aligned_proj,0.011688949200043926,0.010023909427276627,0.0016650397727673
TextVQA_test,663,raw_no_proj,0.03636091139738622,0.011061391207421339,0.025299520189964876
TextVQA_test,663,raw_proj,0.011481095961833809,0.005932720046997111,0.005548375914836698
TextVQA_test,663,aligned_no_proj,0.025113945191856103,0.010956409127441098,0.014157536064415005
TextVQA_test,663,aligned_proj,0.008999997748673048,0.01144457439183976,-0.0024445766431667112
TextVQA_test,664,raw_no_proj,0.0013594137737485113,0.0025797250305543925,-0.0012203112568058812
TextVQA_test,664,raw_proj,0.004795083338821125,0.011295780976650566,-0.006500697637829441
TextVQA_test,664,aligned_no_proj,0.0034882591011793857,0.006182933370711533,-0.0026946742695321477
TextVQA_test,664,aligned_proj,0.0037174918085804086,0.008616308737827847,-0.004898816929247438
TextVQA_test,665,raw_no_proj,0.0035571159924281536,0.00029081042088712167,0.003266305571541032
TextVQA_test,665,raw_proj,0.0028213640683871833,0.0008484419947216084,0.0019729220736655747
TextVQA_test,665,aligned_no_proj,0.0036515761336617177,0.00072607642162123,0.0029254997120404876
TextVQA_test,665,aligned_proj,0.0018542542798330901,0.00114796553162243,0.0007062887482106601
TextVQA_test,666,raw_no_proj,0.0017814369936789754,0.0022472831076878765,-0.0004658461140089011
TextVQA_test,666,raw_proj,0.004553296238944848,0.00555744765392308,-0.0010041514149782315
TextVQA_test,666,aligned_no_proj,0.002355390779196284,0.003872042551153436,-0.0015166517719571518
TextVQA_test,666,aligned_proj,0.0012713845129917684,0.0033123618403525317,-0.0020409773273607633
TextVQA_test,667,raw_no_proj,0.030627807966085108,0.04465595229316267,-0.014028144327077566
TextVQA_test,667,raw_proj,0.012798667478120975,0.04868480280407578,-0.035886135325954804
TextVQA_test,667,aligned_no_proj,0.026536924470503712,0.0724231176843698,-0.0458861932138661
TextVQA_test,667,aligned_proj,0.014973808645041914,0.06801345685572867,-0.053039648210686755
TextVQA_test,668,raw_no_proj,0.003942759559129973,0.002250315607025854,0.0016924439521041187
TextVQA_test,668,raw_proj,0.00648077004269815,0.002806794329945306,0.003673975712752844
TextVQA_test,668,aligned_no_proj,0.003516958749497915,0.0025335618602507206,0.0009833968892471942
TextVQA_test,668,aligned_proj,0.0020839231155076387,0.0012965835145842476,0.0007873396009233911
TextVQA_test,669,raw_no_proj,0.003378634343248858,0.0007743315655904721,0.0026043027776583858
TextVQA_test,669,raw_proj,0.0007701263332850187,0.0003982816295402431,0.00037184470374477564
TextVQA_test,669,aligned_no_proj,0.0033049641510927525,0.0009426649195792597,0.002362299231513493
TextVQA_test,669,aligned_proj,0.0013331846829999067,0.0009877976433295054,0.00034538703967040125
TextVQA_test,670,raw_no_proj,0.031918618041410884,0.0034116923902318087,0.028506925651179075
TextVQA_test,670,raw_proj,0.01672118528805774,0.0035711977318203824,0.013149987556237358
TextVQA_test,670,aligned_no_proj,0.03499138518718701,0.00799008603904763,0.02700129914813938
TextVQA_test,670,aligned_proj,0.016699507830998033,0.0038231831096556816,0.012876324721342352
TextVQA_test,671,raw_no_proj,0.013618494762644415,0.028396717509612087,-0.014778222746967672
TextVQA_test,671,raw_proj,0.010763793414954259,0.020972044820445613,-0.010208251405491354
TextVQA_test,671,aligned_no_proj,0.01395571819367259,0.03216200521750278,-0.01820628702383019
TextVQA_test,671,aligned_proj,0.00715272634067217,0.014896898088242344,-0.007744171747570174
TextVQA_test,672,raw_no_proj,0.0002469354982618703,0.0008611536824466671,-0.0006142181841847969
TextVQA_test,672,raw_proj,0.0008753295927572366,0.002237757218709935,-0.0013624276259526984
TextVQA_test,672,aligned_no_proj,0.0006509805237998786,0.0023742747170461868,-0.001723294193246308
TextVQA_test,672,aligned_proj,0.00039796953056595876,0.0019537828054407643,-0.0015558132748748055
TextVQA_test,673,raw_no_proj,0.048518341890929906,0.02492723305942357,0.023591108831506336
TextVQA_test,673,raw_proj,0.04140271114384096,0.047526758995974604,-0.006124047852133642
TextVQA_test,673,aligned_no_proj,0.10210861516194679,0.04548817467768184,0.05662044048426495
TextVQA_test,673,aligned_proj,0.03230714810111536,0.028032378088178735,0.004274770012936625
TextVQA_test,674,raw_no_proj,0.016951083204512142,0.004770473481842173,0.01218060972266997
TextVQA_test,674,raw_proj,0.005850865039259425,0.0022785404502191882,0.0035723245890402367
TextVQA_test,674,aligned_no_proj,0.012814768507098262,0.006969921826656781,0.005844846680441481
TextVQA_test,674,aligned_proj,0.005347482254177195,0.003824823734071733,0.0015226585201054618
TextVQA_test,675,raw_no_proj,0.006173080626926092,0.12180483004934366,-0.11563174942241757
TextVQA_test,675,raw_proj,0.011877479730569204,0.20075475232044146,-0.18887727258987225
TextVQA_test,675,aligned_no_proj,0.005998823029413777,0.119272665285431,-0.11327384225601722
TextVQA_test,675,aligned_proj,0.0035253225348403534,0.05595600647920953,-0.05243068394436917
TextVQA_test,676,raw_no_proj,0.005480537289319931,0.010133146229974941,-0.00465260894065501
TextVQA_test,676,raw_proj,0.003324402602627395,0.008679571204920562,-0.005355168602293167
TextVQA_test,676,aligned_no_proj,0.006363714372292013,0.012597010084595798,-0.006233295712303785
TextVQA_test,676,aligned_proj,0.002431696913445474,0.007748082170744966,-0.005316385257299492
TextVQA_test,677,raw_no_proj,0.005493031700337426,0.0026635997862422428,0.002829431914095183
TextVQA_test,677,raw_proj,0.0026668372796685796,0.0031912623523420907,-0.0005244250726735111
TextVQA_test,677,aligned_no_proj,0.002972882748151012,0.0031170805537600837,-0.00014419780560907163
TextVQA_test,677,aligned_proj,0.003458466214721161,0.004082125584955044,-0.0006236593702338834
TextVQA_test,678,raw_no_proj,0.0033878046882051234,0.004074759548613537,-0.0006869548604084138
TextVQA_test,678,raw_proj,0.0032235474825457167,0.00967429802270941,-0.006450750540163693
TextVQA_test,678,aligned_no_proj,0.002964218719975176,0.006440052789594381,-0.003475834069619205
TextVQA_test,678,aligned_proj,0.0018548182377603306,0.004502664706939873,-0.002647846469179542
TextVQA_test,679,raw_no_proj,0.0028656298181703936,0.00904665438250994,-0.006181024564339546
TextVQA_test,679,raw_proj,0.004420502670661028,0.00483438381399942,-0.000413881143338392
TextVQA_test,679,aligned_no_proj,0.00384108301199069,0.01150967018219987,-0.007668587170209179
TextVQA_test,679,aligned_proj,0.0011188176299854109,0.0018695646954515566,-0.0007507470654661457
TextVQA_test,680,raw_no_proj,0.0004139163261729588,0.0008762669258899956,-0.0004623505997170368
TextVQA_test,680,raw_proj,0.0020249511162328576,0.0027984964208440564,-0.0007735453046111987
TextVQA_test,680,aligned_no_proj,0.0007734779273617909,0.002890668346793375,-0.002117190419431584
TextVQA_test,680,aligned_proj,0.0010310039129635,0.0012112115434742107,-0.00018020763051071085
TextVQA_test,681,raw_no_proj,0.10739102376646602,0.03985581936063772,0.0675352044058283
TextVQA_test,681,raw_proj,0.05095255572684722,0.02810331258516573,0.022849243141681488
TextVQA_test,681,aligned_no_proj,0.06723784204032641,0.029626928722148314,0.037610913318178105
TextVQA_test,681,aligned_proj,0.016202400311057765,0.012220805286153031,0.003981595024904734
TextVQA_test,682,raw_no_proj,0.0006050018085130593,0.0012752401884622141,-0.0006702383799491548
TextVQA_test,682,raw_proj,0.0008182130002472197,0.002002406324640817,-0.001184193324393597
TextVQA_test,682,aligned_no_proj,0.0005642565800094002,0.0010058317971829447,-0.0004415752171735445
TextVQA_test,682,aligned_proj,0.00039814798831316737,0.003407431801266342,-0.003009283812953175
TextVQA_test,683,raw_no_proj,0.014796502294003661,0.02107596926301898,-0.00627946696901532
TextVQA_test,683,raw_proj,0.02983458316941394,0.06628288811291183,-0.03644830494349789
TextVQA_test,683,aligned_no_proj,0.02770752307415894,0.04494559591216052,-0.017238072838001578
TextVQA_test,683,aligned_proj,0.028320284428088368,0.03914640041699293,-0.010826115988904563
TextVQA_test,684,raw_no_proj,0.02022678197417556,0.023403382527752734,-0.0031766005535771753
TextVQA_test,684,raw_proj,0.01749709433154122,0.02144032461146558,-0.00394323027992436
TextVQA_test,684,aligned_no_proj,0.013907830089181505,0.020704838403825053,-0.0067970083146435475
TextVQA_test,684,aligned_proj,0.011897399052076991,0.018656617747717458,-0.006759218695640466
TextVQA_test,685,raw_no_proj,0.026576665960319282,0.008634609188160182,0.0179420567721591
TextVQA_test,685,raw_proj,0.02595991243057454,0.01118762885880366,0.01477228357177088
TextVQA_test,685,aligned_no_proj,0.03177020332921241,0.0123534444776522,0.01941675885156021
TextVQA_test,685,aligned_proj,0.013447425809782209,0.011441628356719235,0.0020057974530629744
TextVQA_test,686,raw_no_proj,0.001994684469538872,0.0010404994249560693,0.0009541850445828025
TextVQA_test,686,raw_proj,0.00346299704327964,0.0054830637751439445,-0.0020200667318643045
TextVQA_test,686,aligned_no_proj,0.002906953593541554,0.002533740245141669,0.00037321334839988474
TextVQA_test,686,aligned_proj,0.0023229159810790132,0.004064992100162367,-0.0017420761190833538
TextVQA_test,687,raw_no_proj,0.015133126538602252,0.01606764592850908,-0.000934519389906829
TextVQA_test,687,raw_proj,0.027448545314179205,0.01988142782611903,0.007567117488060174
TextVQA_test,687,aligned_no_proj,0.01544731295597531,0.01564025558930374,-0.0001929426333284294
TextVQA_test,687,aligned_proj,0.010154597274449038,0.011998654451552388,-0.0018440571771033507
TextVQA_test,688,raw_no_proj,0.008301329302936452,0.006524872244750413,0.0017764570581860388
TextVQA_test,688,raw_proj,0.010960084678180488,0.011192004302233218,-0.0002319196240527302
TextVQA_test,688,aligned_no_proj,0.004922056293077158,0.009135192571908923,-0.004213136278831765
TextVQA_test,688,aligned_proj,0.0056300532721362895,0.008510897905055407,-0.0028808446329191177
TextVQA_test,689,raw_no_proj,0.0004262971519838442,0.0005948133625848565,-0.00016851621060101228
TextVQA_test,689,raw_proj,0.0016635862194357772,0.0025695496241158276,-0.0009059634046800504
TextVQA_test,689,aligned_no_proj,0.0009041538503173509,0.0010671043208366298,-0.00016295047051927884
TextVQA_test,689,aligned_proj,0.0008443287450761234,0.0008062651629511058,3.806358212501764e-05
TextVQA_test,690,raw_no_proj,0.005732942534939436,0.0011250145911704907,0.004607927943768945
TextVQA_test,690,raw_proj,0.004325689076511998,0.002407427421080993,0.0019182616554310047
TextVQA_test,690,aligned_no_proj,0.007578121051145247,0.002284421781519364,0.005293699269625883
TextVQA_test,690,aligned_proj,0.004739772843692925,0.004699444302520332,4.0328541172592915e-05
TextVQA_test,691,raw_no_proj,0.0007090659869669342,0.0027057824311517748,-0.0019967164441848408
TextVQA_test,691,raw_proj,0.0009897822587828966,0.0034410453863780643,-0.0024512631275951675
TextVQA_test,691,aligned_no_proj,0.0006759747653557536,0.0031945133594621523,-0.0025185385941063985
TextVQA_test,691,aligned_proj,0.0010270946410063304,0.006394611982267683,-0.005367517341261352
TextVQA_test,692,raw_no_proj,0.039900409484928734,0.014289653296382007,0.025610756188546725
TextVQA_test,692,raw_proj,0.02074293136438189,0.006722881384687747,0.014020049979694141
TextVQA_test,692,aligned_no_proj,0.03657143245196478,0.027908987748018938,0.008662444703945841
TextVQA_test,692,aligned_proj,0.01073707333897271,0.005657600052164821,0.00507947328680789
TextVQA_test,693,raw_no_proj,0.014411648913675067,0.08431589926785919,-0.06990425035418413
TextVQA_test,693,raw_proj,0.009425751444398589,0.08780246183745702,-0.07837671039305844
TextVQA_test,693,aligned_no_proj,0.016820116378193924,0.12564250088710424,-0.10882238450891032
TextVQA_test,693,aligned_proj,0.012404769075850423,0.09248870469819315,-0.08008393562234273
TextVQA_test,694,raw_no_proj,0.008274168892403223,0.0032579430682249553,0.005016225824178267
TextVQA_test,694,raw_proj,0.004074824598212365,0.0027538981726081056,0.0013209264256042598
TextVQA_test,694,aligned_no_proj,0.009876635095251085,0.004000456879138163,0.005876178216112922
TextVQA_test,694,aligned_proj,0.004876515992876062,0.0021765278124985716,0.0026999881803774907
TextVQA_test,695,raw_no_proj,0.003208074239708765,0.007828091856945205,-0.00462001761723644
TextVQA_test,695,raw_proj,0.00850840287383153,0.02048961788614947,-0.011981215012317942
TextVQA_test,695,aligned_no_proj,0.006642337659029561,0.02257428969711484,-0.015931952038085277
TextVQA_test,695,aligned_proj,0.0025451764029631643,0.011198475050583197,-0.008653298647620032
TextVQA_test,696,raw_no_proj,0.015537607035600266,0.016052753227482074,-0.0005151461918818084
TextVQA_test,696,raw_proj,0.007641601828412521,0.011485254117864234,-0.003843652289451713
TextVQA_test,696,aligned_no_proj,0.02899594909791334,0.026089212216316292,0.002906736881597049
TextVQA_test,696,aligned_proj,0.011798847937350377,0.016015433327528878,-0.004216585390178501
TextVQA_test,697,raw_no_proj,0.029177633968797995,0.000576849160446992,0.028600784808351
TextVQA_test,697,raw_proj,0.011329266753674324,0.00075756048336923,0.010571706270305094
TextVQA_test,697,aligned_no_proj,0.022599365432537273,0.0018099727960428835,0.02078939263649439
TextVQA_test,697,aligned_proj,0.008611070565595277,0.0011252539538231976,0.00748581661177208
TextVQA_test,698,raw_no_proj,0.12052742298443442,0.032234629686148764,0.08829279329828565
TextVQA_test,698,raw_proj,0.0350632072390408,0.018865539347597403,0.016197667891443397
TextVQA_test,698,aligned_no_proj,0.06864649618589043,0.017611270593802072,0.051035225592088354
TextVQA_test,698,aligned_proj,0.032182479763840394,0.016224741372793762,0.01595773839104663
TextVQA_test,699,raw_no_proj,0.0029948046627224618,0.012735284042616316,-0.009740479379893854
TextVQA_test,699,raw_proj,0.003364752565967574,0.01172937921748134,-0.008364626651513767
TextVQA_test,699,aligned_no_proj,0.0021744047363569967,0.019559792713467326,-0.01738538797711033
TextVQA_test,699,aligned_proj,0.002689455737169587,0.01372694210737884,-0.011037486370209255
TextVQA_test,700,raw_no_proj,0.04380398991917939,0.03427494871082329,0.009529041208356098
TextVQA_test,700,raw_proj,0.06646606702191853,0.06718682873370065,-0.0007207617117821197
TextVQA_test,700,aligned_no_proj,0.03496152406575077,0.07540502907052854,-0.04044350500477777
TextVQA_test,700,aligned_proj,0.024465343815140827,0.04130523729471846,-0.016839893479577633
TextVQA_test,701,raw_no_proj,0.0002727203354454721,0.00017764025188476355,9.508008356070853e-05
TextVQA_test,701,raw_proj,0.001156347799381113,0.0010366710401671765,0.0001196767592139365
TextVQA_test,701,aligned_no_proj,0.0007078990564277422,0.0005794138834458905,0.00012848517298185162
TextVQA_test,701,aligned_proj,0.0005904473772432461,0.0006237466275293832,-3.3299250286137065e-05
TextVQA_test,702,raw_no_proj,0.00043301992040385684,0.00032533089144278605,0.0001076890289610708
TextVQA_test,702,raw_proj,0.0011793834903806259,0.0014167309382684104,-0.00023734744788778453
TextVQA_test,702,aligned_no_proj,0.0005222982454718059,0.000381100240916744,0.00014119800455506188
TextVQA_test,702,aligned_proj,0.0006345860854561948,0.0005731359993089782,6.145008614721653e-05
TextVQA_test,703,raw_no_proj,0.01279965670600173,0.05766111163525414,-0.04486145492925241
TextVQA_test,703,raw_proj,0.011519636754336354,0.06783703852843846,-0.056317401774102105
TextVQA_test,703,aligned_no_proj,0.015687643519176116,0.08251704548643769,-0.06682940196726157
TextVQA_test,703,aligned_proj,0.004450795524799546,0.06227777491995689,-0.057826979395157345
TextVQA_test,704,raw_no_proj,0.004246632272069497,0.006395968914459533,-0.002149336642390036
TextVQA_test,704,raw_proj,0.01234978323625831,0.011438318240583252,0.000911464995675057
TextVQA_test,704,aligned_no_proj,0.004977650076569874,0.008354497446354804,-0.0033768473697849306
TextVQA_test,704,aligned_proj,0.0031597428074974757,0.005426069251350895,-0.0022663264438534197
TextVQA_test,705,raw_no_proj,0.0014756038764705906,0.002200690450861518,-0.0007250865743909276
TextVQA_test,705,raw_proj,0.002392811787400413,0.0029333450327758384,-0.0005405332453754254
TextVQA_test,705,aligned_no_proj,0.00133156551441104,0.0023323242046641994,-0.0010007586902531593
TextVQA_test,705,aligned_proj,0.0013940832106237953,0.0013914583433322053,2.624867291590007e-06
TextVQA_test,706,raw_no_proj,0.01102607733543891,0.005845257884179606,0.005180819451259304
TextVQA_test,706,raw_proj,0.014823023046679535,0.007541336171570469,0.007281686875109066
TextVQA_test,706,aligned_no_proj,0.016731277612182228,0.007973507784753392,0.008757769827428836
TextVQA_test,706,aligned_proj,0.010986114283135518,0.01196352511084628,-0.0009774108277107608
TextVQA_test,707,raw_no_proj,0.010650293451481094,0.0005301554540822059,0.010120137997398887
TextVQA_test,707,raw_proj,0.021382835769418018,0.0025410107214035712,0.018841825048014446
TextVQA_test,707,aligned_no_proj,0.026680604571529803,0.0023171820205818744,0.02436342255094793
TextVQA_test,707,aligned_proj,0.012471162393923258,0.0030228356892914314,0.009448326704631827
TextVQA_test,708,raw_no_proj,0.0010890981090538928,0.0055425094336438606,-0.004453411324589968
TextVQA_test,708,raw_proj,0.0007663858315242009,0.004303179649782925,-0.0035367938182587245
TextVQA_test,708,aligned_no_proj,0.0008206304550261239,0.004829101901146438,-0.004008471446120315
TextVQA_test,708,aligned_proj,0.001523731178250273,0.008355017346019636,-0.006831286167769363
TextVQA_test,709,raw_no_proj,0.00166460207668686,0.00039741560220758114,0.0012671864744792788
TextVQA_test,709,raw_proj,0.002853767037098197,0.0010166985207514746,0.0018370685163467224
TextVQA_test,709,aligned_no_proj,0.0048877861258085995,0.001161324150081681,0.0037264619757269185
TextVQA_test,709,aligned_proj,0.0015722535956413915,0.0007303908020186834,0.0008418627936227081
TextVQA_test,710,raw_no_proj,0.00637589223630474,0.005895232046790863,0.00048066018951387676
TextVQA_test,710,raw_proj,0.010455968235130132,0.01084596320486431,-0.0003899949697341778
TextVQA_test,710,aligned_no_proj,0.006194627077631485,0.006122907466568938,7.171961106254652e-05
TextVQA_test,710,aligned_proj,0.002977048498858792,0.006489988392570227,-0.003512939893711435
TextVQA_test,711,raw_no_proj,0.003402527586998024,0.001799370962486586,0.0016031566245114381
TextVQA_test,711,raw_proj,0.0028450318843010465,0.0017424709878534313,0.0011025608964476152
TextVQA_test,711,aligned_no_proj,0.0031355626484525067,0.001860643387763346,0.0012749192606891606
TextVQA_test,711,aligned_proj,0.0012202353719579155,0.0010945668773469249,0.00012566849461099062
TextVQA_test,712,raw_no_proj,0.00672508857200166,0.018172091611245885,-0.011447003039244225
TextVQA_test,712,raw_proj,0.004042986010365207,0.01073040427422141,-0.006687418263856203
TextVQA_test,712,aligned_no_proj,0.00968684308366127,0.030377653874657424,-0.020690810790996154
TextVQA_test,712,aligned_proj,0.010982987699856643,0.021272455636048893,-0.01028946793619225
TextVQA_test,713,raw_no_proj,0.001097070804362951,0.0012816555627003007,-0.00018458475833734974
TextVQA_test,713,raw_proj,0.0014876471416519327,0.0013085173001063655,0.00017912984154556727
TextVQA_test,713,aligned_no_proj,0.002556703430980068,0.002420047329498407,0.00013665610148166094
TextVQA_test,713,aligned_proj,0.0024244166773749755,0.0031107117913580984,-0.0006862951139831228
TextVQA_test,714,raw_no_proj,0.0006242376473201587,0.0007843578907565423,-0.0001601202434363836
TextVQA_test,714,raw_proj,0.0022797390399664245,0.0023027243925501,-2.298535258367547e-05
TextVQA_test,714,aligned_no_proj,0.0006625502521597169,0.0006656074389461586,-3.057186786441777e-06
TextVQA_test,714,aligned_proj,0.0009178236221189819,0.00131700972057634,-0.0003991860984573581
TextVQA_test,715,raw_no_proj,0.011028015623091924,0.0025217668431436165,0.008506248779948308
TextVQA_test,715,raw_proj,0.013019261324502237,0.005198494172888285,0.007820767151613952
TextVQA_test,715,aligned_no_proj,0.013988691314600286,0.006789342885788244,0.007199348428812042
TextVQA_test,715,aligned_proj,0.008244614975080812,0.0021264256297212993,0.006118189345359513
TextVQA_test,716,raw_no_proj,0.07287925947305743,0.032681227730196424,0.040198031742861004
TextVQA_test,716,raw_proj,0.03646933079191146,0.05238031787733348,-0.015910987085422018
TextVQA_test,716,aligned_no_proj,0.07769340926546157,0.06436620773298843,0.013327201532473146
TextVQA_test,716,aligned_proj,0.029591430447728762,0.0430504898253921,-0.013459059377663337
TextVQA_test,717,raw_no_proj,0.01466666811233751,0.04271823764631941,-0.0280515695339819
TextVQA_test,717,raw_proj,0.005119033223361421,0.06294578100005424,-0.05782674777669282
TextVQA_test,717,aligned_no_proj,0.016192814143686913,0.07783748305693433,-0.06164466891324742
TextVQA_test,717,aligned_proj,0.007235990709798056,0.10723098656958471,-0.09999499585978666
TextVQA_test,718,raw_no_proj,0.0023849954829633303,0.006365928799360202,-0.003980933316396871
TextVQA_test,718,raw_proj,0.0037225638466302623,0.010305598714101017,-0.006583034867470755
TextVQA_test,718,aligned_no_proj,0.0034446426178171754,0.011724325988247405,-0.00827968337043023
TextVQA_test,718,aligned_proj,0.0007386481475034769,0.003959421463524312,-0.003220773316020835
TextVQA_test,719,raw_no_proj,0.005949315819589436,0.012623823284632097,-0.00667450746504266
TextVQA_test,719,raw_proj,0.006632079295396854,0.016089217994619487,-0.009457138699222633
TextVQA_test,719,aligned_no_proj,0.003426470453437144,0.010438441644830999,-0.007011971191393854
TextVQA_test,719,aligned_proj,0.002887059149716648,0.008101586052271662,-0.005214526902555014
TextVQA_test,720,raw_no_proj,0.004725228888044943,0.002678697754944984,0.002046531133099959
TextVQA_test,720,raw_proj,0.009399201055702865,0.007830181471535462,0.0015690195841674033
TextVQA_test,720,aligned_no_proj,0.005635673766780578,0.0024198795908397827,0.0032157941759407955
TextVQA_test,720,aligned_proj,0.004884210652048387,0.0034757044475316025,0.001408506204516784
TextVQA_test,721,raw_no_proj,0.0019581164272257003,0.000879542151274845,0.0010785742759508554
TextVQA_test,721,raw_proj,0.008063793287374119,0.0030829249630224963,0.004980868324351623
TextVQA_test,721,aligned_no_proj,0.002730376039729917,0.0008624569694315817,0.0018679190702983353
TextVQA_test,721,aligned_proj,0.006440301607043487,0.0019481341732264356,0.004492167433817052
TextVQA_test,722,raw_no_proj,0.38005987803598557,0.07038263734252713,0.3096772406934584
TextVQA_test,722,raw_proj,0.19107410414923354,0.17503854276401595,0.016035561385217584
TextVQA_test,722,aligned_no_proj,0.5215815206623674,0.2257000126310892,0.2958815080312782
TextVQA_test,722,aligned_proj,0.26440886801588515,0.12777277380535357,0.13663609421053158
TextVQA_test,723,raw_no_proj,0.017739490742244932,0.011637046224206013,0.006102444518038919
TextVQA_test,723,raw_proj,0.036044759579398664,0.02569376616097838,0.010350993418420284
TextVQA_test,723,aligned_no_proj,0.02957565703945004,0.030445025593081463,-0.0008693685536314243
TextVQA_test,723,aligned_proj,0.02122875372473588,0.03691209587725238,-0.015683342152516502
TextVQA_test,724,raw_no_proj,0.0009599374272080203,0.0007463771745941955,0.00021356025261382472
TextVQA_test,724,raw_proj,0.0024009515585367413,0.002059667360232246,0.0003412841983044951
TextVQA_test,724,aligned_no_proj,0.0013583897966361884,0.00137169868199796,-1.3308885361771597e-05
TextVQA_test,724,aligned_proj,0.000590507856799932,0.0005932612366877195,-2.753379887787547e-06
TextVQA_test,725,raw_no_proj,0.00890917097224741,0.011374838649379332,-0.0024656676771319212
TextVQA_test,725,raw_proj,0.010352450215823166,0.019240472012050567,-0.008888021796227401
TextVQA_test,725,aligned_no_proj,0.009188909300598357,0.013074391375895937,-0.00388548207529758
TextVQA_test,725,aligned_proj,0.004803559568630865,0.00983213729976658,-0.0050285777311357156
TextVQA_test,726,raw_no_proj,0.03117229073784869,0.006741971113128194,0.024430319624720497
TextVQA_test,726,raw_proj,0.027414690628475066,0.01869677183669137,0.008717918791783696
TextVQA_test,726,aligned_no_proj,0.024374210513118073,0.008593259961294394,0.01578095055182368
TextVQA_test,726,aligned_proj,0.01450554446465805,0.011205155876308926,0.003300388588349124
TextVQA_test,727,raw_no_proj,0.0024291900078568475,0.0006025102234672689,0.0018266797843895786
TextVQA_test,727,raw_proj,0.0021977469374665362,0.0013666593471626273,0.0008310875903039089
TextVQA_test,727,aligned_no_proj,0.002213082877226471,0.0009374466008977315,0.0012756362763287395
TextVQA_test,727,aligned_proj,0.0014825737766062618,0.0007489764036782723,0.0007335973729279895
TextVQA_test,728,raw_no_proj,0.00418637460416165,0.0026037612012096436,0.0015826134029520065
TextVQA_test,728,raw_proj,0.007497587226940204,0.004259961327146647,0.0032376258997935566
TextVQA_test,728,aligned_no_proj,0.006160868802206509,0.007853891317485371,-0.0016930225152788627
TextVQA_test,728,aligned_proj,0.0031037798082145214,0.003519245529266358,-0.00041546572105183657
TextVQA_test,729,raw_no_proj,0.07959266130224979,0.03661717706949044,0.04297548423275935
TextVQA_test,729,raw_proj,0.07012746101653455,0.03645530368463812,0.033672157331896435
TextVQA_test,729,aligned_no_proj,0.05303850269189519,0.02887664127841465,0.024161861413480538
TextVQA_test,729,aligned_proj,0.024155529659857698,0.025456893463845925,-0.0013013638039882265
TextVQA_test,730,raw_no_proj,0.012104334942704001,0.007198491914230011,0.0049058430284739905
TextVQA_test,730,raw_proj,0.008278045262932925,0.016844086943325204,-0.008566041680392279
TextVQA_test,730,aligned_no_proj,0.008256702685645155,0.01900175838736771,-0.010745055701722557
TextVQA_test,730,aligned_proj,0.007768422395525087,0.019728139340824555,-0.011959716945299468
TextVQA_test,731,raw_no_proj,0.012612999267000156,0.017571786841398686,-0.00495878757439853
TextVQA_test,731,raw_proj,0.006888260073056811,0.025104151016695272,-0.01821589094363846
TextVQA_test,731,aligned_no_proj,0.006149931062564307,0.02516480697507835,-0.019014875912514044
TextVQA_test,731,aligned_proj,0.004373422581862665,0.013419067857094515,-0.00904564527523185
TextVQA_test,732,raw_no_proj,0.005821909017251955,0.0016329951612219775,0.004188913856029978
TextVQA_test,732,raw_proj,0.001903181888075238,0.0045013864526376205,-0.0025982045645623827
TextVQA_test,732,aligned_no_proj,0.004903891144920486,0.004859207768297606,4.468337662287981e-05
TextVQA_test,732,aligned_proj,0.003457410521684587,0.006993704315917451,-0.0035362937942328638
TextVQA_test,733,raw_no_proj,0.032132511846330515,0.0030097422799179045,0.02912276956641261
TextVQA_test,733,raw_proj,0.009386797356317431,0.0019190956984748556,0.007467701657842576
TextVQA_test,733,aligned_no_proj,0.017086523691608277,0.0035715919958645747,0.013514931695743703
TextVQA_test,733,aligned_proj,0.005263018457118595,0.00387090770405807,0.0013921107530605252
TextVQA_test,734,raw_no_proj,0.0026034387379749967,0.00573002427028271,-0.003126585532307713
TextVQA_test,734,raw_proj,0.006518127959131013,0.011899166388655751,-0.005381038429524738
TextVQA_test,734,aligned_no_proj,0.001674982371001423,0.005516047843569396,-0.0038410654725679733
TextVQA_test,734,aligned_proj,0.0009035296695261992,0.003985601283622222,-0.0030820716140960228
TextVQA_test,735,raw_no_proj,0.00266090278053884,0.005679866651944984,-0.003018963871406144
TextVQA_test,735,raw_proj,0.016171497060403137,0.035660510334873684,-0.019489013274470546
TextVQA_test,735,aligned_no_proj,0.0023981542466934794,0.006164657465570648,-0.003766503218877168
TextVQA_test,735,aligned_proj,0.0032504217297447784,0.009348592054041458,-0.00609817032429668
TextVQA_test,736,raw_no_proj,0.005594801931897512,0.0005660588803234302,0.005028743051574082
TextVQA_test,736,raw_proj,0.008019963451599254,0.0013141543683639807,0.006705809083235274
TextVQA_test,736,aligned_no_proj,0.004714395656570684,0.0014530716264297243,0.0032613240301409595
TextVQA_test,736,aligned_proj,0.00715010803631214,0.002445198127939836,0.004704909908372305
TextVQA_test,737,raw_no_proj,0.01448539740889118,0.003944246857293491,0.01054115055159769
TextVQA_test,737,raw_proj,0.005390061328691218,0.010257801766713787,-0.0048677404380225685
TextVQA_test,737,aligned_no_proj,0.011203814472601527,0.009213130658521444,0.001990683814080083
TextVQA_test,737,aligned_proj,0.0034147810904352044,0.007266307394819283,-0.0038515263043840784
TextVQA_test,738,raw_no_proj,0.001851242776198616,0.0009267447482708607,0.0009244980279277552
TextVQA_test,738,raw_proj,0.002618949568854817,0.002706905225934444,-8.795565707962662e-05
TextVQA_test,738,aligned_no_proj,0.0030627278457823663,0.0013443953862776177,0.0017183324595047486
TextVQA_test,738,aligned_proj,0.0010513397488239164,0.001656000001762976,-0.0006046602529390596
TextVQA_test,739,raw_no_proj,0.007408826579137657,0.0641946318669956,-0.05678580528785795
TextVQA_test,739,raw_proj,0.005132006221096601,0.04497260592904466,-0.03984059970794806
TextVQA_test,739,aligned_no_proj,0.00630828126664676,0.06188796925048144,-0.05557968798383468
TextVQA_test,739,aligned_proj,0.0028111406622460546,0.03121061420390513,-0.028399473541659077
TextVQA_test,740,raw_no_proj,0.012154443934016834,0.0023444601679401887,0.009809983766076644
TextVQA_test,740,raw_proj,0.015233231898793637,0.007485577172367449,0.007747654726426188
TextVQA_test,740,aligned_no_proj,0.019249406277214536,0.005856068240221924,0.013393338036992612
TextVQA_test,740,aligned_proj,0.017230400419580957,0.012064727966412088,0.005165672453168868
TextVQA_test,741,raw_no_proj,0.001250288805665005,0.0003501590122987795,0.0009001297933662255
TextVQA_test,741,raw_proj,0.002293964644963138,0.0012477607758048573,0.0010462038691582806
TextVQA_test,741,aligned_no_proj,0.002468046954347652,0.0008856817257057078,0.001582365228641944
TextVQA_test,741,aligned_proj,0.0018927564460831103,0.00086597688488575,0.0010267795611973603
TextVQA_test,742,raw_no_proj,0.00495497826419044,0.0012709928941831332,0.0036839853700073068
TextVQA_test,742,raw_proj,0.001925688409001805,0.0011246374202889052,0.0008010509887128997
TextVQA_test,742,aligned_no_proj,0.00422592009369984,0.001476276387317535,0.0027496437063823046
TextVQA_test,742,aligned_proj,0.001508211212571387,0.0014522626373777432,5.594857519364369e-05
TextVQA_test,743,raw_no_proj,0.006817197060695391,0.0022207777287066312,0.00459641933198876
TextVQA_test,743,raw_proj,0.008011126407430104,0.004382832846145239,0.0036282935612848653
TextVQA_test,743,aligned_no_proj,0.013258491254470574,0.004849392279289421,0.008409098975181153
TextVQA_test,743,aligned_proj,0.0025584314086839147,0.0031573257230505685,-0.0005988943143666538
TextVQA_test,744,raw_no_proj,0.18975007482908263,0.004439378773457635,0.185310696055625
TextVQA_test,744,raw_proj,0.09220897287487653,0.014236990640771097,0.07797198223410544
TextVQA_test,744,aligned_no_proj,0.22617404460561077,0.011881967243493077,0.2142920773621177
TextVQA_test,744,aligned_proj,0.08144194800077349,0.013610483515919735,0.06783146448485376
TextVQA_test,745,raw_no_proj,0.006221902633231785,0.006560887555335871,-0.00033898492210408544
TextVQA_test,745,raw_proj,0.005730563596880453,0.008653921613778376,-0.0029233580168979223
TextVQA_test,745,aligned_no_proj,0.0025083889645584534,0.0037232788106236155,-0.0012148898460651622
TextVQA_test,745,aligned_proj,0.008867275083193486,0.011637289560194325,-0.0027700144770008393
TextVQA_test,746,raw_no_proj,0.022156899976433983,0.011534546742232409,0.010622353234201574
TextVQA_test,746,raw_proj,0.017620127058580966,0.008066596021265627,0.009553531037315339
TextVQA_test,746,aligned_no_proj,0.030173587991271223,0.01231947955443819,0.017854108436833036
TextVQA_test,746,aligned_proj,0.00738630301827859,0.008085910947636898,-0.0006996079293583079
TextVQA_test,747,raw_no_proj,0.0004009532991667884,0.0004313191160826657,-3.036581691587731e-05
TextVQA_test,747,raw_proj,0.0012439392434172919,0.0032070423478258157,-0.001963103104408524
TextVQA_test,747,aligned_no_proj,0.0005256555148941258,0.0007631519450917901,-0.0002374964301976643
TextVQA_test,747,aligned_proj,0.0015564810920570267,0.0017000339938992735,-0.00014355290184224685
TextVQA_test,748,raw_no_proj,0.002738668081996973,0.0027310550200335313,7.61306196344182e-06
TextVQA_test,748,raw_proj,0.001987513809829655,0.0026469327884306266,-0.0006594189786009717
TextVQA_test,748,aligned_no_proj,0.0012406514733655674,0.001913762977467149,-0.0006731115041015815
TextVQA_test,748,aligned_proj,0.0013534129080615214,0.002270782405550135,-0.0009173694974886136
TextVQA_test,749,raw_no_proj,0.0019737298417837872,0.03678236488826836,-0.03480863504648457
TextVQA_test,749,raw_proj,0.0019473574202815173,0.02372312323101169,-0.021775765810730173
TextVQA_test,749,aligned_no_proj,0.0025999431980566635,0.042272900979435486,-0.039672957781378825
TextVQA_test,749,aligned_proj,0.0015201867005163214,0.030373306182736173,-0.02885311948221985
TextVQA_test,750,raw_no_proj,0.002384407198944456,0.0035586862031994444,-0.0011742790042549886
TextVQA_test,750,raw_proj,0.0014341366040353347,0.0031775746219675303,-0.0017434380179321956
TextVQA_test,750,aligned_no_proj,0.0029795699238703553,0.004578819782083364,-0.0015992498582130085
TextVQA_test,750,aligned_proj,0.0013204794391986356,0.0033417751834215613,-0.0020212957442229257
TextVQA_test,751,raw_no_proj,0.02338722721282371,0.007095755755128043,0.016291471457695668
TextVQA_test,751,raw_proj,0.01301298057348441,0.01171894543193159,0.0012940351415528205
TextVQA_test,751,aligned_no_proj,0.023883722374029304,0.01583319009113538,0.008050532282893923
TextVQA_test,751,aligned_proj,0.011514440520996157,0.00790579316603589,0.0036086473549602673
TextVQA_test,752,raw_no_proj,0.007429976613957521,0.002127845836057774,0.005302130777899747
TextVQA_test,752,raw_proj,0.015880937299278138,0.012744390907504491,0.003136546391773647
TextVQA_test,752,aligned_no_proj,0.014727801752166017,0.0054491640484673545,0.009278637703698663
TextVQA_test,752,aligned_proj,0.005811822014468532,0.0037708184740546033,0.0020410035404139285
TextVQA_test,753,raw_no_proj,0.009424198569350005,0.03437958815025024,-0.024955389580900232
TextVQA_test,753,raw_proj,0.0059404678958771065,0.03701167268620732,-0.031071204790330216
TextVQA_test,753,aligned_no_proj,0.008003025816686724,0.030489533248423673,-0.022486507431736948
TextVQA_test,753,aligned_proj,0.007215452443827784,0.04522781737408458,-0.038012364930256795
TextVQA_test,754,raw_no_proj,0.00827233064772164,0.008971157826253765,-0.0006988271785321257
TextVQA_test,754,raw_proj,0.020700642988624434,0.022865889672251973,-0.002165246683627539
TextVQA_test,754,aligned_no_proj,0.009846868923044956,0.014174467367772604,-0.004327598444727647
TextVQA_test,754,aligned_proj,0.006943781912503286,0.004889143898932444,0.0020546380135708416
TextVQA_test,755,raw_no_proj,0.006976148316328549,0.0008438845233012788,0.00613226379302727
TextVQA_test,755,raw_proj,0.008077731731702857,0.00229374095115098,0.005783990780551878
TextVQA_test,755,aligned_no_proj,0.006247383405686209,0.0015938201862743494,0.00465356321941186
TextVQA_test,755,aligned_proj,0.003501499318311686,0.0012952061945953838,0.002206293123716302
TextVQA_test,756,raw_no_proj,0.012092728349268023,0.028148791736295236,-0.01605606338702721
TextVQA_test,756,raw_proj,0.01922569335707388,0.060376877937788925,-0.041151184580715046
TextVQA_test,756,aligned_no_proj,0.011546608674095593,0.04023685523905019,-0.0286902465649546
TextVQA_test,756,aligned_proj,0.01025674773127029,0.05680064119973848,-0.04654389346846819
TextVQA_test,757,raw_no_proj,0.046021283847574236,0.020369271243730634,0.025652012603843602
TextVQA_test,757,raw_proj,0.02318480099633866,0.04625313350403372,-0.02306833250769506
TextVQA_test,757,aligned_no_proj,0.02213015646949662,0.030224519215947435,-0.008094362746450815
TextVQA_test,757,aligned_proj,0.006836134876282683,0.01968330320223917,-0.012847168325956487
TextVQA_test,758,raw_no_proj,0.018605772088800494,0.017110066950551017,0.0014957051382494778
TextVQA_test,758,raw_proj,0.05832981055296392,0.04190281663497538,0.01642699391798854
TextVQA_test,758,aligned_no_proj,0.015730069516575653,0.01295774631552476,0.002772323201050893
TextVQA_test,758,aligned_proj,0.04306420032884873,0.031479559779656135,0.011584640549192594
TextVQA_test,759,raw_no_proj,0.002450053308986676,0.011173681236697207,-0.008723627927710531
TextVQA_test,759,raw_proj,0.002350871318958914,0.007274966561525872,-0.004924095242566958
TextVQA_test,759,aligned_no_proj,0.0024459892860332145,0.01732094830260328,-0.014874959016570065
TextVQA_test,759,aligned_proj,0.0017598534021045686,0.0070373466355629615,-0.005277493233458393
TextVQA_test,760,raw_no_proj,0.026052815048259258,0.012302111240048498,0.01375070380821076
TextVQA_test,760,raw_proj,0.01778430845691423,0.012812994358240631,0.0049713140986736
TextVQA_test,760,aligned_no_proj,0.022604017644031096,0.012603763147987876,0.01000025449604322
TextVQA_test,760,aligned_proj,0.015760573095023465,0.010791431197982818,0.0049691418970406465
TextVQA_test,761,raw_no_proj,0.004348658790528824,0.0014360766751589948,0.002912582115369829
TextVQA_test,761,raw_proj,0.004085396316944539,0.0026101624885131636,0.0014752338284313754
TextVQA_test,761,aligned_no_proj,0.006354666683252356,0.0026222542652052485,0.0037324124180471074
TextVQA_test,761,aligned_proj,0.002935778196410756,0.003591783216196412,-0.0006560050197856561
TextVQA_test,762,raw_no_proj,0.13433457378358493,0.012571687676552517,0.12176288610703241
TextVQA_test,762,raw_proj,0.04797843089190537,0.009662567722872679,0.038315863169032696
TextVQA_test,762,aligned_no_proj,0.05519642953398421,0.012778595386084494,0.042417834147899715
TextVQA_test,762,aligned_proj,0.0555195252158596,0.018643333350821818,0.03687619186503778
TextVQA_test,763,raw_no_proj,0.0034431085567393767,0.010548627564378408,-0.007105519007639031
TextVQA_test,763,raw_proj,0.002145225840719618,0.004565014549849069,-0.0024197887091294513
TextVQA_test,763,aligned_no_proj,0.0037050206208089826,0.017532201510121716,-0.013827180889312734
TextVQA_test,763,aligned_proj,0.0027252577915595935,0.007809078935601666,-0.005083821144042072
TextVQA_test,764,raw_no_proj,0.004543272283644864,0.0063880338557537435,-0.0018447615721088797
TextVQA_test,764,raw_proj,0.005154313437657436,0.009679018338668969,-0.004524704901011533
TextVQA_test,764,aligned_no_proj,0.0044623445437493555,0.010094346720422007,-0.005632002176672652
TextVQA_test,764,aligned_proj,0.002350191411583605,0.004749984442145004,-0.0023997930305613992
TextVQA_test,765,raw_no_proj,0.03785802703088738,0.0010193998026920832,0.036838627228195295
TextVQA_test,765,raw_proj,0.013006187292510463,0.002616326859597341,0.010389860432913121
TextVQA_test,765,aligned_no_proj,0.029498397566305117,0.0018717821174940687,0.027626615448811048
TextVQA_test,765,aligned_proj,0.0214540355655051,0.006964557570987521,0.01448947799451758
TextVQA_test,766,raw_no_proj,0.061152482696747834,0.056626882601737503,0.004525600095010331
TextVQA_test,766,raw_proj,0.014094195367360673,0.011337672009529235,0.0027565233578314384
TextVQA_test,766,aligned_no_proj,0.05478388348665195,0.05534256251740462,-0.0005586790307526637
TextVQA_test,766,aligned_proj,0.01498685906230747,0.020029205683069606,-0.005042346620762136
TextVQA_test,767,raw_no_proj,0.04399628395032645,0.012119723422636114,0.031876560527690334
TextVQA_test,767,raw_proj,0.01754225347547315,0.0052629140332402825,0.012279339442232869
TextVQA_test,767,aligned_no_proj,0.021769716292756546,0.004877489016662126,0.01689222727609442
TextVQA_test,767,aligned_proj,0.02000657598681433,0.005117203469325143,0.014889372517489188
TextVQA_test,768,raw_no_proj,0.004192615615897079,0.003527057244564742,0.0006655583713323374
TextVQA_test,768,raw_proj,0.01634864742847604,0.013034173613585245,0.0033144738148907955
TextVQA_test,768,aligned_no_proj,0.005488353300788347,0.0038396172182689754,0.0016487360825193716
TextVQA_test,768,aligned_proj,0.011950694987994974,0.00981071955593133,0.002139975432063644
TextVQA_test,769,raw_no_proj,0.005072381370955922,0.01595392451911491,-0.010881543148158986
TextVQA_test,769,raw_proj,0.0037234258329216724,0.034353768756461,-0.030630342923539326
TextVQA_test,769,aligned_no_proj,0.0043999728571745235,0.023355453499022183,-0.01895548064184766
TextVQA_test,769,aligned_proj,0.004110156503065968,0.039462827526983324,-0.035352671023917356
TextVQA_test,770,raw_no_proj,0.013492786005593291,0.0007456373722590331,0.012747148633334258
TextVQA_test,770,raw_proj,0.00784235447753757,0.0014427063813019204,0.006399648096235649
TextVQA_test,770,aligned_no_proj,0.014976812894190958,0.0023981194509181208,0.012578693443272837
TextVQA_test,770,aligned_proj,0.007918992596454835,0.002408255046680605,0.0055107375497742295
TextVQA_test,771,raw_no_proj,0.07433023176016777,0.015106303610744257,0.05922392814942352
TextVQA_test,771,raw_proj,0.05703986396318024,0.040960942407067824,0.016078921556112416
TextVQA_test,771,aligned_no_proj,0.09847954606726582,0.03967808725802109,0.05880145880924473
TextVQA_test,771,aligned_proj,0.0522672908988651,0.041080167381621284,0.011187123517243817
TextVQA_test,772,raw_no_proj,0.6365300883828934,0.8170753594931789,-0.1805452711102855
TextVQA_test,772,raw_proj,0.5887204997760733,0.7450413948830956,-0.1563208951070223
TextVQA_test,772,aligned_no_proj,0.7063060103046084,0.858458368096837,-0.15215235779222858
TextVQA_test,772,aligned_proj,0.6459230113053516,0.6825500794122769,-0.03662706810692529
TextVQA_test,773,raw_no_proj,0.03758239031237066,0.0029113940554171135,0.034670996256953544
TextVQA_test,773,raw_proj,0.01837690223082704,0.004425051489235467,0.013951850741591571
TextVQA_test,773,aligned_no_proj,0.025957072975931444,0.006732029105193067,0.019225043870738378
TextVQA_test,773,aligned_proj,0.019690588363303844,0.00799020045427082,0.011700387909033024
TextVQA_test,774,raw_no_proj,0.004482850765299246,0.008103848671438336,-0.00362099790613909
TextVQA_test,774,raw_proj,0.003226951675270807,0.00734612056850665,-0.004119168893235842
TextVQA_test,774,aligned_no_proj,0.004379853360527851,0.009043479066976926,-0.004663625706449075
TextVQA_test,774,aligned_proj,0.006391993666614249,0.011020847118897658,-0.004628853452283408
TextVQA_test,775,raw_no_proj,0.010573825927062982,0.027285188413647084,-0.0167113624865841
TextVQA_test,775,raw_proj,0.003675206898747551,0.06387686239626333,-0.060201655497515785
TextVQA_test,775,aligned_no_proj,0.009996494747280045,0.057226416346773466,-0.04722992159949342
TextVQA_test,775,aligned_proj,0.004509682412073757,0.042059532251962524,-0.037549849839888766
TextVQA_test,776,raw_no_proj,0.0008153700176523591,0.003703824271069414,-0.002888454253417055
TextVQA_test,776,raw_proj,0.005045816594144244,0.012523886543295039,-0.007478069949150795
TextVQA_test,776,aligned_no_proj,0.0027580959398234538,0.011206708331775478,-0.008448612391952024
TextVQA_test,776,aligned_proj,0.0010650788161427791,0.0038668266402684835,-0.0028017478241257046
TextVQA_test,777,raw_no_proj,0.07166494935627092,0.016822826730472713,0.05484212262579821
TextVQA_test,777,raw_proj,0.056076843859731704,0.023409778206903813,0.03266706565282789
TextVQA_test,777,aligned_no_proj,0.1073263192611287,0.02715145559912309,0.08017486366200562
TextVQA_test,777,aligned_proj,0.09911043113008003,0.0345426021948655,0.06456782893521454
TextVQA_test,778,raw_no_proj,0.0007419722022259374,0.0006570233506001695,8.49488516257679e-05
TextVQA_test,778,raw_proj,0.0007707866524895938,0.0012439446552183918,-0.000473158002728798
TextVQA_test,778,aligned_no_proj,0.0007563939254538324,0.001848020004986997,-0.0010916260795331646
TextVQA_test,778,aligned_proj,0.0012031345835181067,0.00155453339763832,-0.00035139881412021325
TextVQA_test,779,raw_no_proj,0.001096662936883584,0.002815368095786431,-0.0017187051589028469
TextVQA_test,779,raw_proj,0.001321720401726524,0.003697722657777271,-0.002376002256050747
TextVQA_test,779,aligned_no_proj,0.0016089289435771619,0.0037610837120474684,-0.0021521547684703064
TextVQA_test,779,aligned_proj,0.0004611352834605609,0.0013123134102196263,-0.0008511781267590654
TextVQA_test,780,raw_no_proj,0.0025524193048128197,0.0006581595715201181,0.0018942597332927017
TextVQA_test,780,raw_proj,0.00291305282002205,0.0007503438735262833,0.0021627089464957665
TextVQA_test,780,aligned_no_proj,0.0034478168336814696,0.0005943867750733712,0.0028534300586080985
TextVQA_test,780,aligned_proj,0.0018953055174661744,0.0005107749218135158,0.0013845305956526586
TextVQA_test,781,raw_no_proj,0.019123321555802823,0.003442743346189213,0.01568057820961361
TextVQA_test,781,raw_proj,0.0043254350245891075,0.0015991845298447293,0.0027262504947443782
TextVQA_test,781,aligned_no_proj,0.014494667808710258,0.0036035435698938594,0.0108911242388164
TextVQA_test,781,aligned_proj,0.007482727340002196,0.0023582882774312126,0.005124439062570984
TextVQA_test,782,raw_no_proj,0.00496312137761005,0.0034997165215794475,0.0014634048560306025
TextVQA_test,782,raw_proj,0.001804697570294957,0.004812759832766649,-0.0030080622624716917
TextVQA_test,782,aligned_no_proj,0.0020790725446852005,0.004638927531011821,-0.00255985498632662
TextVQA_test,782,aligned_proj,0.000928228374352532,0.005984572031302255,-0.0050563436569497225
TextVQA_test,783,raw_no_proj,0.009728255278679996,0.007562387072349809,0.002165868206330187
TextVQA_test,783,raw_proj,0.007137516676394315,0.006188004594580352,0.0009495120818139623
TextVQA_test,783,aligned_no_proj,0.008911569103702546,0.01059766700287494,-0.0016860978991723938
TextVQA_test,783,aligned_proj,0.0051845258485209815,0.0066935405992136045,-0.001509014750692623
TextVQA_test,784,raw_no_proj,0.0009298483003288893,0.00146564511499741,-0.0005357968146685207
TextVQA_test,784,raw_proj,0.0005907279091586715,0.000844679243402342,-0.0002539513342436705
TextVQA_test,784,aligned_no_proj,0.0011158602698106406,0.001964665198107215,-0.0008488049282965745
TextVQA_test,784,aligned_proj,0.0006259127759166773,0.0012629339533277908,-0.0006370211774111135
TextVQA_test,785,raw_no_proj,0.003210338810268077,0.00020917444705164398,0.0030011643632164332
TextVQA_test,785,raw_proj,0.004053173261020306,0.0006598677851687878,0.0033933054758515185
TextVQA_test,785,aligned_no_proj,0.002472117655390327,0.0005012884712458843,0.0019708291841444426
TextVQA_test,785,aligned_proj,0.0017867635932815528,0.0008928765198906457,0.0008938870733909071
TextVQA_test,786,raw_no_proj,0.04986916493608648,0.011418478158047262,0.038450686778039214
TextVQA_test,786,raw_proj,0.02111472435985637,0.022566988185672016,-0.0014522638258156473
TextVQA_test,786,aligned_no_proj,0.06962931480190217,0.036522771314177103,0.033106543487725064
TextVQA_test,786,aligned_proj,0.025811701832317034,0.02034813052692904,0.005463571305387993
TextVQA_test,787,raw_no_proj,0.0030860485501414646,0.0069390058797370825,-0.003852957329595618
TextVQA_test,787,raw_proj,0.0008441704350532251,0.0032511388251599484,-0.002406968390106723
TextVQA_test,787,aligned_no_proj,0.0020563270360643314,0.006978384667360598,-0.004922057631296267
TextVQA_test,787,aligned_proj,0.0012985789913561086,0.005003730611013976,-0.0037051516196578674
TextVQA_test,788,raw_no_proj,0.01065235028767715,0.02405300526319055,-0.0134006549755134
TextVQA_test,788,raw_proj,0.008051412098385322,0.047458481071198176,-0.039407068972812855
TextVQA_test,788,aligned_no_proj,0.01697857616985449,0.033994662956664326,-0.017016086786809836
TextVQA_test,788,aligned_proj,0.004769726685177822,0.022604576125911335,-0.017834849440733512
TextVQA_test,789,raw_no_proj,0.0025490200429370523,0.0015685093073604234,0.0009805107355766289
TextVQA_test,789,raw_proj,0.0054232878505751005,0.005123187820974202,0.0003001000296008983
TextVQA_test,789,aligned_no_proj,0.005091903574651035,0.00408821135974293,0.0010036922149081048
TextVQA_test,789,aligned_proj,0.00292175445924052,0.003587425880567161,-0.0006656714213266407
TextVQA_test,790,raw_no_proj,0.001468139392692359,0.0001545713169076411,0.001313568075784718
TextVQA_test,790,raw_proj,0.0048698581662694725,0.0014600052587593483,0.003409852907510124
TextVQA_test,790,aligned_no_proj,0.002255715631372853,0.0003641336476533048,0.0018915819837195483
TextVQA_test,790,aligned_proj,0.0026948226325733448,0.0007439216806626864,0.0019509009519106584
TextVQA_test,791,raw_no_proj,0.0031592588878252763,0.0008038922125030361,0.00235536667532224
TextVQA_test,791,raw_proj,0.004050758168601073,0.002441895269623475,0.001608862898977598
TextVQA_test,791,aligned_no_proj,0.005093978037403342,0.0016629295177270705,0.003431048519676271
TextVQA_test,791,aligned_proj,0.006990344490190308,0.004397380836958098,0.0025929636532322107
TextVQA_test,792,raw_no_proj,0.026230019413989888,0.05178948602633644,-0.025559466612346555
TextVQA_test,792,raw_proj,0.045416264279681325,0.05177321120776629,-0.006356946928084965
TextVQA_test,792,aligned_no_proj,0.030867389498606606,0.053522385579412614,-0.022654996080806008
TextVQA_test,792,aligned_proj,0.018887667123442854,0.04276159867069172,-0.02387393154724887
TextVQA_test,793,raw_no_proj,0.0015070292032245771,0.0006005128063315904,0.0009065163968929868
TextVQA_test,793,raw_proj,0.003508488019786651,0.00196625212947255,0.0015422358903141014
TextVQA_test,793,aligned_no_proj,0.004021069027663202,0.0014052319790307452,0.0026158370486324568
TextVQA_test,793,aligned_proj,0.0008464738372153458,0.0005034120151595927,0.0003430618220557531
TextVQA_test,794,raw_no_proj,0.010680603477649982,0.004993478107733578,0.005687125369916404
TextVQA_test,794,raw_proj,0.0084168653093172,0.004688756001848413,0.003728109307468787
TextVQA_test,794,aligned_no_proj,0.02216265098306828,0.013734283569671378,0.008428367413396901
TextVQA_test,794,aligned_proj,0.008610162885697695,0.006692368715423684,0.0019177941702740115
TextVQA_test,795,raw_no_proj,0.028456151868562356,0.045040696833354155,-0.016584544964791798
TextVQA_test,795,raw_proj,0.021510183341915935,0.045280967439697624,-0.02377078409778169
TextVQA_test,795,aligned_no_proj,0.054736810041512325,0.08780584258142039,-0.03306903253990807
TextVQA_test,795,aligned_proj,0.009838402785760056,0.02981355215715699,-0.01997514937139693
TextVQA_test,796,raw_no_proj,0.07666378256270248,0.17279510491398326,-0.09613132235128077
TextVQA_test,796,raw_proj,0.01884079266467092,0.10374215011506589,-0.08490135745039497
TextVQA_test,796,aligned_no_proj,0.07938698679601873,0.2974338943110562,-0.21804690751503747
TextVQA_test,796,aligned_proj,0.010743184674066835,0.0989813357903989,-0.08823815111633207
TextVQA_test,797,raw_no_proj,0.003162365256375353,0.0023323904176386335,0.0008299748387367197
TextVQA_test,797,raw_proj,0.0018279749265693993,0.0014498993054320175,0.00037807562113738183
TextVQA_test,797,aligned_no_proj,0.0026342995629402653,0.0021719214474703956,0.0004623781154698696
TextVQA_test,797,aligned_proj,0.0015281779304022688,0.0012583207953408041,0.0002698571350614647
TextVQA_test,798,raw_no_proj,0.718048104291085,0.22867004974782396,0.48937805454326105
TextVQA_test,798,raw_proj,0.63839391397396,0.2986405406533487,0.33975337332061123
TextVQA_test,798,aligned_no_proj,0.8046296886471315,0.38835417894728747,0.416275509699844
TextVQA_test,798,aligned_proj,0.4702201915976594,0.2706330468444148,0.19958714475324457
TextVQA_test,799,raw_no_proj,0.0004404988807649731,0.0005428287502583844,-0.00010232986949341126
TextVQA_test,799,raw_proj,0.0027077712104338117,0.005939687545327452,-0.0032319163348936406
TextVQA_test,799,aligned_no_proj,0.0005653115953971658,0.001059253248165392,-0.0004939416527682261
TextVQA_test,799,aligned_proj,0.0007298079261931924,0.0022914053373324353,-0.001561597411139243
TextVQA_test,800,raw_no_proj,0.0012379255334644473,0.003975011186593326,-0.0027370856531288793
TextVQA_test,800,raw_proj,0.005444308476750853,0.011516680718212588,-0.006072372241461735
TextVQA_test,800,aligned_no_proj,0.0026328812357969814,0.0090739802509747,-0.006441099015177719
TextVQA_test,800,aligned_proj,0.0014376666140560879,0.0029024061190373786,-0.0014647395049812908
TextVQA_test,801,raw_no_proj,0.03632223742369254,0.014310415623022986,0.022011821800669552
TextVQA_test,801,raw_proj,0.014896991489302598,0.015281850280310217,-0.00038485879100761886
TextVQA_test,801,aligned_no_proj,0.032959281482902385,0.025507379464660116,0.007451902018242269
TextVQA_test,801,aligned_proj,0.010580331309442003,0.012626554793076745,-0.0020462234836347414
TextVQA_test,802,raw_no_proj,0.0016603833671541693,0.0013563445978087725,0.0003040387693453968
TextVQA_test,802,raw_proj,0.002202671946131655,0.0022992039493820384,-9.653200325038334e-05
TextVQA_test,802,aligned_no_proj,0.0028076875544782638,0.002050067413306494,0.0007576201411717697
TextVQA_test,802,aligned_proj,0.0008984243706639787,0.0010798315180346322,-0.00018140714737065352
TextVQA_test,803,raw_no_proj,0.027053718658284383,0.023864098624847885,0.0031896200334364973
TextVQA_test,803,raw_proj,0.02840316511703633,0.04067852276133637,-0.012275357644300041
TextVQA_test,803,aligned_no_proj,0.02036282323882155,0.03009122794100187,-0.009728404702180317
TextVQA_test,803,aligned_proj,0.018115888911741394,0.0387657790700063,-0.020649890158264905
TextVQA_test,804,raw_no_proj,0.005128105989493006,0.00524849829605143,-0.00012039230655842403
TextVQA_test,804,raw_proj,0.005594847216507237,0.005248528043512584,0.00034631917299465277
TextVQA_test,804,aligned_no_proj,0.006619998995159849,0.0045065586851792145,0.0021134403099806343
TextVQA_test,804,aligned_proj,0.00581722262411669,0.005334335873140158,0.0004828867509765319
TextVQA_test,805,raw_no_proj,0.0014283560461068705,0.000885393821224972,0.0005429622248818985
TextVQA_test,805,raw_proj,0.0036390560752229354,0.0033992512748552213,0.0002398048003677141
TextVQA_test,805,aligned_no_proj,0.00209089384994085,0.0011959493719855452,0.0008949444779553046
TextVQA_test,805,aligned_proj,0.0025683527404532455,0.002101135080384663,0.0004672176600685825
TextVQA_test,806,raw_no_proj,0.01841489206831444,0.025584322149360114,-0.007169430081045675
TextVQA_test,806,raw_proj,0.016404577219457425,0.05399770343833049,-0.03759312621887306
TextVQA_test,806,aligned_no_proj,0.026526103188272077,0.05576103550138863,-0.029234932313116555
TextVQA_test,806,aligned_proj,0.02097465442363214,0.054022790013907,-0.03304813559027486
TextVQA_test,807,raw_no_proj,0.0004514163914179862,0.0001964295933688993,0.0002549867980490869
TextVQA_test,807,raw_proj,0.0005690248163420991,0.0008738509233204197,-0.00030482610697832064
TextVQA_test,807,aligned_no_proj,0.00034174489241930203,0.0004344428577872194,-9.269796536791737e-05
TextVQA_test,807,aligned_proj,0.0007956750679625903,0.0017167458368019127,-0.0009210707688393224
TextVQA_test,808,raw_no_proj,0.0008544673711632051,0.0018310563858635147,-0.0009765890147003095
TextVQA_test,808,raw_proj,0.0014663167053461245,0.002883053612376398,-0.0014167369070302734
TextVQA_test,808,aligned_no_proj,0.0013201536507067967,0.002426253696109128,-0.0011061000454023313
TextVQA_test,808,aligned_proj,0.000981365923512952,0.002132942939840896,-0.0011515770163279442
TextVQA_test,809,raw_no_proj,0.0005099373175292791,0.0005688594076567529,-5.8922090127473724e-05
TextVQA_test,809,raw_proj,0.00030431994856868367,0.00033482105038922807,-3.05011018205444e-05
TextVQA_test,809,aligned_no_proj,0.0003515960490286208,0.00033373047756043967,1.7865571468181146e-05
TextVQA_test,809,aligned_proj,0.0007772554857415286,0.000610916912082031,0.00016633857365949765
TextVQA_test,810,raw_no_proj,0.023580719088897584,0.007429989881259351,0.016150729207638232
TextVQA_test,810,raw_proj,0.02576228275237482,0.0048786324022289254,0.020883650350145895
TextVQA_test,810,aligned_no_proj,0.019739688231664627,0.003876487691527563,0.015863200540137064
TextVQA_test,810,aligned_proj,0.020772322330467902,0.0040447861795165985,0.016727536150951305
TextVQA_test,811,raw_no_proj,0.585471384500112,0.5958200303458412,-0.010348645845729143
TextVQA_test,811,raw_proj,0.6765600419429321,0.514904337346823,0.16165570459610912
TextVQA_test,811,aligned_no_proj,0.6313409722080164,0.6728308021728457,-0.041489829964829306
TextVQA_test,811,aligned_proj,0.4999654988671119,0.4154088272737721,0.0845566715933398
TextVQA_test,812,raw_no_proj,0.005701993180282991,0.00569404709399617,7.946086286820565e-06
TextVQA_test,812,raw_proj,0.0038012667524132673,0.00394627725463705,-0.00014501050222378263
TextVQA_test,812,aligned_no_proj,0.008994723313950952,0.01037801729509325,-0.0013832939811422983
TextVQA_test,812,aligned_proj,0.008363102592591652,0.008727685043608826,-0.0003645824510171737
TextVQA_test,813,raw_no_proj,0.0010677563570438632,0.0005612299343672022,0.000506526422676661
TextVQA_test,813,raw_proj,0.0006351831010410184,0.00032559804609215285,0.0003095850549488656
TextVQA_test,813,aligned_no_proj,0.000738532464548666,0.0003406316736795222,0.0003979007908691438
TextVQA_test,813,aligned_proj,0.0006330015676442843,0.0002499181768738391,0.00038308339077044524
TextVQA_test,814,raw_no_proj,0.005446333912536735,0.011188545866273422,-0.005742211953736687
TextVQA_test,814,raw_proj,0.003093908891015645,0.012211971748272677,-0.009118062857257032
TextVQA_test,814,aligned_no_proj,0.004930456716041408,0.021504484161766188,-0.01657402744572478
TextVQA_test,814,aligned_proj,0.001800322484166431,0.01180056652036626,-0.01000024403619983
TextVQA_test,815,raw_no_proj,0.036366462322024944,0.0013282228351677971,0.035038239486857144
TextVQA_test,815,raw_proj,0.007012018265875992,0.001432494380117385,0.005579523885758607
TextVQA_test,815,aligned_no_proj,0.024727065559324673,0.002415130060927847,0.022311935498396825
TextVQA_test,815,aligned_proj,0.009385343563371314,0.002177813577871208,0.007207529985500106
TextVQA_test,816,raw_no_proj,0.015098061125622514,0.007452811495045599,0.007645249630576914
TextVQA_test,816,raw_proj,0.02192122499150701,0.007034241116680914,0.014886983874826096
TextVQA_test,816,aligned_no_proj,0.030329526794789792,0.012672934892104583,0.01765659190268521
TextVQA_test,816,aligned_proj,0.013221660566532694,0.0076877887744658605,0.005533871792066833
TextVQA_test,817,raw_no_proj,0.0003585608898334708,0.0003030110766400205,5.55498131934503e-05
TextVQA_test,817,raw_proj,0.0007399021706314669,0.0007437409239094426,-3.838753277975626e-06
TextVQA_test,817,aligned_no_proj,0.0005163632288662657,0.00043765070307738314,7.871252578888258e-05
TextVQA_test,817,aligned_proj,0.00041659843602654545,0.0005149516495768404,-9.835321355029493e-05
TextVQA_test,818,raw_no_proj,0.013776676246436496,0.015155678433936424,-0.0013790021874999277
TextVQA_test,818,raw_proj,0.006568360020954315,0.0071411810997675925,-0.0005728210788132774
TextVQA_test,818,aligned_no_proj,0.019807189820522764,0.02063726113016841,-0.0008300713096456476
TextVQA_test,818,aligned_proj,0.012304146680270592,0.015396900640466716,-0.003092753960196124
TextVQA_test,819,raw_no_proj,0.02502920480897776,0.017146468142326836,0.007882736666650923
TextVQA_test,819,raw_proj,0.0218377661890099,0.012383714164580385,0.009454052024429515
TextVQA_test,819,aligned_no_proj,0.037969587882400936,0.029142186787949928,0.008827401094451008
TextVQA_test,819,aligned_proj,0.016575940683011076,0.01056035097781356,0.006015589705197515
TextVQA_test,820,raw_no_proj,0.007841957802628918,0.010297541452990505,-0.0024555836503615865
TextVQA_test,820,raw_proj,0.0042563065871162155,0.006595775815132532,-0.002339469228016316
TextVQA_test,820,aligned_no_proj,0.006986002462196508,0.010181781686427705,-0.003195779224231197
TextVQA_test,820,aligned_proj,0.003989319295673347,0.005457399212048852,-0.0014680799163755056
TextVQA_test,821,raw_no_proj,0.020532319216742798,0.01180135450787488,0.008730964708867918
TextVQA_test,821,raw_proj,0.022506245503568247,0.012486342842702669,0.010019902660865578
TextVQA_test,821,aligned_no_proj,0.021071755393636853,0.014865032499962072,0.006206722893674781
TextVQA_test,821,aligned_proj,0.015973885859519782,0.012420973084598847,0.003552912774920935
TextVQA_test,822,raw_no_proj,0.051725070077527524,0.03837322158330144,0.013351848494226083
TextVQA_test,822,raw_proj,0.04458874645709602,0.04868668895943492,-0.0040979425023389
TextVQA_test,822,aligned_no_proj,0.04476081429967604,0.045961616340910415,-0.0012008020412343778
TextVQA_test,822,aligned_proj,0.04570910727529911,0.06577610743710366,-0.02006700016180455
TextVQA_test,823,raw_no_proj,0.0038428752067592555,0.014459529207833947,-0.010616654001074692
TextVQA_test,823,raw_proj,0.0033138094890065627,0.005776861210144601,-0.002463051721138038
TextVQA_test,823,aligned_no_proj,0.0039030685954785913,0.0073254198989774555,-0.003422351303498864
TextVQA_test,823,aligned_proj,0.005230238456543871,0.006389538534232841,-0.00115930007768897
TextVQA_test,824,raw_no_proj,0.006628097669137213,0.0027421750551801832,0.0038859226139570297
TextVQA_test,824,raw_proj,0.00884442497425454,0.004002338218407259,0.004842086755847281
TextVQA_test,824,aligned_no_proj,0.008090571732565595,0.0028302602642715797,0.005260311468294015
TextVQA_test,824,aligned_proj,0.003095044679209715,0.0020947491458334026,0.0010002955333763123
TextVQA_test,825,raw_no_proj,0.004596070767192746,0.0029903010672331113,0.0016057696999596345
TextVQA_test,825,raw_proj,0.008517443379922869,0.006397023580487636,0.0021204197994352325
TextVQA_test,825,aligned_no_proj,0.008452314436850395,0.0061486302738479656,0.0023036841630024295
TextVQA_test,825,aligned_proj,0.01582024740787523,0.014424467704165405,0.0013957797037098246
TextVQA_test,826,raw_no_proj,0.23279441585872104,0.16596384939405995,0.0668305664646611
TextVQA_test,826,raw_proj,0.13101731303121225,0.17007248441313028,-0.039055171381918025
TextVQA_test,826,aligned_no_proj,0.1422084256224595,0.13140654815471955,0.010801877467739945
TextVQA_test,826,aligned_proj,0.05335845701667356,0.07209242886493399,-0.018733971848260422
TextVQA_test,827,raw_no_proj,0.035422478311718686,0.03240275196274448,0.003019726348974204
TextVQA_test,827,raw_proj,0.0524454901829681,0.026092023901410234,0.02635346628155787
TextVQA_test,827,aligned_no_proj,0.02949398369262098,0.047816907757266526,-0.018322924064645547
TextVQA_test,827,aligned_proj,0.04267808338887036,0.030997203380676276,0.011680880008194082
TextVQA_test,828,raw_no_proj,0.0043492916432386584,0.00901655862797831,-0.004667266984739651
TextVQA_test,828,raw_proj,0.003057855968996474,0.011110624505761432,-0.008052768536764957
TextVQA_test,828,aligned_no_proj,0.003054332904427835,0.005835900543505601,-0.0027815676390777664
TextVQA_test,828,aligned_proj,0.003939592654538994,0.013170919479679093,-0.0092313268251401
TextVQA_test,829,raw_no_proj,0.0011134683018575748,0.0008045104572851287,0.00030895784457244605
TextVQA_test,829,raw_proj,0.004566261314918006,0.0033944275734094625,0.0011718337415085435
TextVQA_test,829,aligned_no_proj,0.0020971593673916613,0.0017066540835991696,0.00039050528379249165
TextVQA_test,829,aligned_proj,0.0015982620238443538,0.0013435923807025324,0.0002546696431418214
TextVQA_test,830,raw_no_proj,0.020943250203074647,0.01579013722673319,0.005153112976341457
TextVQA_test,830,raw_proj,0.01684578988788303,0.02229005529925028,-0.0054442654113672495
TextVQA_test,830,aligned_no_proj,0.016834891100621717,0.011736525184875186,0.005098365915746531
TextVQA_test,830,aligned_proj,0.011458911074001495,0.012704855753093373,-0.0012459446790918788
TextVQA_test,831,raw_no_proj,0.004473414414938331,0.00571781048610331,-0.0012443960711649785
TextVQA_test,831,raw_proj,0.003399913378006629,0.007990131902407506,-0.004590218524400877
TextVQA_test,831,aligned_no_proj,0.006655626210639648,0.007606455083840746,-0.0009508288732010982
TextVQA_test,831,aligned_proj,0.0018088389304717076,0.004895736012538014,-0.0030868970820663068
TextVQA_test,832,raw_no_proj,0.22108087428692916,0.40133264746222397,-0.1802517731752948
TextVQA_test,832,raw_proj,0.37566935086899045,0.5511310331597814,-0.17546168229079095
TextVQA_test,832,aligned_no_proj,0.20502036018456443,0.4924252449543721,-0.2874048847698077
TextVQA_test,832,aligned_proj,0.2686530576090719,0.23195141077527584,0.03670164683379604
TextVQA_test,833,raw_no_proj,0.001737808256167626,0.0026165850988427307,-0.0008787768426751048
TextVQA_test,833,raw_proj,0.0015268474803908345,0.001958825685352475,-0.0004319782049616403
TextVQA_test,833,aligned_no_proj,0.0018240033043226366,0.00313409862397942,-0.0013100953196567833
TextVQA_test,833,aligned_proj,0.0010060800572925283,0.002045113621226843,-0.0010390335639343146
TextVQA_test,834,raw_no_proj,0.008818990139588182,0.0028977168509071744,0.005921273288681007
TextVQA_test,834,raw_proj,0.006062940120162096,0.0028702934771096325,0.003192646643052463
TextVQA_test,834,aligned_no_proj,0.006726395354745813,0.0046109177343038165,0.0021154776204419965
TextVQA_test,834,aligned_proj,0.004723206425365928,0.002281357394621757,0.002441849030744171
TextVQA_test,835,raw_no_proj,0.011467252985630757,0.005627585267210744,0.0058396677184200125
TextVQA_test,835,raw_proj,0.00456467193774472,0.007937885809078336,-0.0033732138713336163
TextVQA_test,835,aligned_no_proj,0.005377300843602156,0.007926408621707855,-0.002549107778105699
TextVQA_test,835,aligned_proj,0.0035644447295082684,0.012582161353040695,-0.009017716623532427
TextVQA_test,836,raw_no_proj,0.0033518857440114997,0.0017411766179812145,0.0016107091260302853
TextVQA_test,836,raw_proj,0.007524925338532312,0.004773578638063492,0.0027513467004688192
TextVQA_test,836,aligned_no_proj,0.008653949500868978,0.0033071611881331725,0.005346788312735805
TextVQA_test,836,aligned_proj,0.004583965073034666,0.0027354390867552654,0.0018485259862794003
TextVQA_test,837,raw_no_proj,0.005056196631416424,0.0015230933952107757,0.0035331032362056485
TextVQA_test,837,raw_proj,0.004563583816125735,0.00419516101859512,0.0003684227975306155
TextVQA_test,837,aligned_no_proj,0.00695406050831281,0.0017093355853372147,0.005244724922975595
TextVQA_test,837,aligned_proj,0.004094787750356052,0.005840133166480127,-0.001745345416124075
TextVQA_test,838,raw_no_proj,0.0019350004124331181,0.0038418088836904636,-0.0019068084712573455
TextVQA_test,838,raw_proj,0.0023847669232210694,0.009831153871371751,-0.007446386948150682
TextVQA_test,838,aligned_no_proj,0.0037043127971004308,0.006616387182141182,-0.002912074385040751
TextVQA_test,838,aligned_proj,0.0016880340058191962,0.0061908318815178335,-0.004502797875698637
TextVQA_test,839,raw_no_proj,0.01296221739392983,0.006858863327770458,0.0061033540661593715
TextVQA_test,839,raw_proj,0.004726872433123289,0.0069194451096920104,-0.0021925726765687215
TextVQA_test,839,aligned_no_proj,0.012717678715644722,0.012497307750029059,0.00022037096561566306
TextVQA_test,839,aligned_proj,0.011641845050193628,0.013083357972840597,-0.0014415129226469682
TextVQA_test,840,raw_no_proj,0.15020362525042635,0.05368156969739849,0.09652205555302787
TextVQA_test,840,raw_proj,0.21680818352167838,0.06760039193872416,0.14920779158295422
TextVQA_test,840,aligned_no_proj,0.23513797670945563,0.08880006594510872,0.1463379107643469
TextVQA_test,840,aligned_proj,0.22125135450994401,0.059162959569419644,0.16208839494052438
TextVQA_test,841,raw_no_proj,0.012524269162240217,0.008689728979497623,0.0038345401827425945
TextVQA_test,841,raw_proj,0.00626577547170844,0.0078255552409618,-0.0015597797692533605
TextVQA_test,841,aligned_no_proj,0.009747417556842199,0.013398448884230333,-0.0036510313273881347
TextVQA_test,841,aligned_proj,0.003092071627141087,0.004026338067891103,-0.0009342664407500163
TextVQA_test,842,raw_no_proj,0.000921747661638933,0.000300976472633621,0.000620771189005312
TextVQA_test,842,raw_proj,0.0007594492919775614,0.0002548043759969925,0.0005046449159805689
TextVQA_test,842,aligned_no_proj,0.0009786711869842536,0.00044404395105545,0.0005346272359288036
TextVQA_test,842,aligned_proj,0.0006761582329725713,0.00016297364254538307,0.0005131845904271882
TextVQA_test,843,raw_no_proj,0.010716195382176755,0.004493336099371016,0.006222859282805739
TextVQA_test,843,raw_proj,0.016333523041039504,0.01504090652900467,0.0012926165120348346
TextVQA_test,843,aligned_no_proj,0.024196246099650476,0.011361068308711262,0.012835177790939215
TextVQA_test,843,aligned_proj,0.005069510199735461,0.004019120073763362,0.001050390125972099
TextVQA_test,844,raw_no_proj,0.012565914861661464,0.004498365020083485,0.008067549841577978
TextVQA_test,844,raw_proj,0.008388776542964306,0.0034268586302836383,0.004961917912680668
TextVQA_test,844,aligned_no_proj,0.012511153915644491,0.006358681355166467,0.006152472560478024
TextVQA_test,844,aligned_proj,0.004094645823769376,0.0030499998852739564,0.0010446459384954193
TextVQA_test,845,raw_no_proj,0.030582028193062487,0.0056785520713424475,0.024903476121720038
TextVQA_test,845,raw_proj,0.020736255583740815,0.019545091026364207,0.0011911645573766082
TextVQA_test,845,aligned_no_proj,0.02933729164592766,0.019638688220131838,0.009698603425795822
TextVQA_test,845,aligned_proj,0.022440287581787295,0.01930531136591255,0.0031349762158747463
TextVQA_test,846,raw_no_proj,0.00977238852304838,0.003684988385442133,0.006087400137606247
TextVQA_test,846,raw_proj,0.01035403835749505,0.002904739776187874,0.007449298581307176
TextVQA_test,846,aligned_no_proj,0.008712173670266403,0.0027103850458864123,0.006001788624379991
TextVQA_test,846,aligned_proj,0.008576650621171222,0.003269936360958503,0.005306714260212719
TextVQA_test,847,raw_no_proj,0.1089037403083368,0.07537951036759394,0.03352422994074286
TextVQA_test,847,raw_proj,0.07473156049879047,0.06509349537964436,0.00963806511914611
TextVQA_test,847,aligned_no_proj,0.11503091089004372,0.09444735539349396,0.020583555496549763
TextVQA_test,847,aligned_proj,0.04742993508517518,0.06847578792703614,-0.02104585284186096
TextVQA_test,848,raw_no_proj,0.028682407429118255,0.013259404670829061,0.015423002758289193
TextVQA_test,848,raw_proj,0.040962928135401866,0.020968578415565906,0.01999434971983596
TextVQA_test,848,aligned_no_proj,0.026851845827495523,0.012591599686256083,0.01426024614123944
TextVQA_test,848,aligned_proj,0.023117466120213412,0.017788283221427392,0.00532918289878602
TextVQA_test,849,raw_no_proj,0.0871244385163673,0.06171643545859377,0.025408003057773527
TextVQA_test,849,raw_proj,0.03471879689285954,0.02421641437590544,0.010502382516954099
TextVQA_test,849,aligned_no_proj,0.07426464190344084,0.05236898601449698,0.021895655888943863
TextVQA_test,849,aligned_proj,0.01777312986075622,0.012737327783522401,0.005035802077233817
TextVQA_test,850,raw_no_proj,0.0060287810956839525,0.006373999916290353,-0.0003452188206064001
TextVQA_test,850,raw_proj,0.0020893403313151523,0.004512828711065202,-0.00242348837975005
TextVQA_test,850,aligned_no_proj,0.002635779217762792,0.005490307861636482,-0.0028545286438736894
TextVQA_test,850,aligned_proj,0.002267656418773722,0.005032076557302553,-0.002764420138528831
TextVQA_test,851,raw_no_proj,0.005083436430517263,0.002340093230694063,0.0027433431998231997
TextVQA_test,851,raw_proj,0.005768466974671378,0.007557795487103295,-0.001789328512431917
TextVQA_test,851,aligned_no_proj,0.007410952739520182,0.004666676708723773,0.002744276030796409
TextVQA_test,851,aligned_proj,0.0031203684742374263,0.002917358696797678,0.00020300977743974852
TextVQA_test,852,raw_no_proj,0.003342702536761724,0.0025381329734969708,0.0008045695632647532
TextVQA_test,852,raw_proj,0.010093481220034149,0.010986653154784736,-0.0008931719347505876
TextVQA_test,852,aligned_no_proj,0.004752001153787198,0.004896848369238378,-0.00014484721545118037
TextVQA_test,852,aligned_proj,0.005124951126811331,0.0065496941183794555,-0.0014247429915681242
TextVQA_test,853,raw_no_proj,0.009941428334466455,0.035717315092295934,-0.025775886757829478
TextVQA_test,853,raw_proj,0.005653850821969351,0.018350760473389707,-0.012696909651420354
TextVQA_test,853,aligned_no_proj,0.009032245486890413,0.03449768754216769,-0.02546544205527728
TextVQA_test,853,aligned_proj,0.003500578846518789,0.016026369605449543,-0.012525790758930753
TextVQA_test,854,raw_no_proj,0.003161933030143456,0.0012648190924734425,0.0018971139376700134
TextVQA_test,854,raw_proj,0.0017923160180764734,0.00214730821861341,-0.0003549922005369366
TextVQA_test,854,aligned_no_proj,0.0029094156255843207,0.0033873444070883813,-0.00047792878150406054
TextVQA_test,854,aligned_proj,0.003387205174958203,0.0051280256297351985,-0.0017408204547769953
TextVQA_test,855,raw_no_proj,0.0037675100074911123,0.01575954930380382,-0.011992039296312708
TextVQA_test,855,raw_proj,0.0030662853247025073,0.011018226126587281,-0.007951940801884775
TextVQA_test,855,aligned_no_proj,0.004014261453211038,0.018077051455751916,-0.014062790002540878
TextVQA_test,855,aligned_proj,0.0032052405398915623,0.01327930348846631,-0.010074062948574748
TextVQA_test,856,raw_no_proj,0.0006761734975538431,0.0016826699813746525,-0.0010064964838208093
TextVQA_test,856,raw_proj,0.0016782078153233556,0.007367003614985181,-0.0056887957996618254
TextVQA_test,856,aligned_no_proj,0.001199648863580924,0.004199856047699714,-0.00300020718411879
TextVQA_test,856,aligned_proj,0.0009292728147975639,0.0033463776211383567,-0.0024171048063407925
TextVQA_test,857,raw_no_proj,0.005398021890448289,0.0004381796994529252,0.004959842190995364
TextVQA_test,857,raw_proj,0.00745016259794552,0.0012616001992374973,0.006188562398708023
TextVQA_test,857,aligned_no_proj,0.003052533485674995,0.0011710177853754755,0.0018815157002995196
TextVQA_test,857,aligned_proj,0.004514403568529535,0.0010993371926536577,0.0034150663758758778
TextVQA_test,858,raw_no_proj,0.014232191895469218,0.052944624336855414,-0.038712432441386196
TextVQA_test,858,raw_proj,0.009241685193383345,0.03380499835946481,-0.024563313166081464
TextVQA_test,858,aligned_no_proj,0.01865663290777468,0.07475622101620429,-0.056099588108429604
TextVQA_test,858,aligned_proj,0.005324902103108237,0.02676541778892216,-0.021440515685813923
TextVQA_test,859,raw_no_proj,0.025417514617068322,0.002621861288325203,0.02279565332874312
TextVQA_test,859,raw_proj,0.010856360612347899,0.000965362753639996,0.009890997858707902
TextVQA_test,859,aligned_no_proj,0.026784544435268298,0.002179586696159883,0.024604957739108414
TextVQA_test,859,aligned_proj,0.008819749246350898,0.0014922389182353648,0.007327510328115534
TextVQA_test,860,raw_no_proj,0.003312560350793156,0.007325580848296456,-0.0040130204975033
TextVQA_test,860,raw_proj,0.0036608057177349956,0.0024388212327332835,0.0012219844850017121
TextVQA_test,860,aligned_no_proj,0.0029166967914048955,0.006554243388620879,-0.0036375465972159834
TextVQA_test,860,aligned_proj,0.002539401340605196,0.0036928208105622812,-0.0011534194699570851
TextVQA_test,861,raw_no_proj,0.0023072507186346373,0.0016026073315693655,0.0007046433870652718
TextVQA_test,861,raw_proj,0.004836206381519771,0.0059291312172244,-0.001092924835704629
TextVQA_test,861,aligned_no_proj,0.002365625608465587,0.0014180841329388802,0.0009475414755267069
TextVQA_test,861,aligned_proj,0.002813809384055726,0.003538907372938646,-0.0007250979888829201
TextVQA_test,862,raw_no_proj,0.0024493871432985895,0.0022229619105667824,0.00022642523273180707
TextVQA_test,862,raw_proj,0.010359028515229239,0.00910419856956146,0.0012548299456677792
TextVQA_test,862,aligned_no_proj,0.0038295327279956447,0.00382272934372344,6.803384272204872e-06
TextVQA_test,862,aligned_proj,0.009650770907693769,0.01458077630965405,-0.004930005401960282
TextVQA_test,863,raw_no_proj,0.002378259521786771,0.0055090233043304255,-0.0031307637825436544
TextVQA_test,863,raw_proj,0.007972814530370433,0.016566199178127374,-0.008593384647756941
TextVQA_test,863,aligned_no_proj,0.003694919709780387,0.009997531431117255,-0.006302611721336868
TextVQA_test,863,aligned_proj,0.0043073622742852416,0.012437520340817541,-0.008130158066532299
TextVQA_test,864,raw_no_proj,0.001896789360612777,0.005014166813637507,-0.00311737745302473
TextVQA_test,864,raw_proj,0.0013275926760744758,0.01131536489189709,-0.009987772215822616
TextVQA_test,864,aligned_no_proj,0.0024363140182129314,0.008069309726504013,-0.005632995708291082
TextVQA_test,864,aligned_proj,0.0011513493913856406,0.012249830695821265,-0.011098481304435625
TextVQA_test,865,raw_no_proj,0.011372977194994251,0.006588182946380002,0.004784794248614249
TextVQA_test,865,raw_proj,0.013308947215530548,0.014515974577503744,-0.0012070273619731956
TextVQA_test,865,aligned_no_proj,0.025774328829301366,0.015596092214731037,0.010178236614570329
TextVQA_test,865,aligned_proj,0.010830652382082688,0.013411596611373347,-0.0025809442292906593
TextVQA_test,866,raw_no_proj,0.008362515034458746,0.009420784907073161,-0.0010582698726144153
TextVQA_test,866,raw_proj,0.005468006736488449,0.016074338726523345,-0.010606331990034896
TextVQA_test,866,aligned_no_proj,0.011457013894463306,0.01946838325830356,-0.008011369363840256
TextVQA_test,866,aligned_proj,0.0048188059353188465,0.015526054273464847,-0.010707248338146
TextVQA_test,867,raw_no_proj,0.0011758623635557783,0.0012403585942859735,-6.449623073019519e-05
TextVQA_test,867,raw_proj,0.0016267572534677034,0.0025931772585439943,-0.0009664200050762909
TextVQA_test,867,aligned_no_proj,0.0025656757084308816,0.0023967098399815326,0.00016896586844934898
TextVQA_test,867,aligned_proj,0.0010062925108308778,0.0018029559237093308,-0.000796663412878453
TextVQA_test,868,raw_no_proj,0.052733033116814224,0.0013351436399227704,0.05139788947689145
TextVQA_test,868,raw_proj,0.005938704064829033,0.0016647518357609961,0.004273952229068037
TextVQA_test,868,aligned_no_proj,0.03427703335607893,0.0037173244524285414,0.03055970890365039
TextVQA_test,868,aligned_proj,0.007605314517232702,0.0032451048817850503,0.004360209635447651
TextVQA_test,869,raw_no_proj,0.005676286571936223,0.004800776657578985,0.0008755099143572384
TextVQA_test,869,raw_proj,0.004228925890010813,0.01670303732483433,-0.012474111434823517
TextVQA_test,869,aligned_no_proj,0.003536727358655093,0.006523573320438322,-0.002986845961783229
TextVQA_test,869,aligned_proj,0.00253438847873464,0.007400551870380679,-0.004866163391646039
TextVQA_test,870,raw_no_proj,0.0004997874207385597,0.0021987884226182908,-0.001699001001879731
TextVQA_test,870,raw_proj,0.00091356687193034,0.006783907768997007,-0.005870340897066667
TextVQA_test,870,aligned_no_proj,0.0007237242959525411,0.0024024150711332583,-0.0016786907751807172
TextVQA_test,870,aligned_proj,0.0004944662788510942,0.0033462442147318317,-0.0028517779358807373
TextVQA_test,871,raw_no_proj,0.0026263449547022587,0.0005451671420154205,0.002081177812686838
TextVQA_test,871,raw_proj,0.0030621968537642486,0.001505243247146467,0.0015569536066177816
TextVQA_test,871,aligned_no_proj,0.0013372893353693139,0.0009942209840955575,0.00034306835127375637
TextVQA_test,871,aligned_proj,0.002988116384567762,0.0013746665135050534,0.0016134498710627086
TextVQA_test,872,raw_no_proj,0.01028721906173667,0.003701349290357149,0.00658586977137952
TextVQA_test,872,raw_proj,0.01146962768254305,0.004878169721313502,0.0065914579612295476
TextVQA_test,872,aligned_no_proj,0.020964687346027532,0.011208569007427432,0.0097561183386001
TextVQA_test,872,aligned_proj,0.01194024490630436,0.007653277129967532,0.004286967776336828
TextVQA_test,873,raw_no_proj,0.019627405744350398,0.01271639546807499,0.0069110102762754075
TextVQA_test,873,raw_proj,0.032743390717250645,0.019173841986824994,0.013569548730425651
TextVQA_test,873,aligned_no_proj,0.025489650086746557,0.015185052969695115,0.010304597117051442
TextVQA_test,873,aligned_proj,0.01629617074407473,0.013518466868270873,0.0027777038758038577
TextVQA_test,874,raw_no_proj,0.0013664515889831134,0.002204724433950319,-0.0008382728449672057
TextVQA_test,874,raw_proj,0.002342502759899299,0.004258637504213458,-0.0019161347443141592
TextVQA_test,874,aligned_no_proj,0.003541977032741724,0.005473636502141102,-0.001931659469399378
TextVQA_test,874,aligned_proj,0.0008288525120223277,0.0020736492963284734,-0.0012447967843061457
TextVQA_test,875,raw_no_proj,0.0027713481446156644,0.007130214942604989,-0.004358866797989325
TextVQA_test,875,raw_proj,0.0017795375123747924,0.0046022471405740865,-0.0028227096281992943
TextVQA_test,875,aligned_no_proj,0.002184778677847182,0.004718251328504645,-0.002533472650657463
TextVQA_test,875,aligned_proj,0.0027630367118514597,0.008420378562360633,-0.005657341850509173
TextVQA_test,876,raw_no_proj,0.0031882099454194324,0.00044118097329363286,0.0027470289721257994
TextVQA_test,876,raw_proj,0.01946722247562702,0.0033729348396586145,0.016094287635968405
TextVQA_test,876,aligned_no_proj,0.007239806659004119,0.0006673468706634956,0.006572459788340624
TextVQA_test,876,aligned_proj,0.009756066953405768,0.0013337600863544718,0.008422306867051296
TextVQA_test,877,raw_no_proj,0.00099197918478809,0.00045846286579181994,0.0005335163189962701
TextVQA_test,877,raw_proj,0.002289663974563644,0.0005897345551789875,0.0016999294193846565
TextVQA_test,877,aligned_no_proj,0.0018042150351234973,0.0006888264855185475,0.0011153885496049498
TextVQA_test,877,aligned_proj,0.0012571837247228365,0.0005263887537581981,0.0007307949709646383
TextVQA_test,878,raw_no_proj,0.0006199741762160801,0.002435342397356079,-0.001815368221139999
TextVQA_test,878,raw_proj,0.0021923514415100476,0.005962562486803819,-0.003770211045293771
TextVQA_test,878,aligned_no_proj,0.001347928685380636,0.006662664278766421,-0.005314735593385785
TextVQA_test,878,aligned_proj,0.0005793177125941811,0.003647913188880301,-0.0030685954762861203
TextVQA_test,879,raw_no_proj,0.0022167383172368668,0.005663022272338701,-0.0034462839551018345
TextVQA_test,879,raw_proj,0.0016848424784421656,0.004742440922449877,-0.0030575984440077107
TextVQA_test,879,aligned_no_proj,0.0024472494197422933,0.005797001691944814,-0.003349752272202521
TextVQA_test,879,aligned_proj,0.0012044099740144475,0.0023748027404446206,-0.0011703927664301731
TextVQA_test,880,raw_no_proj,0.0009247096305728459,0.0016162415996044325,-0.0006915319690315866
TextVQA_test,880,raw_proj,0.002598098288136463,0.006628365736841881,-0.004030267448705417
TextVQA_test,880,aligned_no_proj,0.002263771770213769,0.004925707405467211,-0.0026619356352534417
TextVQA_test,880,aligned_proj,0.0017570013862722234,0.0070721855049774894,-0.005315184118705266
TextVQA_test,881,raw_no_proj,0.01473368563923878,0.02052751565768207,-0.005793830018443292
TextVQA_test,881,raw_proj,0.011555940495410748,0.04022002732549469,-0.028664086830083944
TextVQA_test,881,aligned_no_proj,0.01841690391564805,0.02513089537977805,-0.006713991464130001
TextVQA_test,881,aligned_proj,0.009449277909163284,0.03789989391546929,-0.028450616006306002
TextVQA_test,882,raw_no_proj,0.01961713551857751,0.025588250378375192,-0.0059711148597976806
TextVQA_test,882,raw_proj,0.012032052019094385,0.020517470429294946,-0.00848541841020056
TextVQA_test,882,aligned_no_proj,0.025589339839987547,0.037924684858606075,-0.012335345018618528
TextVQA_test,882,aligned_proj,0.010716870589280756,0.01548934875041621,-0.004772478161135454
TextVQA_test,883,raw_no_proj,0.016094753221640924,0.021274204581495617,-0.005179451359854693
TextVQA_test,883,raw_proj,0.039437890549401014,0.046265443762443945,-0.006827553213042931
TextVQA_test,883,aligned_no_proj,0.02056458894138853,0.025499534368335387,-0.004934945426946856
TextVQA_test,883,aligned_proj,0.025497890869167306,0.028395065611827214,-0.002897174742659908
TextVQA_test,884,raw_no_proj,0.0774795227615552,0.10323002133093678,-0.02575049856938158
TextVQA_test,884,raw_proj,0.040904541089240236,0.11407703760890511,-0.07317249651966487
TextVQA_test,884,aligned_no_proj,0.13083379034693624,0.2256691493281958,-0.09483535898125955
TextVQA_test,884,aligned_proj,0.05313409811013432,0.1534884525138952,-0.10035435440376088
TextVQA_test,885,raw_no_proj,0.12044874597428583,0.19861253887094543,-0.0781637928966596
TextVQA_test,885,raw_proj,0.17821909030953792,0.3204282805699272,-0.1422091902603893
TextVQA_test,885,aligned_no_proj,0.24125488244841958,0.4543539152627575,-0.2130990328143379
TextVQA_test,885,aligned_proj,0.11228687553026355,0.23723977140842245,-0.1249528958781589
TextVQA_test,886,raw_no_proj,0.0012974074295156678,0.004912091870270243,-0.0036146844407545756
TextVQA_test,886,raw_proj,0.005590673860090084,0.020384358579487734,-0.01479368471939765
TextVQA_test,886,aligned_no_proj,0.0023573574820908,0.015079986706735124,-0.012722629224644323
TextVQA_test,886,aligned_proj,0.003958345125240831,0.011197695262876542,-0.007239350137635711
TextVQA_test,887,raw_no_proj,0.005979131059695636,0.010366578421956476,-0.00438744736226084
TextVQA_test,887,raw_proj,0.0049166239984474005,0.01557688268200271,-0.010660258683555308
TextVQA_test,887,aligned_no_proj,0.0037567066513860318,0.0077732366523265385,-0.004016530000940507
TextVQA_test,887,aligned_proj,0.0022818362858421596,0.006971614155316026,-0.004689777869473866
TextVQA_test,888,raw_no_proj,0.004169798526663316,0.0012098394859148208,0.002959959040748495
TextVQA_test,888,raw_proj,0.008706390502542183,0.0016122272754655583,0.0070941632270766245
TextVQA_test,888,aligned_no_proj,0.008122184469166282,0.002096009981196098,0.006026174487970184
TextVQA_test,888,aligned_proj,0.0036237679263635895,0.0015689371024013672,0.0020548308239622223
TextVQA_test,889,raw_no_proj,0.03057309472205805,0.006486089423866364,0.024087005298191688
TextVQA_test,889,raw_proj,0.017436055476922174,0.008942733089078463,0.008493322387843711
TextVQA_test,889,aligned_no_proj,0.05573696693498296,0.006258092505033619,0.04947887442994934
TextVQA_test,889,aligned_proj,0.011729177010356496,0.006215459502959703,0.0055137175073967926
TextVQA_test,890,raw_no_proj,0.005016756884003187,0.0011349284872447108,0.0038818283967584763
TextVQA_test,890,raw_proj,0.0022254029165934414,0.0007212271038591486,0.0015041758127342928
TextVQA_test,890,aligned_no_proj,0.00534800464030025,0.0011766261833639562,0.004171378456936294
TextVQA_test,890,aligned_proj,0.0035510524536529545,0.0009657416624390636,0.002585310791213891
TextVQA_test,891,raw_no_proj,0.001019517417942218,0.00024876298106566976,0.0007707544368765482
TextVQA_test,891,raw_proj,0.0017901337333504324,0.00110348906645353,0.0006866446668969024
TextVQA_test,891,aligned_no_proj,0.0013548692091635058,0.0003155987322287373,0.0010392704769347685
TextVQA_test,891,aligned_proj,0.0007667429398246715,0.0003726437460545531,0.00039409919377011835
TextVQA_test,892,raw_no_proj,0.02065150483050123,0.007524430831232029,0.013127073999269202
TextVQA_test,892,raw_proj,0.009812356786567389,0.007353806041398031,0.002458550745169358
TextVQA_test,892,aligned_no_proj,0.024677131625359307,0.009167566902007429,0.015509564723351878
TextVQA_test,892,aligned_proj,0.0063313919243243415,0.006366081868684424,-3.4689944360082395e-05
TextVQA_test,893,raw_no_proj,0.001135111687509429,0.004116519619151113,-0.002981407931641684
TextVQA_test,893,raw_proj,0.0016024102732532125,0.012726628860468278,-0.011124218587215066
TextVQA_test,893,aligned_no_proj,0.001926722618045595,0.013000646496884358,-0.011073923878838763
TextVQA_test,893,aligned_proj,0.0016424908083930616,0.006742953111868032,-0.00510046230347497
TextVQA_test,894,raw_no_proj,0.009390897301032092,0.00035163985376557505,0.009039257447266517
TextVQA_test,894,raw_proj,0.01264561000382401,0.0015177726213328737,0.011127837382491138
TextVQA_test,894,aligned_no_proj,0.009055882169649645,0.001624661837820684,0.007431220331828961
TextVQA_test,894,aligned_proj,0.005497745996654195,0.0017698283768704758,0.003727917619783719
TextVQA_test,895,raw_no_proj,0.3021693305062874,0.7035204424773711,-0.4013511119710837
TextVQA_test,895,raw_proj,0.2164726794372652,0.45720648697938227,-0.24073380754211707
TextVQA_test,895,aligned_no_proj,0.4639022474223382,0.7346375853428453,-0.2707353379205071
TextVQA_test,895,aligned_proj,0.11174343610020326,0.33730811837727,-0.22556468227706672
TextVQA_test,896,raw_no_proj,0.0038879020720809913,0.003963097469388076,-7.519539730708449e-05
TextVQA_test,896,raw_proj,0.004068923220039126,0.005427673541955155,-0.0013587503219160291
TextVQA_test,896,aligned_no_proj,0.0059065497628387805,0.009599115291181891,-0.0036925655283431107
TextVQA_test,896,aligned_proj,0.003196976392476146,0.003497823371347179,-0.00030084697887103285
TextVQA_test,897,raw_no_proj,0.015373245254722846,0.2411718908971378,-0.22579864564241497
TextVQA_test,897,raw_proj,0.009088939456599002,0.13156917211252514,-0.12248023265592614
TextVQA_test,897,aligned_no_proj,0.012322719079764306,0.18905341920471758,-0.17673070012495326
TextVQA_test,897,aligned_proj,0.006362877141106507,0.0883511726655915,-0.081988295524485
TextVQA_test,898,raw_no_proj,0.015244298219118735,0.00970472160717139,0.005539576611947344
TextVQA_test,898,raw_proj,0.009084994564782544,0.004364436173397541,0.004720558391385003
TextVQA_test,898,aligned_no_proj,0.013762273005100242,0.011475343397012842,0.0022869296080874
TextVQA_test,898,aligned_proj,0.012244498504993888,0.007231442752017045,0.005013055752976843
TextVQA_test,899,raw_no_proj,0.0033539008715946575,0.0081946650929721,-0.004840764221377443
TextVQA_test,899,raw_proj,0.0013393597846234448,0.003889087832264024,-0.0025497280476405792
TextVQA_test,899,aligned_no_proj,0.0014008070364042978,0.004136822367302106,-0.0027360153308978088
TextVQA_test,899,aligned_proj,0.0014974503525342876,0.006021451227436029,-0.004524000874901742
TextVQA_test,900,raw_no_proj,0.003377428305555364,0.01291198108957241,-0.009534552784017046
TextVQA_test,900,raw_proj,0.001030540370616364,0.011208508787313103,-0.010177968416696739
TextVQA_test,900,aligned_no_proj,0.0046377199751635005,0.03412288533165809,-0.029485165356494588
TextVQA_test,900,aligned_proj,0.0009002109438020598,0.012727264078191261,-0.011827053134389202
TextVQA_test,901,raw_no_proj,0.021503926257826957,0.017934156759437842,0.003569769498389115
TextVQA_test,901,raw_proj,0.01864304742492153,0.01645047862352569,0.002192568801395841
TextVQA_test,901,aligned_no_proj,0.029976440550142435,0.02295180026106407,0.007024640289078364
TextVQA_test,901,aligned_proj,0.01415893455583517,0.014506450685309515,-0.0003475161294743453
TextVQA_test,902,raw_no_proj,0.06776883287136452,0.06862358992640616,-0.0008547570550416356
TextVQA_test,902,raw_proj,0.03585022279743269,0.0760287897496528,-0.04017856695222011
TextVQA_test,902,aligned_no_proj,0.03306117844275411,0.06277608397936023,-0.02971490553660612
TextVQA_test,902,aligned_proj,0.01319888601327033,0.06634153933023544,-0.05314265331696511
TextVQA_test,903,raw_no_proj,0.06286284962462349,0.060350640787121476,0.002512208837502014
TextVQA_test,903,raw_proj,0.03224723647975804,0.0957972086533931,-0.06354997217363506
TextVQA_test,903,aligned_no_proj,0.07852734367481044,0.11192560247351283,-0.03339825879870238
TextVQA_test,903,aligned_proj,0.020795648057803748,0.06261191146249895,-0.0418162634046952
TextVQA_test,904,raw_no_proj,0.0025870980496481687,0.00010684599779967626,0.0024802520518484926
TextVQA_test,904,raw_proj,0.001535289764186282,0.0003087600607422558,0.0012265297034440262
TextVQA_test,904,aligned_no_proj,0.0040003856886050146,0.0003051043166915504,0.0036952813719134643
TextVQA_test,904,aligned_proj,0.0007018744744255229,0.00042704919183087495,0.0002748252825946479
TextVQA_test,905,raw_no_proj,0.10167646613913146,0.1824005398592724,-0.08072407372014094
TextVQA_test,905,raw_proj,0.058113932673305085,0.1758335664375567,-0.11771963376425162
TextVQA_test,905,aligned_no_proj,0.1592837218473214,0.31308968080717475,-0.15380595895985336
TextVQA_test,905,aligned_proj,0.051002551019011605,0.1182543885853747,-0.06725183756636309
TextVQA_test,906,raw_no_proj,0.005366998076168618,0.0009187150816862302,0.0044482829944823875
TextVQA_test,906,raw_proj,0.003708228827942094,0.0015394609691819505,0.002168767858760143
TextVQA_test,906,aligned_no_proj,0.0035082692284493927,0.0017477883401306035,0.0017604808883187892
TextVQA_test,906,aligned_proj,0.0033452213060016843,0.0018326336974580555,0.0015125876085436288
TextVQA_test,907,raw_no_proj,0.022692934601168117,0.00141897293850909,0.021273961662659026
TextVQA_test,907,raw_proj,0.004470563442846492,0.0009215493875863331,0.0035490140552601594
TextVQA_test,907,aligned_no_proj,0.012850405984011392,0.0019233917278481158,0.010927014256163277
TextVQA_test,907,aligned_proj,0.0035412681895862354,0.0010896022343840409,0.0024516659552021947
TextVQA_test,908,raw_no_proj,0.06446082345685235,0.07777294618975442,-0.013312122732902068
TextVQA_test,908,raw_proj,0.04241915638636646,0.11181534573259261,-0.06939618934622616
TextVQA_test,908,aligned_no_proj,0.0906957925071416,0.20656034800147904,-0.11586455549433744
TextVQA_test,908,aligned_proj,0.056978882602834055,0.13642590463048618,-0.07944702202765212
TextVQA_test,909,raw_no_proj,0.00021025508144068472,0.0006670556523227338,-0.00045680057088204903
TextVQA_test,909,raw_proj,0.0002651401292168517,0.001746907462427688,-0.0014817673332108362
TextVQA_test,909,aligned_no_proj,0.00015188602338143167,0.0007103602566323795,-0.0005584742332509478
TextVQA_test,909,aligned_proj,0.00010378593084714348,0.0018136546671290994,-0.001709868736281956
TextVQA_test,910,raw_no_proj,0.004645964068908495,0.006745479782963486,-0.002099515714054991
TextVQA_test,910,raw_proj,0.0028743715212863194,0.005784341928535918,-0.002909970407249599
TextVQA_test,910,aligned_no_proj,0.0067543470754975075,0.014774460720854905,-0.008020113645357398
TextVQA_test,910,aligned_proj,0.0025214839816645306,0.0050007000960985305,-0.002479216114434
TextVQA_test,911,raw_no_proj,0.0011247813436129326,0.0006518777408399675,0.0004729036027729651
TextVQA_test,911,raw_proj,0.001170175358373517,0.001125430035096004,4.474532327751295e-05
TextVQA_test,911,aligned_no_proj,0.0016248516646532112,0.0008816628082429023,0.000743188856410309
TextVQA_test,911,aligned_proj,0.0007890530180428895,0.0011203534223023959,-0.0003313004042595064
TextVQA_test,912,raw_no_proj,0.004586337294213843,0.004488688081483956,9.764921272988666e-05
TextVQA_test,912,raw_proj,0.0027679574522755947,0.0028189880865971562,-5.103063432156151e-05
TextVQA_test,912,aligned_no_proj,0.004015202911477654,0.00344472547277707,0.0005704774387005835
TextVQA_test,912,aligned_proj,0.002569350871536518,0.00405419748071918,-0.0014848466091826615
TextVQA_test,913,raw_no_proj,0.012201857484820455,0.00703596524138685,0.005165892243433605
TextVQA_test,913,raw_proj,0.013038148872656486,0.007233413628580287,0.0058047352440761995
TextVQA_test,913,aligned_no_proj,0.009890342271452862,0.006043286149702486,0.003847056121750376
TextVQA_test,913,aligned_proj,0.006579376249293031,0.004124980411852563,0.0024543958374404684
TextVQA_test,914,raw_no_proj,0.0016019109736119998,0.00026158483293587347,0.0013403261406761263
TextVQA_test,914,raw_proj,0.0019045918564128074,0.0006495746054900537,0.0012550172509227537
TextVQA_test,914,aligned_no_proj,0.0012223133576546783,0.00038467377655297707,0.0008376395811017012
TextVQA_test,914,aligned_proj,0.0014803091798443325,0.0009731854122338096,0.0005071237676105229
TextVQA_test,915,raw_no_proj,0.015451422829351141,0.0495843977100201,-0.03413297488066896
TextVQA_test,915,raw_proj,0.004567936989289167,0.01225752040846752,-0.0076895834191783525
TextVQA_test,915,aligned_no_proj,0.014392253079701524,0.04825367936540949,-0.033861426285707964
TextVQA_test,915,aligned_proj,0.004094097132248704,0.011194014575772158,-0.007099917443523454
TextVQA_test,916,raw_no_proj,0.043436455044498126,0.015545796367474203,0.027890658677023922
TextVQA_test,916,raw_proj,0.0686186746133857,0.0177301133715935,0.050888561241792196
TextVQA_test,916,aligned_no_proj,0.03868240967813502,0.01667198309932592,0.0220104265788091
TextVQA_test,916,aligned_proj,0.06957826866664088,0.0238939921350223,0.04568427653161858
TextVQA_test,917,raw_no_proj,0.006834613723657244,0.009892168166807665,-0.0030575544431504205
TextVQA_test,917,raw_proj,0.007753078329565043,0.009482664078220647,-0.0017295857486556042
TextVQA_test,917,aligned_no_proj,0.006212967494896732,0.011081861217233929,-0.004868893722337197
TextVQA_test,917,aligned_proj,0.0073999852890172385,0.010300813543995513,-0.002900828254978274
TextVQA_test,918,raw_no_proj,0.02182656086798395,0.07040005181927239,-0.04857349095128844
TextVQA_test,918,raw_proj,0.033181602991406836,0.11509141634380839,-0.08190981335240155
TextVQA_test,918,aligned_no_proj,0.01520021041901997,0.08100824486941932,-0.06580803445039934
TextVQA_test,918,aligned_proj,0.014058135923369956,0.09152949563855181,-0.07747135971518185
TextVQA_test,919,raw_no_proj,0.01803352379206162,0.0879097730251141,-0.06987624923305248
TextVQA_test,919,raw_proj,0.01552497571611064,0.06503073589803096,-0.04950576018192032
TextVQA_test,919,aligned_no_proj,0.009360628993125095,0.05298971861906319,-0.04362908962593809
TextVQA_test,919,aligned_proj,0.004521644634579005,0.03254674810732425,-0.02802510347274524
TextVQA_test,920,raw_no_proj,0.002215318137869861,0.013423934956593699,-0.011208616818723838
TextVQA_test,920,raw_proj,0.002772029698525848,0.01582987416023686,-0.013057844461711012
TextVQA_test,920,aligned_no_proj,0.0029313652649818195,0.02242600207048125,-0.01949463680549943
TextVQA_test,920,aligned_proj,0.002581257825634343,0.026292045896490458,-0.023710788070856116
TextVQA_test,921,raw_no_proj,0.004167656782245737,0.00012303775530689542,0.004044619026938842
TextVQA_test,921,raw_proj,0.00300675621096477,0.00014693017526857727,0.0028598260356961927
TextVQA_test,921,aligned_no_proj,0.005566265081547326,0.00021670277107483537,0.005349562310472491
TextVQA_test,921,aligned_proj,0.0017619717241590055,0.0001741775666388439,0.0015877941575201616
TextVQA_test,922,raw_no_proj,0.006929788095534305,0.002610256496537042,0.004319531598997263
TextVQA_test,922,raw_proj,0.005357270623898618,0.001491686397991733,0.0038655842259068844
TextVQA_test,922,aligned_no_proj,0.006630404922993773,0.002503700288471192,0.0041267046345225804
TextVQA_test,922,aligned_proj,0.0035867953691442606,0.0016366735158135361,0.0019501218533307244
TextVQA_test,923,raw_no_proj,0.000471520677365567,8.318142733724028e-05,0.00038833925002832673
TextVQA_test,923,raw_proj,0.001071401402484805,0.00020736782739930575,0.0008640335750854993
TextVQA_test,923,aligned_no_proj,0.0008898778451483634,8.559510678255549e-05,0.0008042827383658079
TextVQA_test,923,aligned_proj,0.0004395942658754288,5.892450277232789e-05,0.00038066976310310093
TextVQA_test,924,raw_no_proj,0.003709036948370366,0.0017614615049287865,0.0019475754434415795
TextVQA_test,924,raw_proj,0.014458374171496625,0.00592431659126593,0.008534057580230694
TextVQA_test,924,aligned_no_proj,0.008461833261184467,0.004681403860977435,0.0037804294002070317
TextVQA_test,924,aligned_proj,0.004719158292952005,0.0028883541910612984,0.0018308041018907065
TextVQA_test,925,raw_no_proj,0.0006759656514776693,0.0010387876524356862,-0.0003628220009580169
TextVQA_test,925,raw_proj,0.0016031694120806233,0.0014509108123698193,0.00015225859971080397
TextVQA_test,925,aligned_no_proj,0.001109209237846517,0.0015035932766528225,-0.0003943840388063056
TextVQA_test,925,aligned_proj,0.0004300837282225813,0.000559500148821673,-0.00012941642059909167
TextVQA_test,926,raw_no_proj,0.007832411276523397,0.007130237971934605,0.0007021733045887921
TextVQA_test,926,raw_proj,0.006203426902731069,0.012313992802229931,-0.006110565899498862
TextVQA_test,926,aligned_no_proj,0.007730865837326548,0.008732010483030583,-0.0010011446457040343
TextVQA_test,926,aligned_proj,0.004636046559333213,0.007510766111948428,-0.0028747195526152153
TextVQA_test,927,raw_no_proj,0.0003238660555668321,0.0009280235711133842,-0.0006041575155465521
TextVQA_test,927,raw_proj,0.0017375386154257892,0.0025267485441007936,-0.0007892099286750044
TextVQA_test,927,aligned_no_proj,0.000816059940685882,0.0019320162149504907,-0.0011159562742646088
TextVQA_test,927,aligned_proj,0.0016345752184155073,0.001074664996706469,0.0005599102217090383
TextVQA_test,928,raw_no_proj,0.0017810948262714538,0.003857195652785615,-0.002076100826514161
TextVQA_test,928,raw_proj,0.00423355040174339,0.004654111801959797,-0.00042056140021640674
TextVQA_test,928,aligned_no_proj,0.001976379286568271,0.005705001197433652,-0.003728621910865381
TextVQA_test,928,aligned_proj,0.0018551528142687075,0.0033430390606859765,-0.001487886246417269
TextVQA_test,929,raw_no_proj,0.0031938863182270705,0.0007022012809055418,0.0024916850373215287
TextVQA_test,929,raw_proj,0.0012250768435092215,0.0007571209873487042,0.0004679558561605173
TextVQA_test,929,aligned_no_proj,0.0035866510843340247,0.0016304795773699743,0.00195617150696405
TextVQA_test,929,aligned_proj,0.0010204484675215841,0.0008007844957029657,0.00021966397181861846
TextVQA_test,930,raw_no_proj,0.003821390149434295,0.000754002301748095,0.0030673878476862
TextVQA_test,930,raw_proj,0.006392356803856287,0.0025108706541368156,0.0038814861497194716
TextVQA_test,930,aligned_no_proj,0.007032012580415581,0.001345255900058131,0.00568675668035745
TextVQA_test,930,aligned_proj,0.0028633532132514477,0.0013471551895963157,0.001516198023655132
TextVQA_test,931,raw_no_proj,0.003185190311892606,0.04572888693731469,-0.04254369662542208
TextVQA_test,931,raw_proj,0.002564430593833868,0.060448120297046236,-0.057883689703212365
TextVQA_test,931,aligned_no_proj,0.0015645819718976017,0.05543024838461148,-0.05386566641271388
TextVQA_test,931,aligned_proj,0.0018111401293562884,0.0419984150335946,-0.04018727490423831
TextVQA_test,932,raw_no_proj,0.0026516216666975473,0.0012971812634526285,0.0013544404032449187
TextVQA_test,932,raw_proj,0.0030901068349021023,0.0042402813559218365,-0.0011501745210197342
TextVQA_test,932,aligned_no_proj,0.0016149237491084158,0.0022564296562368924,-0.0006415059071284766
TextVQA_test,932,aligned_proj,0.004569272768362572,0.00671625072068678,-0.0021469779523242086
TextVQA_test,933,raw_no_proj,0.007366635813167456,0.0045236616862100445,0.0028429741269574114
TextVQA_test,933,raw_proj,0.003895993921801547,0.0035798935836575396,0.0003161003381440073
TextVQA_test,933,aligned_no_proj,0.008381007418586946,0.008620224588968401,-0.00023921717038145537
TextVQA_test,933,aligned_proj,0.006935511245014149,0.008022245696179682,-0.0010867344511655335
TextVQA_test,934,raw_no_proj,0.02303292243750791,0.03826910993756312,-0.01523618750005521
TextVQA_test,934,raw_proj,0.027709188769654003,0.04641744979895976,-0.018708261029305756
TextVQA_test,934,aligned_no_proj,0.033457392864321485,0.057539287211236384,-0.0240818943469149
TextVQA_test,934,aligned_proj,0.030178902244804896,0.032765045087477136,-0.0025861428426722406
TextVQA_test,935,raw_no_proj,0.027092386632727145,0.02055642589088996,0.006535960741837186
TextVQA_test,935,raw_proj,0.0228164297903755,0.018018048627148654,0.004798381163226846
TextVQA_test,935,aligned_no_proj,0.03687952501887861,0.03965500870493692,-0.0027754836860583096
TextVQA_test,935,aligned_proj,0.032465255562398404,0.020284498095274175,0.012180757467124229
TextVQA_test,936,raw_no_proj,0.019811508397840613,0.005996789871595331,0.013814718526245282
TextVQA_test,936,raw_proj,0.007547216915297639,0.005637930396203641,0.0019092865190939974
TextVQA_test,936,aligned_no_proj,0.011742483965923386,0.006515071898248409,0.0052274120676749775
TextVQA_test,936,aligned_proj,0.006406317134835563,0.004472046005320676,0.001934271129514887
TextVQA_test,937,raw_no_proj,0.023252799753873336,0.0017461247328000203,0.021506675021073316
TextVQA_test,937,raw_proj,0.007536558237026405,0.0015546293145193458,0.0059819289225070595
TextVQA_test,937,aligned_no_proj,0.02454383691716961,0.0033587198115044414,0.021185117105665167
TextVQA_test,937,aligned_proj,0.009346538964596092,0.004113004877426661,0.005233534087169431
TextVQA_test,938,raw_no_proj,0.012140609490495061,0.017436437082822182,-0.005295827592327121
TextVQA_test,938,raw_proj,0.003647301611183534,0.00901460075357822,-0.005367299142394686
TextVQA_test,938,aligned_no_proj,0.010286976866157859,0.026373868418686646,-0.016086891552528786
TextVQA_test,938,aligned_proj,0.003617586971792417,0.006802538745425819,-0.003184951773633402
TextVQA_test,939,raw_no_proj,0.0008228752617441885,0.0009679584733251685,-0.00014508321158098
TextVQA_test,939,raw_proj,0.004939452824806462,0.002985073333563904,0.0019543794912425584
TextVQA_test,939,aligned_no_proj,0.0015168674787252026,0.0012597024575474504,0.0002571650211777522
TextVQA_test,939,aligned_proj,0.0012949608736186173,0.0007073832351429283,0.000587577638475689
TextVQA_test,940,raw_no_proj,0.00011414247322302272,0.00036486271009097076,-0.00025072023686794806
TextVQA_test,940,raw_proj,0.0006165886798951479,0.001963702412349636,-0.0013471137324544882
TextVQA_test,940,aligned_no_proj,0.00013447655799870949,0.0003653008361771968,-0.00023082427817848732
TextVQA_test,940,aligned_proj,0.00038144657319912393,0.0009305894276337023,-0.0005491428544345784
TextVQA_test,941,raw_no_proj,0.004487203661151922,0.009340381514220765,-0.004853177853068843
TextVQA_test,941,raw_proj,0.003267728336238137,0.0070358680874949816,-0.0037681397512568447
TextVQA_test,941,aligned_no_proj,0.0083497017860465,0.022515934766443667,-0.014166232980397167
TextVQA_test,941,aligned_proj,0.006540379464157065,0.011638300391488362,-0.0050979209273312965
TextVQA_test,942,raw_no_proj,0.0005282926402812322,0.002110472597389092,-0.00158217995710786
TextVQA_test,942,raw_proj,0.0010919584379798766,0.003925137906349362,-0.0028331794683694855
TextVQA_test,942,aligned_no_proj,0.0005756620249712669,0.0015724574473315093,-0.0009967954223602422
TextVQA_test,942,aligned_proj,0.0009220240435493306,0.002658486869577213,-0.0017364628260278824
TextVQA_test,943,raw_no_proj,0.009180489163162785,0.0015558743559186648,0.0076246148072441206
TextVQA_test,943,raw_proj,0.0037066392884169694,0.0016144658250265495,0.00209217346339042
TextVQA_test,943,aligned_no_proj,0.01039948023222135,0.0027334800503601674,0.007666000181861183
TextVQA_test,943,aligned_proj,0.0028975897332880157,0.0017773504706583272,0.0011202392626296885
TextVQA_test,944,raw_no_proj,0.0250799231828798,0.01771269392793269,0.007367229254947108
TextVQA_test,944,raw_proj,0.017770182708835208,0.009952248130395627,0.007817934578439581
TextVQA_test,944,aligned_no_proj,0.031846817741978825,0.017009913569172346,0.014836904172806479
TextVQA_test,944,aligned_proj,0.019834940329339176,0.01213858391055509,0.007696356418784087
TextVQA_test,945,raw_no_proj,0.003134661341740977,0.000928597662833227,0.00220606367890775
TextVQA_test,945,raw_proj,0.002768459173223758,0.0012585962596194386,0.0015098629136043192
TextVQA_test,945,aligned_no_proj,0.003840501780268359,0.0012563297209064444,0.0025841720593619147
TextVQA_test,945,aligned_proj,0.0016808083523008742,0.0008737208313924742,0.0008070875209084
TextVQA_test,946,raw_no_proj,0.06814458928070159,0.046413710881952834,0.02173087839874876
TextVQA_test,946,raw_proj,0.09047660957122178,0.027845543154562242,0.06263106641665954
TextVQA_test,946,aligned_no_proj,0.09583391448975939,0.06068054451711375,0.03515336997264564
TextVQA_test,946,aligned_proj,0.07524348383578341,0.0534907102305849,0.021752773605198512
TextVQA_test,947,raw_no_proj,0.0010040818152071153,0.0010446733261599316,-4.0591510952816276e-05
TextVQA_test,947,raw_proj,0.003568292331725927,0.0033711220833350457,0.0001971702483908812
TextVQA_test,947,aligned_no_proj,0.0034052680961877513,0.003604402488877369,-0.00019913439268961792
TextVQA_test,947,aligned_proj,0.0019918676953529562,0.0016638523575965138,0.00032801533775644247
TextVQA_test,948,raw_no_proj,0.008042060448421307,0.012169329099907485,-0.004127268651486177
TextVQA_test,948,raw_proj,0.004288850963664412,0.006932402660627931,-0.002643551696963519
TextVQA_test,948,aligned_no_proj,0.008085818789502857,0.01695297265620846,-0.008867153866705602
TextVQA_test,948,aligned_proj,0.003812708634885214,0.006182746710327185,-0.0023700380754419713
TextVQA_test,949,raw_no_proj,0.028369605983805318,0.017644801429540013,0.010724804554265305
TextVQA_test,949,raw_proj,0.02708950347631771,0.03947100951397601,-0.0123815060376583
TextVQA_test,949,aligned_no_proj,0.02544607370438865,0.04175792501664635,-0.0163118513122577
TextVQA_test,949,aligned_proj,0.01921733536727273,0.026314982693712023,-0.007097647326439291
TextVQA_test,950,raw_no_proj,0.0006335569312361894,0.0013705966679944334,-0.000737039736758244
TextVQA_test,950,raw_proj,0.0011342865408369737,0.002149764203995988,-0.0010154776631590141
TextVQA_test,950,aligned_no_proj,0.0006625627303228187,0.0025287792680810297,-0.001866216537758211
TextVQA_test,950,aligned_proj,0.000855408253301446,0.002338362799054305,-0.001482954545752859
TextVQA_test,951,raw_no_proj,0.05432692073765195,0.0758203478466185,-0.021493427108966547
TextVQA_test,951,raw_proj,0.03817318817805152,0.09418016853349281,-0.05600698035544129
TextVQA_test,951,aligned_no_proj,0.07958435930053835,0.1201333281637945,-0.04054896886325615
TextVQA_test,951,aligned_proj,0.03646735343855458,0.08345549659992614,-0.04698814316137156
TextVQA_test,952,raw_no_proj,0.001182334168677084,0.0019853187454002257,-0.0008029845767231418
TextVQA_test,952,raw_proj,0.003285343409709675,0.002946041217022438,0.0003393021926872369
TextVQA_test,952,aligned_no_proj,0.0023819268219343794,0.0024413259690183155,-5.9399147083936087e-05
TextVQA_test,952,aligned_proj,0.0016603990423764657,0.0021687488561238457,-0.00050834981374738
TextVQA_test,953,raw_no_proj,0.0012363688481908598,0.0004333137172721024,0.0008030551309187574
TextVQA_test,953,raw_proj,0.0021079170974039625,0.0008398797399988119,0.0012680373574051507
TextVQA_test,953,aligned_no_proj,0.004213022901484734,0.0009108440959502588,0.0033021788055344757
TextVQA_test,953,aligned_proj,0.001101643368191713,0.0007345174714707904,0.0003671258967209226
TextVQA_test,954,raw_no_proj,0.0007755867430010338,0.0035467402367064774,-0.0027711534937054434
TextVQA_test,954,raw_proj,0.0005364901428624234,0.002457931016741049,-0.0019214408738786257
TextVQA_test,954,aligned_no_proj,0.0006266154334453876,0.0039730181052222485,-0.0033464026717768608
TextVQA_test,954,aligned_proj,0.000978410812862658,0.0041551776866347746,-0.0031767668737721164
TextVQA_test,955,raw_no_proj,0.0017527110802886513,0.0016624973188003466,9.021376148830472e-05
TextVQA_test,955,raw_proj,0.002297290122442619,0.0021231139396497363,0.00017417618279288267
TextVQA_test,955,aligned_no_proj,0.0020861357798517845,0.0009645240324587191,0.0011216117473930654
TextVQA_test,955,aligned_proj,0.003758177311792628,0.0015989815599641087,0.002159195751828519
TextVQA_test,956,raw_no_proj,0.009160413260324036,0.0174321936015095,-0.008271780341185465
TextVQA_test,956,raw_proj,0.006216734787977725,0.015951047277233354,-0.009734312489255628
TextVQA_test,956,aligned_no_proj,0.006480637534647163,0.011431282229105152,-0.004950644694457989
TextVQA_test,956,aligned_proj,0.005274372490630626,0.011396329166689707,-0.0061219566760590816
TextVQA_test,957,raw_no_proj,0.006847326463576269,0.006862916892819353,-1.5590429243084007e-05
TextVQA_test,957,raw_proj,0.012635238023303413,0.016259830550941334,-0.0036245925276379206
TextVQA_test,957,aligned_no_proj,0.009524628699426555,0.017942249139486492,-0.008417620440059937
TextVQA_test,957,aligned_proj,0.011390321828199062,0.023646388864592627,-0.012256067036393566
TextVQA_test,958,raw_no_proj,0.05472055197843048,0.06474746740365496,-0.010026915425224478
TextVQA_test,958,raw_proj,0.04118705343160046,0.07096004831359115,-0.029772994881990693
TextVQA_test,958,aligned_no_proj,0.03450096315808918,0.08871834781579976,-0.05421738465771058
TextVQA_test,958,aligned_proj,0.014211673571193453,0.04422685253040476,-0.030015178959211304
TextVQA_test,959,raw_no_proj,0.0007429956220383594,0.0007770742194551509,-3.407859741679149e-05
TextVQA_test,959,raw_proj,0.0015727872669539266,0.001962545182176214,-0.0003897579152222872
TextVQA_test,959,aligned_no_proj,0.0010051710076784395,0.000891507937963636,0.00011366306971480355
TextVQA_test,959,aligned_proj,0.0007538061012634206,0.0006661707023359331,8.763539892748748e-05
TextVQA_test,960,raw_no_proj,0.006016527317345052,0.0012133127686618447,0.0048032145486832075
TextVQA_test,960,raw_proj,0.0036759739158109274,0.0011852063490049726,0.002490767566805955
TextVQA_test,960,aligned_no_proj,0.004133614603195047,0.00216250676109146,0.0019711078421035867
TextVQA_test,960,aligned_proj,0.0023132973496406066,0.0020398384582453197,0.00027345889139528687
TextVQA_test,961,raw_no_proj,0.024793454829416774,0.0022462163745303487,0.022547238454886424
TextVQA_test,961,raw_proj,0.017518828164627766,0.005516282218507557,0.01200254594612021
TextVQA_test,961,aligned_no_proj,0.01461973699085433,0.004332605420766597,0.010287131570087734
TextVQA_test,961,aligned_proj,0.003969339601720331,0.0036502278334693402,0.000319111768250991
TextVQA_test,962,raw_no_proj,0.021171860177352543,0.007957047218153606,0.013214812959198937
TextVQA_test,962,raw_proj,0.00891859966168038,0.006651282309518966,0.002267317352161414
TextVQA_test,962,aligned_no_proj,0.020529881898249253,0.009504581301126133,0.01102530059712312
TextVQA_test,962,aligned_proj,0.005009245578515995,0.011185213222512966,-0.00617596764399697
TextVQA_test,963,raw_no_proj,0.012160713777410658,0.012593614735173224,-0.0004329009577625654
TextVQA_test,963,raw_proj,0.013810300044857901,0.041895482837516755,-0.028085182792658855
TextVQA_test,963,aligned_no_proj,0.01300971848188534,0.019349352964103093,-0.006339634482217752
TextVQA_test,963,aligned_proj,0.009294453837772394,0.030247800038657884,-0.02095334620088549
TextVQA_test,964,raw_no_proj,0.033523599022690906,0.014032741527143816,0.01949085749554709
TextVQA_test,964,raw_proj,0.0382418509304409,0.032805928650485004,0.0054359222799558946
TextVQA_test,964,aligned_no_proj,0.03893075570248984,0.02657831255261054,0.012352443149879301
TextVQA_test,964,aligned_proj,0.013795618274406844,0.017638485979507706,-0.003842867705100863
TextVQA_test,965,raw_no_proj,0.002759355343380255,0.000662002152476495,0.00209735319090376
TextVQA_test,965,raw_proj,0.0028885194625774217,0.0019711291543071216,0.0009173903082703
TextVQA_test,965,aligned_no_proj,0.0015840807715716714,0.00173779685666516,-0.0001537160850934886
TextVQA_test,965,aligned_proj,0.0018612963679390806,0.002480397410444095,-0.0006191010425050144
TextVQA_test,966,raw_no_proj,0.02549224511900569,0.0008290254251149808,0.02466321969389071
TextVQA_test,966,raw_proj,0.011632223084419007,0.0011476051129763218,0.010484617971442685
TextVQA_test,966,aligned_no_proj,0.022655780411247516,0.002832910688717892,0.019822869722529623
TextVQA_test,966,aligned_proj,0.028161321189695603,0.005914513147773981,0.022246808041921622
TextVQA_test,967,raw_no_proj,0.002441439751345402,0.003225116860192418,-0.000783677108847016
TextVQA_test,967,raw_proj,0.002529586411960559,0.006325608339813877,-0.0037960219278533177
TextVQA_test,967,aligned_no_proj,0.003209033679571485,0.005622490964547247,-0.0024134572849757617
TextVQA_test,967,aligned_proj,0.0012199730040188123,0.006246819136382273,-0.005026846132363461
TextVQA_test,968,raw_no_proj,0.020792555602133344,0.020599480505314655,0.00019307509681868937
TextVQA_test,968,raw_proj,0.010567307866829235,0.013260380454179294,-0.0026930725873500587
TextVQA_test,968,aligned_no_proj,0.0263686811826783,0.03628556295240863,-0.00991688176973033
TextVQA_test,968,aligned_proj,0.005103603727369309,0.008632410888755201,-0.0035288071613858926
TextVQA_test,969,raw_no_proj,0.004856744663046079,0.001308701182838521,0.0035480434802075576
TextVQA_test,969,raw_proj,0.016665593120199055,0.0020387663179873773,0.014626826802211678
TextVQA_test,969,aligned_no_proj,0.01012534289052822,0.0030169648963168667,0.007108377994211353
TextVQA_test,969,aligned_proj,0.005707441318862336,0.0005609437687059667,0.005146497550156369
TextVQA_test,970,raw_no_proj,0.00025234124599534096,0.0008716822979069532,-0.0006193410519116122
TextVQA_test,970,raw_proj,0.0006726892354318641,0.0011976990328586856,-0.0005250097974268215
TextVQA_test,970,aligned_no_proj,0.0002922941318463508,0.0006117900771275791,-0.00031949594528122834
TextVQA_test,970,aligned_proj,0.0024616585694333805,0.0030236976460827035,-0.000562039076649323
TextVQA_test,971,raw_no_proj,0.0004939486499251785,0.0008997841444114169,-0.0004058354944862384
TextVQA_test,971,raw_proj,0.001669337477051934,0.0036109802859785405,-0.0019416428089266064
TextVQA_test,971,aligned_no_proj,0.0009568079912954863,0.0019009731682516058,-0.0009441651769561195
TextVQA_test,971,aligned_proj,0.0003905854768550498,0.0014173273500129892,-0.0010267418731579395
TextVQA_test,972,raw_no_proj,0.00269824447739538,0.0032482370760039017,-0.0005499925986085217
TextVQA_test,972,raw_proj,0.005045835379798417,0.0058410984024499886,-0.0007952630226515716
TextVQA_test,972,aligned_no_proj,0.003892338471989215,0.005347474287286274,-0.0014551358152970592
TextVQA_test,972,aligned_proj,0.005657774881596483,0.009224273979446257,-0.0035664990978497733
TextVQA_test,973,raw_no_proj,0.05290054528647558,0.027786753438026834,0.025113791848448745
TextVQA_test,973,raw_proj,0.04065450086123893,0.01859205706046641,0.022062443800772522
TextVQA_test,973,aligned_no_proj,0.10063014573294526,0.06372192421342535,0.03690822151951992
TextVQA_test,973,aligned_proj,0.023095177087056495,0.03072810347209166,-0.007632926385035165
TextVQA_test,974,raw_no_proj,0.0025657274472115446,0.00027463815588914866,0.002291089291322396
TextVQA_test,974,raw_proj,0.0007139456681178064,0.00042561293435614076,0.00028833273376166566
TextVQA_test,974,aligned_no_proj,0.0022674774936923695,0.0006015114973912726,0.001665965996301097
TextVQA_test,974,aligned_proj,0.0012168832758415815,0.0007965874132947986,0.0004202958625467829
TextVQA_test,975,raw_no_proj,0.0008730385631749509,8.42143509210565e-05,0.0007888242122538944
TextVQA_test,975,raw_proj,0.0012521957042960308,0.0002873375711912384,0.0009648581331047925
TextVQA_test,975,aligned_no_proj,0.0006618494846296408,0.0001927702852455895,0.00046907919938405133
TextVQA_test,975,aligned_proj,0.0006303723788788326,0.0004445406819195588,0.00018583169695927384
TextVQA_test,976,raw_no_proj,0.0032512977025354237,0.0031591704665073083,9.212723602811546e-05
TextVQA_test,976,raw_proj,0.004835989407715293,0.004616604144329635,0.0002193852633856578
TextVQA_test,976,aligned_no_proj,0.003119009592061149,0.0028287629917941987,0.0002902466002669504
TextVQA_test,976,aligned_proj,0.0024125729387927284,0.0034588096220839414,-0.001046236683291213
TextVQA_test,977,raw_no_proj,0.0015425832400292661,0.001042219496948895,0.0005003637430803711
TextVQA_test,977,raw_proj,0.004241315201941141,0.002261671765627621,0.0019796434363135197
TextVQA_test,977,aligned_no_proj,0.0024850699724259058,0.0009821518413719768,0.001502918131053929
TextVQA_test,977,aligned_proj,0.005572729771128157,0.001779330415741911,0.0037933993553862463
TextVQA_test,978,raw_no_proj,0.009600610391098455,0.02795754113665751,-0.018356930745559056
TextVQA_test,978,raw_proj,0.01205052323625963,0.02591026502996116,-0.01385974179370153
TextVQA_test,978,aligned_no_proj,0.011751811508399171,0.03647747456742252,-0.02472566305902335
TextVQA_test,978,aligned_proj,0.004912616003536326,0.010096627303255333,-0.005184011299719007
TextVQA_test,979,raw_no_proj,0.0007350662181812546,0.00018376915165725446,0.0005512970665240001
TextVQA_test,979,raw_proj,0.0011738605308183629,0.0005627993821350497,0.0006110611486833131
TextVQA_test,979,aligned_no_proj,0.001155791556096819,0.0003532848058079141,0.0008025067502889049
TextVQA_test,979,aligned_proj,0.000839551148115355,0.0006590777742851311,0.00018047337383022383
TextVQA_test,980,raw_no_proj,0.03947606352988649,0.07207140928095573,-0.032595345751069246
TextVQA_test,980,raw_proj,0.037628376981818125,0.11675996551693865,-0.07913158853512053
TextVQA_test,980,aligned_no_proj,0.019760040785821137,0.08197380549484524,-0.06221376470902411
TextVQA_test,980,aligned_proj,0.013003622819452602,0.0592088048742834,-0.0462051820548308
TextVQA_test,981,raw_no_proj,0.001601669393650262,0.0009800024962518595,0.0006216668973984024
TextVQA_test,981,raw_proj,0.0013761864764364198,0.002928505563103496,-0.0015523190866670764
TextVQA_test,981,aligned_no_proj,0.0012218676420345084,0.0014207769696689776,-0.00019890932763446919
TextVQA_test,981,aligned_proj,0.0004250736840797981,0.002033121083413496,-0.0016080473993336977
TextVQA_test,982,raw_no_proj,0.0019489724945889674,0.0014085025407365565,0.0005404699538524109
TextVQA_test,982,raw_proj,0.0025726628330842286,0.0017828257762507018,0.0007898370568335269
TextVQA_test,982,aligned_no_proj,0.001709065579749163,0.0010445083962661815,0.0006645571834829815
TextVQA_test,982,aligned_proj,0.0016049602213177216,0.001330109842971707,0.00027485037834601455
TextVQA_test,983,raw_no_proj,0.018288426286687712,0.007151366310050999,0.011137059976636714
TextVQA_test,983,raw_proj,0.008272810879366547,0.004999964576333459,0.0032728463030330876
TextVQA_test,983,aligned_no_proj,0.04045207811914515,0.020439896768145522,0.020012181350999626
TextVQA_test,983,aligned_proj,0.011369255853911037,0.019000169501478405,-0.007630913647567367
TextVQA_test,984,raw_no_proj,0.007248575028367349,0.0004177651910883366,0.006830809837279013
TextVQA_test,984,raw_proj,0.004626796225423378,0.0011122136726203742,0.0035145825528030035
TextVQA_test,984,aligned_no_proj,0.004400936176754815,0.0011950965000481137,0.0032058396767067013
TextVQA_test,984,aligned_proj,0.0036500122859772326,0.0014847570479693526,0.00216525523800788
TextVQA_test,985,raw_no_proj,0.007546464949055931,0.019828185545922125,-0.012281720596866195
TextVQA_test,985,raw_proj,0.005129621233355136,0.020830334439765355,-0.01570071320641022
TextVQA_test,985,aligned_no_proj,0.006165341916877669,0.020495859333752513,-0.014330517416874845
TextVQA_test,985,aligned_proj,0.004397290216384212,0.016284018432156364,-0.011886728215772153
TextVQA_test,986,raw_no_proj,0.0010362432359961613,0.00022359430374003245,0.0008126489322561289
TextVQA_test,986,raw_proj,0.0008641875331583218,0.0003134377298156222,0.0005507498033426997
TextVQA_test,986,aligned_no_proj,0.0018777589665355569,0.0003563086951837856,0.0015214502713517713
TextVQA_test,986,aligned_proj,0.0010196038800188985,0.000602097585871484,0.00041750629414741443
TextVQA_test,987,raw_no_proj,0.02407693766232621,0.002226366014773187,0.021850571647553024
TextVQA_test,987,raw_proj,0.0062358646559081965,0.004090581483408208,0.0021452831724999887
TextVQA_test,987,aligned_no_proj,0.011275982302578933,0.004958512910120397,0.006317469392458536
TextVQA_test,987,aligned_proj,0.005956691683291626,0.006440453744418239,-0.00048376206112661375
TextVQA_test,988,raw_no_proj,0.043608206012969955,0.00618889386389505,0.0374193121490749
TextVQA_test,988,raw_proj,0.04219812945381875,0.011434551964427612,0.030763577489391136
TextVQA_test,988,aligned_no_proj,0.07946789534048168,0.018316394649095114,0.06115150069138657
TextVQA_test,988,aligned_proj,0.021513315802562064,0.009641134592139184,0.01187218121042288
TextVQA_test,989,raw_no_proj,0.01204788613604735,0.0024474942602545923,0.009600391875792758
TextVQA_test,989,raw_proj,0.014258472823343235,0.0054532756808179875,0.008805197142525248
TextVQA_test,989,aligned_no_proj,0.010654713346434783,0.0035450943267043566,0.007109619019730427
TextVQA_test,989,aligned_proj,0.017099030946634564,0.008558636274281753,0.00854039467235281
TextVQA_test,990,raw_no_proj,0.03933570248139938,0.02189146924909552,0.01744423323230386
TextVQA_test,990,raw_proj,0.01446619672520176,0.012667406761657483,0.0017987899635442776
TextVQA_test,990,aligned_no_proj,0.026385116260240878,0.03264709938041956,-0.006261983120178685
TextVQA_test,990,aligned_proj,0.008671373828751803,0.013872703702469933,-0.00520132987371813
TextVQA_test,991,raw_no_proj,0.010057682338514557,0.008600036519771011,0.0014576458187435457
TextVQA_test,991,raw_proj,0.006345127926043589,0.007478992244356415,-0.0011338643183128258
TextVQA_test,991,aligned_no_proj,0.01194484357182951,0.009962918144580305,0.0019819254272492037
TextVQA_test,991,aligned_proj,0.00389056884554013,0.004836344639424461,-0.0009457757938843305
TextVQA_test,992,raw_no_proj,0.0005951339344939623,0.0003152531988201775,0.00027988073567378484
TextVQA_test,992,raw_proj,0.0005962026269110056,0.0005871778045627064,9.024822348299212e-06
TextVQA_test,992,aligned_no_proj,0.0005113539423192298,0.0003286652503314493,0.00018268869198778047
TextVQA_test,992,aligned_proj,0.0007270026770960611,0.0007953583563073754,-6.835567921131434e-05
TextVQA_test,993,raw_no_proj,0.6842043729313183,0.08393364428155083,0.6002707286497675
TextVQA_test,993,raw_proj,0.5680953149378408,0.03585430864644611,0.5322410062913947
TextVQA_test,993,aligned_no_proj,0.7476776281684279,0.16556322546472574,0.5821144027037022
TextVQA_test,993,aligned_proj,0.41666124744533384,0.03805689845225819,0.37860434899307566
TextVQA_test,994,raw_no_proj,0.10900385833257772,0.017669574836084997,0.09133428349649272
TextVQA_test,994,raw_proj,0.012445074027031496,0.03563148190963944,-0.023186407882607944
TextVQA_test,994,aligned_no_proj,0.0626075826358976,0.05807177993482323,0.004535802701074364
TextVQA_test,994,aligned_proj,0.017459217363029904,0.03187257510133762,-0.014413357738307715
TextVQA_test,995,raw_no_proj,0.02091145345360774,0.04176103553490389,-0.020849582081296145
TextVQA_test,995,raw_proj,0.014161030766241745,0.030655967242967142,-0.016494936476725397
TextVQA_test,995,aligned_no_proj,0.03835737267185253,0.12282224073934864,-0.0844648680674961
TextVQA_test,995,aligned_proj,0.012688405246845747,0.02059914539696534,-0.007910740150119592
TextVQA_test,996,raw_no_proj,0.02312272515898267,0.04483228853588668,-0.02170956337690401
TextVQA_test,996,raw_proj,0.012843252935223315,0.040344572188409644,-0.02750131925318633
TextVQA_test,996,aligned_no_proj,0.0183087865648535,0.05537451171974901,-0.03706572515489551
TextVQA_test,996,aligned_proj,0.011524105162681672,0.03643307597224873,-0.024908970809567055
TextVQA_test,997,raw_no_proj,0.011280460292675881,0.0060185925061163196,0.005261867786559561
TextVQA_test,997,raw_proj,0.01171368046029594,0.009484992929379517,0.002228687530916422
TextVQA_test,997,aligned_no_proj,0.012731038804460706,0.008471444171276668,0.004259594633184038
TextVQA_test,997,aligned_proj,0.005215984860230079,0.005184181148022615,3.180371220746353e-05
TextVQA_test,998,raw_no_proj,0.016846175174363966,0.013027812007162656,0.00381836316720131
TextVQA_test,998,raw_proj,0.007934870197753935,0.023789314978862334,-0.0158544447811084
TextVQA_test,998,aligned_no_proj,0.021520572566899824,0.030942617892526354,-0.00942204532562653
TextVQA_test,998,aligned_proj,0.00474715445668203,0.009688200332710057,-0.004941045876028027
TextVQA_test,999,raw_no_proj,0.008407368181981524,0.002277182712042863,0.006130185469938661
TextVQA_test,999,raw_proj,0.0024551056940836,0.004169319553712747,-0.001714213859629147
TextVQA_test,999,aligned_no_proj,0.006895018441425412,0.0035022673944923822,0.00339275104693303
TextVQA_test,999,aligned_proj,0.003956626337976982,0.007612410743665014,-0.0036557844056880322
TextVQA_test,1000,raw_no_proj,0.007542937579569867,0.00537347529844789,0.0021694622811219777
TextVQA_test,1000,raw_proj,0.012270861981544088,0.006045709228475934,0.006225152753068154
TextVQA_test,1000,aligned_no_proj,0.005510324741905956,0.0049288865210408315,0.0005814382208651249
TextVQA_test,1000,aligned_proj,0.007430859572379744,0.004264637907371903,0.0031662216650078408
TextVQA_test,1001,raw_no_proj,0.00226724629073188,0.005468047902994684,-0.0032008016122628043
TextVQA_test,1001,raw_proj,0.0030861277027156627,0.003955283400597547,-0.0008691556978818842
TextVQA_test,1001,aligned_no_proj,0.003394997343668845,0.010407589693308709,-0.007012592349639864
TextVQA_test,1001,aligned_proj,0.004236043501863892,0.00395155646054864,0.0002844870413152515
TextVQA_test,1002,raw_no_proj,0.0060926737304751654,0.0012784311985817591,0.004814242531893406
TextVQA_test,1002,raw_proj,0.00340083492616707,0.0019776928471474334,0.0014231420790196364
TextVQA_test,1002,aligned_no_proj,0.008275791906610196,0.002153066754149297,0.006122725152460899
TextVQA_test,1002,aligned_proj,0.00723037580841199,0.0030920801492448466,0.004138295659167143
TextVQA_test,1003,raw_no_proj,0.003824077443059093,0.001921507443897326,0.0019025699991617668
TextVQA_test,1003,raw_proj,0.0013677993960521694,0.0016630055044873518,-0.0002952061084351824
TextVQA_test,1003,aligned_no_proj,0.003437103022241188,0.0016691400723346504,0.0017679629499065376
TextVQA_test,1003,aligned_proj,0.0020671199762276916,0.003073531470783634,-0.0010064114945559422
TextVQA_test,1004,raw_no_proj,0.002221544727024431,0.0010834435506704388,0.001138101176353992
TextVQA_test,1004,raw_proj,0.002982183626027819,0.0026358296943854833,0.0003463539316423355
TextVQA_test,1004,aligned_no_proj,0.0016622063329409858,0.0010432653131225496,0.0006189410198184362
TextVQA_test,1004,aligned_proj,0.0016120657678103906,0.0027284765943850716,-0.001116410826574681
TextVQA_test,1005,raw_no_proj,0.00277833938905413,0.001371213455930741,0.001407125933123389
TextVQA_test,1005,raw_proj,0.0026192752402739816,0.0017876700726077463,0.0008316051676662353
TextVQA_test,1005,aligned_no_proj,0.0022515934805940586,0.0008715069862245427,0.0013800864943695158
TextVQA_test,1005,aligned_proj,0.0011424451399700665,0.0017289060826731352,-0.0005864609427030686
TextVQA_test,1006,raw_no_proj,0.01287460229437445,0.0030604721394310607,0.00981413015494339
TextVQA_test,1006,raw_proj,0.006796074261739932,0.0026787115191004587,0.004117362742639474
TextVQA_test,1006,aligned_no_proj,0.013415177797354207,0.004227715194720738,0.00918746260263347
TextVQA_test,1006,aligned_proj,0.010377815151874114,0.004536314285050769,0.005841500866823345
TextVQA_test,1007,raw_no_proj,0.0024718029630184488,0.0016028781588017984,0.0008689248042166504
TextVQA_test,1007,raw_proj,0.0047222776010821844,0.0037626432951636444,0.0009596343059185401
TextVQA_test,1007,aligned_no_proj,0.0018039805712042425,0.0014401380285199968,0.0003638425426842457
TextVQA_test,1007,aligned_proj,0.0016690882519237707,0.001895744159240221,-0.00022665590731645036
TextVQA_test,1008,raw_no_proj,0.03176673372741253,0.0058730464457079,0.02589368728170463
TextVQA_test,1008,raw_proj,0.018188861441846255,0.0061306055495161955,0.01205825589233006
TextVQA_test,1008,aligned_no_proj,0.046367505790943495,0.012646561031406878,0.03372094475953662
TextVQA_test,1008,aligned_proj,0.00857894016258175,0.005220914080647241,0.0033580260819345096
TextVQA_test,1009,raw_no_proj,0.0007863128186380893,0.004213553233416309,-0.0034272404147782194
TextVQA_test,1009,raw_proj,0.0008150930133275097,0.0047087771413713755,-0.003893684128043866
TextVQA_test,1009,aligned_no_proj,0.0013726479684032671,0.007555931158182233,-0.006183283189778966
TextVQA_test,1009,aligned_proj,0.0029243345481035194,0.01938621062235144,-0.01646187607424792
TextVQA_test,1010,raw_no_proj,0.0927895250817006,0.11938163526002092,-0.02659211017832032
TextVQA_test,1010,raw_proj,0.04040691705259814,0.06667226214026951,-0.026265345087671373
TextVQA_test,1010,aligned_no_proj,0.0611961261473343,0.04760144536755587,0.013594680779778434
TextVQA_test,1010,aligned_proj,0.02585282543928131,0.06032823302352061,-0.0344754075842393
TextVQA_test,1011,raw_no_proj,0.02021499374145219,0.006688709177141868,0.01352628456431032
TextVQA_test,1011,raw_proj,0.030093022223523943,0.015179390414884248,0.014913631808639695
TextVQA_test,1011,aligned_no_proj,0.04624483036143945,0.012665239716993439,0.03357959064444601
TextVQA_test,1011,aligned_proj,0.021125393462133345,0.01475639766813496,0.006368995793998385
TextVQA_test,1012,raw_no_proj,0.003135475661104688,0.00922622629496008,-0.006090750633855392
TextVQA_test,1012,raw_proj,0.001990224761559682,0.0067285143147157635,-0.004738289553156081
TextVQA_test,1012,aligned_no_proj,0.002100995827773369,0.007579931275783435,-0.0054789354480100656
TextVQA_test,1012,aligned_proj,0.0019736577840838393,0.003378335555047798,-0.001404677770963959
TextVQA_test,1013,raw_no_proj,0.011601811758727827,0.019262742801913,-0.0076609310431851735
TextVQA_test,1013,raw_proj,0.014064937497434394,0.03324211788053222,-0.019177180383097826
TextVQA_test,1013,aligned_no_proj,0.016970552978222465,0.030783925554494097,-0.013813372576271632
TextVQA_test,1013,aligned_proj,0.020375485823803705,0.05792167779098777,-0.03754619196718407
TextVQA_test,1014,raw_no_proj,0.09021083707402594,0.00506859388147372,0.08514224319255222
TextVQA_test,1014,raw_proj,0.06656756248807089,0.005993707812594063,0.060573854675476824
TextVQA_test,1014,aligned_no_proj,0.10656433375667393,0.012841218468778512,0.09372311528789541
TextVQA_test,1014,aligned_proj,0.06653831678039905,0.008250678044740741,0.05828763873565831
TextVQA_test,1015,raw_no_proj,0.012863464867073321,0.061454517937163826,-0.048591053070090505
TextVQA_test,1015,raw_proj,0.01251833305936858,0.04022632813138971,-0.02770799507202113
TextVQA_test,1015,aligned_no_proj,0.006877157336628983,0.03809076262829441,-0.031213605291665426
TextVQA_test,1015,aligned_proj,0.003260675043937774,0.02796911208753111,-0.024708437043593337
TextVQA_test,1016,raw_no_proj,0.002549714330191364,0.0039253525071850405,-0.0013756381769936764
TextVQA_test,1016,raw_proj,0.0037786125288737996,0.011068608220513521,-0.007289995691639722
TextVQA_test,1016,aligned_no_proj,0.006421661774049643,0.010859106333188283,-0.0044374445591386395
TextVQA_test,1016,aligned_proj,0.0026329873697092418,0.007843969346554491,-0.005210981976845249
TextVQA_test,1017,raw_no_proj,0.197212811076946,0.0026165846257121313,0.19459622645123387
TextVQA_test,1017,raw_proj,0.15221566120168584,0.008087109673201143,0.1441285515284847
TextVQA_test,1017,aligned_no_proj,0.22529800649446757,0.006118879888965186,0.2191791266055024
TextVQA_test,1017,aligned_proj,0.13660959104542664,0.01591012901775207,0.12069946202767456
TextVQA_test,1018,raw_no_proj,0.032521166818553694,0.03916264919614592,-0.0066414823775922255
TextVQA_test,1018,raw_proj,0.022933489722755464,0.06480807271522959,-0.041874582992474124
TextVQA_test,1018,aligned_no_proj,0.04253808161672288,0.06995084745516644,-0.027412765838443563
TextVQA_test,1018,aligned_proj,0.008660143832334705,0.03135644479362883,-0.02269630096129413
TextVQA_test,1019,raw_no_proj,0.0007621109090298195,0.0033785909580971774,-0.002616480049067358
TextVQA_test,1019,raw_proj,0.0009684281384221613,0.003198374513533183,-0.0022299463751110217
TextVQA_test,1019,aligned_no_proj,0.0006841510273756297,0.003865132498317025,-0.0031809814709413955
TextVQA_test,1019,aligned_proj,0.0005354690519844693,0.004644193917383295,-0.004108724865398826
TextVQA_test,1020,raw_no_proj,0.006799321235648197,0.008162077506838563,-0.0013627562711903659
TextVQA_test,1020,raw_proj,0.006103078639391535,0.015364145946329682,-0.009261067306938146
TextVQA_test,1020,aligned_no_proj,0.006495985893856617,0.014812033752471348,-0.008316047858614731
TextVQA_test,1020,aligned_proj,0.008105808376071258,0.016710786605831654,-0.008604978229760396
TextVQA_test,1021,raw_no_proj,0.039420816833013204,0.0048109644003254065,0.0346098524326878
TextVQA_test,1021,raw_proj,0.010991261483595971,0.0018648039157404587,0.009126457567855512
TextVQA_test,1021,aligned_no_proj,0.02000589626198807,0.003922636570914704,0.016083259691073364
TextVQA_test,1021,aligned_proj,0.005959445736662997,0.002025226195434657,0.00393421954122834
TextVQA_test,1022,raw_no_proj,0.012272712168295065,0.005103006116500501,0.007169706051794564
TextVQA_test,1022,raw_proj,0.023536566846949727,0.009059452886555307,0.01447711396039442
TextVQA_test,1022,aligned_no_proj,0.017683053024082032,0.0056703246651019544,0.012012728358980079
TextVQA_test,1022,aligned_proj,0.018219506201937786,0.004708196258213004,0.013511309943724781
TextVQA_test,1023,raw_no_proj,0.015044667328841856,0.005830954980400975,0.009213712348440881
TextVQA_test,1023,raw_proj,0.006567877366959733,0.0030361919824121253,0.003531685384547608
TextVQA_test,1023,aligned_no_proj,0.008732964491081756,0.004563001148371662,0.004169963342710094
TextVQA_test,1023,aligned_proj,0.006943604858032266,0.003412146951220815,0.003531457906811451
TextVQA_test,1024,raw_no_proj,0.001536325518537298,0.0014772281092162811,5.9097409321016894e-05
TextVQA_test,1024,raw_proj,0.0016130650502064001,0.001487243399754701,0.00012582165045169915
TextVQA_test,1024,aligned_no_proj,0.001296648798916418,0.0014102154243107478,-0.00011356662539432991
TextVQA_test,1024,aligned_proj,0.001159368768234907,0.0013941213940052955,-0.0002347526257703886
TextVQA_test,1025,raw_no_proj,0.013360245935670843,0.017912893719033204,-0.004552647783362361
TextVQA_test,1025,raw_proj,0.020930200814795012,0.011681180865949502,0.00924901994884551
TextVQA_test,1025,aligned_no_proj,0.015805605653914142,0.018468761838994815,-0.002663156185080673
TextVQA_test,1025,aligned_proj,0.015500302495325188,0.019867969877818928,-0.00436766738249374
TextVQA_test,1026,raw_no_proj,0.3561330545883122,0.011924035083522659,0.34420901950478955
TextVQA_test,1026,raw_proj,0.2677993551889014,0.04377217494917634,0.22402718023972507
TextVQA_test,1026,aligned_no_proj,0.3525222485518157,0.052607715699715354,0.29991453285210035
TextVQA_test,1026,aligned_proj,0.24789675628518892,0.035681782646223376,0.21221497363896555
TextVQA_test,1027,raw_no_proj,0.009438739956659621,0.001905801230283222,0.0075329387263763994
TextVQA_test,1027,raw_proj,0.009244416166591593,0.0032344281088454926,0.0060099880577461
TextVQA_test,1027,aligned_no_proj,0.013834945935624687,0.0015532798407304784,0.012281666094894209
TextVQA_test,1027,aligned_proj,0.009324959570428266,0.003677680708993105,0.005647278861435161
TextVQA_test,1028,raw_no_proj,0.0018603862760600144,0.0006251510188636743,0.00123523525719634
TextVQA_test,1028,raw_proj,0.002452399840780014,0.0012219432508855975,0.0012304565898944163
TextVQA_test,1028,aligned_no_proj,0.0017498852442353636,0.0006242411237067116,0.001125644120528652
TextVQA_test,1028,aligned_proj,0.0006672197579905916,0.0006214537890234191,4.576596896717247e-05
TextVQA_test,1029,raw_no_proj,0.00837526896809783,0.003855915619174919,0.00451935334892291
TextVQA_test,1029,raw_proj,0.014660881445823521,0.009414527112462713,0.005246354333360808
TextVQA_test,1029,aligned_no_proj,0.011011549093708675,0.005215639892528146,0.005795909201180529
TextVQA_test,1029,aligned_proj,0.004672448172831166,0.0031521594866193163,0.0015202886862118498
TextVQA_test,1030,raw_no_proj,0.0026666592036206907,0.0028516655997902025,-0.00018500639616951184
TextVQA_test,1030,raw_proj,0.0034112046436791297,0.007999319082082597,-0.004588114438403467
TextVQA_test,1030,aligned_no_proj,0.002454214286666386,0.0024633461484091443,-9.13186174275821e-06
TextVQA_test,1030,aligned_proj,0.0020848660338286733,0.006925539514890281,-0.004840673481061607
TextVQA_test,1031,raw_no_proj,0.008162454371702354,0.003448035670636793,0.004714418701065561
TextVQA_test,1031,raw_proj,0.0031841421679243,0.0013877329529349198,0.0017964092149893801
TextVQA_test,1031,aligned_no_proj,0.004071346037834268,0.002544059769022106,0.0015272862688121619
TextVQA_test,1031,aligned_proj,0.003640683226672828,0.002336278885648376,0.001304404341024452
TextVQA_test,1032,raw_no_proj,0.12227205782796469,0.0546213813835853,0.06765067644437939
TextVQA_test,1032,raw_proj,0.06504510273916032,0.06139747194878644,0.0036476307903738833
TextVQA_test,1032,aligned_no_proj,0.07072056850326348,0.08230790155064822,-0.01158733304738474
TextVQA_test,1032,aligned_proj,0.04226279588916431,0.04616091442233861,-0.0038981185331743023
TextVQA_test,1033,raw_no_proj,0.011041453690862986,0.003284295627720175,0.007757158063142811
TextVQA_test,1033,raw_proj,0.008227802046741168,0.004385978765496305,0.0038418232812448628
TextVQA_test,1033,aligned_no_proj,0.011716616678243334,0.005740597446975396,0.005976019231267938
TextVQA_test,1033,aligned_proj,0.0053754115169740374,0.003731462740642246,0.0016439487763317915
TextVQA_test,1034,raw_no_proj,0.005186581531009472,0.0021066110186233142,0.0030799705123861574
TextVQA_test,1034,raw_proj,0.0022598419953293054,0.001558373088857578,0.0007014689064717273
TextVQA_test,1034,aligned_no_proj,0.004605386906686896,0.0018529873655877683,0.0027523995410991277
TextVQA_test,1034,aligned_proj,0.003968997506878043,0.004611548784660193,-0.0006425512777821496
TextVQA_test,1035,raw_no_proj,0.00833346701641307,0.0030162730670997536,0.005317193949313316
TextVQA_test,1035,raw_proj,0.013383308252697958,0.007315916214078023,0.006067392038619935
TextVQA_test,1035,aligned_no_proj,0.006139214393799144,0.0044607828101884735,0.0016784315836106704
TextVQA_test,1035,aligned_proj,0.009426238075217004,0.00508123436460602,0.004345003710610984
TextVQA_test,1036,raw_no_proj,0.003580699218094164,0.01199673515641123,-0.008416035938317065
TextVQA_test,1036,raw_proj,0.002246559554496594,0.012878803268352725,-0.01063224371385613
TextVQA_test,1036,aligned_no_proj,0.002435621453587254,0.016641766726040758,-0.014206145272453504
TextVQA_test,1036,aligned_proj,0.0013268827714704864,0.005728590319407672,-0.004401707547937186
TextVQA_test,1037,raw_no_proj,0.008438346391977103,0.004592153847323071,0.003846192544654032
TextVQA_test,1037,raw_proj,0.0048917818586074885,0.008164124765621233,-0.0032723429070137446
TextVQA_test,1037,aligned_no_proj,0.006734704077141058,0.00996275398332533,-0.0032280499061842728
TextVQA_test,1037,aligned_proj,0.007735552842532231,0.022376293738675435,-0.014640740896143204
TextVQA_test,1038,raw_no_proj,0.008028453427842227,0.006162810254282032,0.0018656431735601942
TextVQA_test,1038,raw_proj,0.0077984859051504745,0.00838706678856907,-0.0005885808834185952
TextVQA_test,1038,aligned_no_proj,0.0040815829234940705,0.005485394477856171,-0.0014038115543621
TextVQA_test,1038,aligned_proj,0.0038649318066682477,0.008776303169875852,-0.004911371363207604
TextVQA_test,1039,raw_no_proj,0.0054367546141891685,0.0312537683571614,-0.025817013742972232
TextVQA_test,1039,raw_proj,0.0055169489947485325,0.03183608763101069,-0.026319138636262153
TextVQA_test,1039,aligned_no_proj,0.008334112007204854,0.0411140675298658,-0.03277995552266095
TextVQA_test,1039,aligned_proj,0.0055012237356364185,0.061018231419896915,-0.055517007684260496
TextVQA_test,1040,raw_no_proj,0.013566121984572103,0.018156559903131624,-0.004590437918559521
TextVQA_test,1040,raw_proj,0.006037168106323549,0.02000601822490553,-0.013968850118581979
TextVQA_test,1040,aligned_no_proj,0.01714637397254543,0.03459427609411017,-0.017447902121564742
TextVQA_test,1040,aligned_proj,0.005303945555465176,0.01512595018959044,-0.009822004634125265
TextVQA_test,1041,raw_no_proj,0.0010198749761864726,0.0006128959071125225,0.00040697906907395014
TextVQA_test,1041,raw_proj,0.0010437473464744676,0.0005606592734368507,0.000483088073037617
TextVQA_test,1041,aligned_no_proj,0.003363571301076294,0.001207394043069092,0.002156177258007202
TextVQA_test,1041,aligned_proj,0.001020237370723663,0.0005197112841192402,0.0005005260866044227
TextVQA_test,1042,raw_no_proj,0.009686077753968592,0.003935128425666205,0.005750949328302387
TextVQA_test,1042,raw_proj,0.006120105405867946,0.003925211019664608,0.0021948943862033377
TextVQA_test,1042,aligned_no_proj,0.004226762138883125,0.002551221143317775,0.0016755409955653499
TextVQA_test,1042,aligned_proj,0.004735006444902829,0.0035952660458753727,0.0011397403990274562
TextVQA_test,1043,raw_no_proj,0.0020545946310136444,0.0002595673148775173,0.001795027316136127
TextVQA_test,1043,raw_proj,0.0029872358946703313,0.0007094697407439507,0.002277766153926381
TextVQA_test,1043,aligned_no_proj,0.003222086216092861,0.0008757837989515216,0.0023463024171413395
TextVQA_test,1043,aligned_proj,0.003161318772315517,0.0009073547492526551,0.0022539640230628617
TextVQA_test,1044,raw_no_proj,0.008306824423135685,0.023362981558316304,-0.015056157135180619
TextVQA_test,1044,raw_proj,0.003982160721724022,0.021380392518715065,-0.017398231796991043
TextVQA_test,1044,aligned_no_proj,0.005937896360181314,0.022301563473107355,-0.016363667112926042
TextVQA_test,1044,aligned_proj,0.003306473723598232,0.028632451362196325,-0.025325977638598094
TextVQA_test,1045,raw_no_proj,0.005889717388704447,0.016253418894735812,-0.010363701506031366
TextVQA_test,1045,raw_proj,0.01118922271548994,0.05136477605988634,-0.0401755533443964
TextVQA_test,1045,aligned_no_proj,0.010941975956223848,0.03723790294576632,-0.026295926989542473
TextVQA_test,1045,aligned_proj,0.010601374520097477,0.027079998408226665,-0.016478623888129186
TextVQA_test,1046,raw_no_proj,0.0032998570751071,0.0004424800184201447,0.0028573770566869554
TextVQA_test,1046,raw_proj,0.0015112641499918453,0.0004770858455811525,0.0010341783044106928
TextVQA_test,1046,aligned_no_proj,0.001832824263252089,0.00048337686274152334,0.0013494474005105656
TextVQA_test,1046,aligned_proj,0.0024836027005452677,0.001178356609550982,0.0013052460909942858
TextVQA_test,1047,raw_no_proj,0.0020994585570129937,0.0016341829957899632,0.0004652755612230305
TextVQA_test,1047,raw_proj,0.005785302198532434,0.0034408261451967705,0.002344476053335664
TextVQA_test,1047,aligned_no_proj,0.002246410175813777,0.0011415382049911101,0.001104871970822667
TextVQA_test,1047,aligned_proj,0.00486060143637386,0.0008911388990176581,0.003969462537356201
TextVQA_test,1048,raw_no_proj,0.004317215379832298,0.0007502715748958998,0.003566943804936398
TextVQA_test,1048,raw_proj,0.004775912384962019,0.0028328352232582224,0.0019430771617037967
TextVQA_test,1048,aligned_no_proj,0.006202286551759594,0.0015414114275747858,0.004660875124184808
TextVQA_test,1048,aligned_proj,0.0023555735145154746,0.002134924531245846,0.00022064898326962842
TextVQA_test,1049,raw_no_proj,0.04308504971792633,0.0060022893219516425,0.03708276039597469
TextVQA_test,1049,raw_proj,0.02213676973179372,0.006918099816710914,0.015218669915082805
TextVQA_test,1049,aligned_no_proj,0.03330496341007641,0.005327090442318793,0.027977872967757618
TextVQA_test,1049,aligned_proj,0.008473174307045068,0.005750493547918786,0.0027226807591262826
TextVQA_test,1050,raw_no_proj,0.008663930313278168,0.005087876671380104,0.0035760536418980634
TextVQA_test,1050,raw_proj,0.00648700134402967,0.0034499439303476076,0.0030370574136820627
TextVQA_test,1050,aligned_no_proj,0.008203063902505187,0.006747263869484533,0.001455800033020654
TextVQA_test,1050,aligned_proj,0.007517672602236437,0.0051829174120685256,0.002334755190167912
TextVQA_test,1051,raw_no_proj,0.011812544187494875,0.0013978914277073362,0.010414652759787538
TextVQA_test,1051,raw_proj,0.016059523762353305,0.0036262291759884937,0.012433294586364812
TextVQA_test,1051,aligned_no_proj,0.012328246602459656,0.003513962672940751,0.008814283929518905
TextVQA_test,1051,aligned_proj,0.004799668634930644,0.0022806321930407577,0.002519036441889886
TextVQA_test,1052,raw_no_proj,0.0013518839509910718,0.0003815185194582662,0.0009703654315328056
TextVQA_test,1052,raw_proj,0.004772155288082184,0.0016666087594009063,0.003105546528681278
TextVQA_test,1052,aligned_no_proj,0.0027183559063393334,0.0006543708692515143,0.002063985037087819
TextVQA_test,1052,aligned_proj,0.0012642335684731746,0.0005400634844471562,0.0007241700840260183
TextVQA_test,1053,raw_no_proj,0.16850506116445738,0.04916767012746793,0.11933739103698945
TextVQA_test,1053,raw_proj,0.06561890506378133,0.02228694757063024,0.043331957493151094
TextVQA_test,1053,aligned_no_proj,0.18895960913058352,0.07346054930387966,0.11549905982670386
TextVQA_test,1053,aligned_proj,0.0555907824925952,0.022378537540986867,0.033212244951608336
TextVQA_test,1054,raw_no_proj,0.0010749947033869933,0.0010093619369782832,6.563276640871008e-05
TextVQA_test,1054,raw_proj,0.0018415866443843168,0.003521401861731267,-0.0016798152173469502
TextVQA_test,1054,aligned_no_proj,0.00218926141234026,0.0035394497014894616,-0.0013501882891492015
TextVQA_test,1054,aligned_proj,0.002180320010534296,0.004318910752634549,-0.002138590742100253
TextVQA_test,1055,raw_no_proj,0.0003327565021207329,0.00036539779648105195,-3.264129436031908e-05
TextVQA_test,1055,raw_proj,0.0019096884052751415,0.00153830579295997,0.0003713826123151714
TextVQA_test,1055,aligned_no_proj,0.0007434955027436754,0.0007058000127931059,3.7695489950569506e-05
TextVQA_test,1055,aligned_proj,0.0007616449024219743,0.000650249072055286,0.0001113958303666883
TextVQA_test,1056,raw_no_proj,0.006971816094429899,0.002093128832422046,0.004878687262007853
TextVQA_test,1056,raw_proj,0.007063520129289601,0.005962328672912008,0.0011011914563775933
TextVQA_test,1056,aligned_no_proj,0.006365580671730401,0.001916209782806026,0.004449370888924375
TextVQA_test,1056,aligned_proj,0.0047542250995016005,0.005615984689434105,-0.0008617595899325049
TextVQA_test,1057,raw_no_proj,0.13446837585451304,0.07431665861195659,0.060151717242556454
TextVQA_test,1057,raw_proj,0.19214989283631262,0.061008483439724065,0.13114140939658855
TextVQA_test,1057,aligned_no_proj,0.29861827190774987,0.13394034251773151,0.16467792939001835
TextVQA_test,1057,aligned_proj,0.1413412837502332,0.05378478703732117,0.08755649671291202
TextVQA_test,1058,raw_no_proj,0.12438522076328482,0.049028014400853845,0.07535720636243097
TextVQA_test,1058,raw_proj,0.027820764103378956,0.04887028457506321,-0.021049520471684256
TextVQA_test,1058,aligned_no_proj,0.08337681939076655,0.11844217913520524,-0.035065359744438696
TextVQA_test,1058,aligned_proj,0.06369943498849565,0.09964391711635306,-0.03594448212785742
TextVQA_test,1059,raw_no_proj,0.0002770225196383886,0.00014183230420579198,0.00013519021543259663
TextVQA_test,1059,raw_proj,0.0004510129730508969,0.0005440179410647584,-9.30049680138615e-05
TextVQA_test,1059,aligned_no_proj,0.0005382995720536633,0.0003860357967865714,0.00015226377526709193
TextVQA_test,1059,aligned_proj,0.00021805677873252356,0.0001981160927000705,1.994068603245307e-05
TextVQA_test,1060,raw_no_proj,0.023804159175495398,0.011967210389596597,0.0118369487858988
TextVQA_test,1060,raw_proj,0.03977699683522889,0.0309766518742911,0.00880034496093779
TextVQA_test,1060,aligned_no_proj,0.051010970370892667,0.029697512509829316,0.02131345786106335
TextVQA_test,1060,aligned_proj,0.014297781565763149,0.014200168495583148,9.761307018000057e-05
TextVQA_test,1061,raw_no_proj,0.0018993408447451504,0.0020113917388990335,-0.00011205089415388314
TextVQA_test,1061,raw_proj,0.0011181639732263924,0.001157977954903073,-3.981398167668057e-05
TextVQA_test,1061,aligned_no_proj,0.0017598123460171985,0.0031825548127867357,-0.0014227424667695371
TextVQA_test,1061,aligned_proj,0.0009015502691282073,0.0018047208245577445,-0.0009031705554295371
TextVQA_test,1062,raw_no_proj,0.006856092987249971,0.034742576748385635,-0.027886483761135665
TextVQA_test,1062,raw_proj,0.010956481600788945,0.04150402972957268,-0.030547548128783734
TextVQA_test,1062,aligned_no_proj,0.004655610538993641,0.029324658785382374,-0.024669048246388735
TextVQA_test,1062,aligned_proj,0.008205257859136068,0.054464439184197404,-0.046259181325061335
TextVQA_test,1063,raw_no_proj,0.0008969281377347126,0.0015957469284084498,-0.0006988187906737372
TextVQA_test,1063,raw_proj,0.0022157897522402112,0.002792851013192465,-0.000577061260952254
TextVQA_test,1063,aligned_no_proj,0.0016481060811173842,0.002277680115485729,-0.0006295740343683447
TextVQA_test,1063,aligned_proj,0.001465374876746914,0.0019418927655610871,-0.00047651788881417317
TextVQA_test,1064,raw_no_proj,0.01567585872267289,0.027181679421145473,-0.011505820698472582
TextVQA_test,1064,raw_proj,0.012223601538599593,0.024880780288553037,-0.012657178749953445
TextVQA_test,1064,aligned_no_proj,0.014475306486229956,0.02393184320319188,-0.009456536716961925
TextVQA_test,1064,aligned_proj,0.009540658342895164,0.03219867562474643,-0.022658017281851267
TextVQA_test,1065,raw_no_proj,0.02061682489407316,0.0013952365443390703,0.01922158834973409
TextVQA_test,1065,raw_proj,0.01578008078043079,0.0024409372630417154,0.013339143517389076
TextVQA_test,1065,aligned_no_proj,0.023709837182954666,0.0023886589814079533,0.021321178201546713
TextVQA_test,1065,aligned_proj,0.009069952975120149,0.0013852561847866327,0.007684696790333516
TextVQA_test,1066,raw_no_proj,0.003256064162299896,0.0007309846312662948,0.002525079531033601
TextVQA_test,1066,raw_proj,0.002837464037220427,0.002826318566841524,1.114547037890266e-05
TextVQA_test,1066,aligned_no_proj,0.0017115231745808985,0.0017379809359768027,-2.6457761395904137e-05
TextVQA_test,1066,aligned_proj,0.0018842021308136249,0.0027548885480844585,-0.0008706864172708336
TextVQA_test,1067,raw_no_proj,0.04954530487446891,0.004572992233092645,0.044972312641376265
TextVQA_test,1067,raw_proj,0.021606085603935753,0.0036637346234027483,0.017942350980533005
TextVQA_test,1067,aligned_no_proj,0.034694830836074754,0.008751791188924043,0.02594303964715071
TextVQA_test,1067,aligned_proj,0.02033182165687704,0.005352208316146209,0.01497961334073083
TextVQA_test,1068,raw_no_proj,0.30857428168378087,0.24311778498498016,0.06545649669880071
TextVQA_test,1068,raw_proj,0.29581873607279124,0.18834121957866962,0.10747751649412163
TextVQA_test,1068,aligned_no_proj,0.3118823523782908,0.33971559761434306,-0.02783324523605224
TextVQA_test,1068,aligned_proj,0.22120844793345476,0.22413203182375901,-0.0029235838903042544
TextVQA_test,1069,raw_no_proj,0.0022795861754693024,0.0008266702490406783,0.001452915926428624
TextVQA_test,1069,raw_proj,0.001078864913107019,0.0006124726805424405,0.0004663922325645784
TextVQA_test,1069,aligned_no_proj,0.002165030856277592,0.0011761423405587334,0.0009888885157188585
TextVQA_test,1069,aligned_proj,0.0012423912204399632,0.0012610325698297904,-1.8641349389827196e-05
TextVQA_test,1070,raw_no_proj,0.00583040439517191,0.005436931176552776,0.00039347321861913417
TextVQA_test,1070,raw_proj,0.005744330927278321,0.01074872767777667,-0.005004396750498349
TextVQA_test,1070,aligned_no_proj,0.0061516238441870685,0.008085820528945034,-0.0019341966847579656
TextVQA_test,1070,aligned_proj,0.003109675480093472,0.009450009806508262,-0.00634033432641479
TextVQA_test,1071,raw_no_proj,0.038228311542359915,0.004382772261781278,0.03384553928057864
TextVQA_test,1071,raw_proj,0.020117601838033444,0.016867058947400433,0.0032505428906330104
TextVQA_test,1071,aligned_no_proj,0.03813091501895737,0.012901183407149448,0.025229731611807922
TextVQA_test,1071,aligned_proj,0.01377775433383109,0.02400038233972058,-0.01022262800588949
TextVQA_test,1072,raw_no_proj,0.005115444650478813,0.0014567971461746639,0.0036586475043041498
TextVQA_test,1072,raw_proj,0.006895994917750504,0.001985739972165292,0.004910254945585212
TextVQA_test,1072,aligned_no_proj,0.011538549103730799,0.002344289967208237,0.009194259136522562
TextVQA_test,1072,aligned_proj,0.004113975304330002,0.0010479431288267498,0.0030660321755032523
TextVQA_test,1073,raw_no_proj,0.014879853599144942,0.005598212097600296,0.009281641501544646
TextVQA_test,1073,raw_proj,0.00962087561862416,0.00918428512911442,0.0004365904895097406
TextVQA_test,1073,aligned_no_proj,0.010851732079849859,0.009541861133051185,0.0013098709467986736
TextVQA_test,1073,aligned_proj,0.005582104571895041,0.007300606034169713,-0.0017185014622746724
TextVQA_test,1074,raw_no_proj,0.002839614088362272,0.00040590841208118554,0.0024337056762810867
TextVQA_test,1074,raw_proj,0.003290599263956383,0.0010384448386513486,0.0022521544253050344
TextVQA_test,1074,aligned_no_proj,0.004488370936038736,0.0017076694428988428,0.0027807014931398935
TextVQA_test,1074,aligned_proj,0.004243058905078067,0.003601261339440614,0.000641797565637453
TextVQA_test,1075,raw_no_proj,0.004944476479988145,0.006918068553070967,-0.0019735920730828216
TextVQA_test,1075,raw_proj,0.007954383137242402,0.009436994089133151,-0.001482610951890749
TextVQA_test,1075,aligned_no_proj,0.0061974663875066964,0.009747893945397802,-0.003550427557891106
TextVQA_test,1075,aligned_proj,0.0050483674463542615,0.006060821341210975,-0.0010124538948567139
TextVQA_test,1076,raw_no_proj,0.0013538939477524008,0.0007132413561940499,0.0006406525915583508
TextVQA_test,1076,raw_proj,0.003160375544485525,0.0017926605788929479,0.001367714965592577
TextVQA_test,1076,aligned_no_proj,0.0018912711652616094,0.0011240658948054529,0.0007672052704561566
TextVQA_test,1076,aligned_proj,0.001847265793840598,0.001076984706217347,0.0007702810876232509
TextVQA_test,1077,raw_no_proj,0.001194681875126646,0.0006849892391032343,0.0005096926360234117
TextVQA_test,1077,raw_proj,0.0011296806679799592,0.00103892024271828,9.076042526167923e-05
TextVQA_test,1077,aligned_no_proj,0.0016994606925883535,0.0012727105306829033,0.00042675016190545025
TextVQA_test,1077,aligned_proj,0.0007149760903052902,0.0014148640847941054,-0.0006998879944888151
TextVQA_test,1078,raw_no_proj,0.004030480804959973,0.002988565732389031,0.0010419150725709423
TextVQA_test,1078,raw_proj,0.0047173769081541,0.004261331165274445,0.0004560457428796549
TextVQA_test,1078,aligned_no_proj,0.005228242039012316,0.006844583457294947,-0.001616341418282631
TextVQA_test,1078,aligned_proj,0.005403008207668354,0.005409289739219039,-6.2815315506848865e-06
TextVQA_test,1079,raw_no_proj,0.002268811754700864,0.002740687149265866,-0.00047187539456500227
TextVQA_test,1079,raw_proj,0.0027554128110698394,0.007418143023637506,-0.004662730212567667
TextVQA_test,1079,aligned_no_proj,0.006136504436563089,0.0087070255477253,-0.0025705211111622106
TextVQA_test,1079,aligned_proj,0.0011271381134522437,0.003156951517407828,-0.0020298134039555844
TextVQA_test,1080,raw_no_proj,0.07863046595048268,0.0067687645887794376,0.07186170136170324
TextVQA_test,1080,raw_proj,0.03321424248611716,0.00810992627801708,0.02510431620810008
TextVQA_test,1080,aligned_no_proj,0.07389052224865987,0.007778246908890291,0.06611227533976959
TextVQA_test,1080,aligned_proj,0.020350974636151625,0.006900490277123114,0.01345048435902851
TextVQA_test,1081,raw_no_proj,0.004175179232526621,0.0027527071502452256,0.001422472082281395
TextVQA_test,1081,raw_proj,0.0041945323596357985,0.0038612698175488173,0.0003332625420869812
TextVQA_test,1081,aligned_no_proj,0.003575902599114246,0.0033994993243787372,0.00017640327473550854
TextVQA_test,1081,aligned_proj,0.0033660478765516217,0.008707942835264399,-0.005341894958712777
TextVQA_test,1082,raw_no_proj,0.0004770089631320436,0.00016053674222194005,0.0003164722209101035
TextVQA_test,1082,raw_proj,0.0012926967169025415,0.0005642694618475639,0.0007284272550549776
TextVQA_test,1082,aligned_no_proj,0.000764542520931197,0.00019717100664845208,0.000567371514282745
TextVQA_test,1082,aligned_proj,0.0006418126534529928,0.000554156555173203,8.765609827978988e-05
TextVQA_test,1083,raw_no_proj,0.0023708964320522607,0.0008100845461875741,0.0015608118858646866
TextVQA_test,1083,raw_proj,0.0032978526364729967,0.0009350698456618635,0.002362782790811133
TextVQA_test,1083,aligned_no_proj,0.0019339719044587165,0.0009428537370408594,0.000991118167417857
TextVQA_test,1083,aligned_proj,0.002868559485054382,0.0008401889797316369,0.0020283705053227453
TextVQA_test,1084,raw_no_proj,0.0011281720924481938,0.0012730583403686734,-0.0001448862479204796
TextVQA_test,1084,raw_proj,0.0009754556178397625,0.0024808471578170728,-0.0015053915399773103
TextVQA_test,1084,aligned_no_proj,0.0009987945391173908,0.0017229939246989168,-0.0007241993855815259
TextVQA_test,1084,aligned_proj,0.0003999008863405469,0.0014290189572295283,-0.0010291180708889814
TextVQA_test,1085,raw_no_proj,0.0021161340361569103,0.0025497575290538317,-0.00043362349289692136
TextVQA_test,1085,raw_proj,0.002313510714277788,0.0037808493074755196,-0.0014673385931977317
TextVQA_test,1085,aligned_no_proj,0.0022242028190779216,0.00399827829756774,-0.001774075478489818
TextVQA_test,1085,aligned_proj,0.0016459077390073456,0.0045547560264112864,-0.002908848287403941
TextVQA_test,1086,raw_no_proj,0.03787978117618718,0.0194455759746942,0.018434205201492977
TextVQA_test,1086,raw_proj,0.026125876568806605,0.016099354070590273,0.010026522498216332
TextVQA_test,1086,aligned_no_proj,0.029510470503311324,0.011826305586568468,0.017684164916742857
TextVQA_test,1086,aligned_proj,0.024075785903294827,0.013094663467126805,0.010981122436168021
TextVQA_test,1087,raw_no_proj,0.00959298074086685,0.029748459628636634,-0.020155478887769786
TextVQA_test,1087,raw_proj,0.005014426082202379,0.014430026383085926,-0.009415600300883547
TextVQA_test,1087,aligned_no_proj,0.003337514098721279,0.020450157458448057,-0.01711264335972678
TextVQA_test,1087,aligned_proj,0.0047856610705760355,0.014135290575174599,-0.009349629504598563
TextVQA_test,1088,raw_no_proj,0.017974819432622614,0.006411284788002686,0.011563534644619927
TextVQA_test,1088,raw_proj,0.019662656937848275,0.011360236211801752,0.008302420726046523
TextVQA_test,1088,aligned_no_proj,0.022466101751665208,0.009937159655763621,0.012528942095901587
TextVQA_test,1088,aligned_proj,0.006063916133558007,0.006583190812561255,-0.0005192746790032487
TextVQA_test,1089,raw_no_proj,0.45013421389488917,0.10159482985952896,0.3485393840353602
TextVQA_test,1089,raw_proj,0.4041783844302992,0.07875690078151351,0.32542148364878565
TextVQA_test,1089,aligned_no_proj,0.39743093769398957,0.06370268943307322,0.33372824826091635
TextVQA_test,1089,aligned_proj,0.20936770147154243,0.08112814055882558,0.12823956091271685
TextVQA_test,1090,raw_no_proj,0.0034659276856359206,0.0019015024462913164,0.0015644252393446042
TextVQA_test,1090,raw_proj,0.00224356074426141,0.007736977165729048,-0.005493416421467638
TextVQA_test,1090,aligned_no_proj,0.002503927406724282,0.002993151694123897,-0.0004892242873996153
TextVQA_test,1090,aligned_proj,0.0017445974136237974,0.010178766225345252,-0.008434168811721455
TextVQA_test,1091,raw_no_proj,0.002051071778184101,0.0010980078280078825,0.0009530639501762186
TextVQA_test,1091,raw_proj,0.0031408245275130367,0.002914157653996489,0.00022666687351654766
TextVQA_test,1091,aligned_no_proj,0.0026218829354637003,0.0022798853330070435,0.00034199760245665674
TextVQA_test,1091,aligned_proj,0.0019007961854970454,0.004056747047623198,-0.002155950862126153
TextVQA_test,1092,raw_no_proj,0.003353176593829405,0.008009698493976196,-0.004656521900146791
TextVQA_test,1092,raw_proj,0.002035494472891598,0.012316828679461777,-0.010281334206570179
TextVQA_test,1092,aligned_no_proj,0.0012234563211613275,0.005755141454282692,-0.004531685133121365
TextVQA_test,1092,aligned_proj,0.003063610503922647,0.02027872144007961,-0.017215110936156963
TextVQA_test,1093,raw_no_proj,0.010772847769636025,0.006030808902361733,0.004742038867274292
TextVQA_test,1093,raw_proj,0.003929368992750156,0.005384762043727615,-0.0014553930509774585
TextVQA_test,1093,aligned_no_proj,0.01221006075877554,0.019098402138213497,-0.006888341379437956
TextVQA_test,1093,aligned_proj,0.011101960584265961,0.021969897116469232,-0.010867936532203271
TextVQA_test,1094,raw_no_proj,0.008744989690675803,0.020251809155209702,-0.011506819464533899
TextVQA_test,1094,raw_proj,0.008088689871538145,0.01799445976025441,-0.009905769888716264
TextVQA_test,1094,aligned_no_proj,0.010441532417092619,0.018816641382083065,-0.008375108964990446
TextVQA_test,1094,aligned_proj,0.00418613071336923,0.01550308643323781,-0.01131695571986858
TextVQA_test,1095,raw_no_proj,0.009159132381912847,0.014184925002921593,-0.005025792621008746
TextVQA_test,1095,raw_proj,0.004577536133669268,0.008049421019380295,-0.0034718848857110277
TextVQA_test,1095,aligned_no_proj,0.008749590853940113,0.01643179638672786,-0.007682205532787747
TextVQA_test,1095,aligned_proj,0.007301533192495545,0.010383895041739909,-0.0030823618492443637
TextVQA_test,1096,raw_no_proj,0.002281197066192581,0.000321678068901244,0.0019595189972913367
TextVQA_test,1096,raw_proj,0.006145688345040477,0.0011592815203326807,0.0049864068247077965
TextVQA_test,1096,aligned_no_proj,0.001935884990104661,0.00031464476268519727,0.0016212402274194636
TextVQA_test,1096,aligned_proj,0.001786042420105612,0.0009480127206373121,0.0008380296994682999
TextVQA_test,1097,raw_no_proj,0.013363286979632022,0.0002074976713284958,0.013155789308303526
TextVQA_test,1097,raw_proj,0.006265428514381871,0.00032890445041185764,0.005936524063970014
TextVQA_test,1097,aligned_no_proj,0.015746126773203924,0.0006438839527071816,0.015102242820496742
TextVQA_test,1097,aligned_proj,0.0037785350203932,0.0005705996748244719,0.0032079353455687284
TextVQA_test,1098,raw_no_proj,0.001340060472678514,0.00236104976101247,-0.001020989288333956
TextVQA_test,1098,raw_proj,0.0022825021587591777,0.005036888984135389,-0.0027543868253762115
TextVQA_test,1098,aligned_no_proj,0.00244778416402756,0.00425271205558614,-0.0018049278915585804
TextVQA_test,1098,aligned_proj,0.000752678902092218,0.0030794935371779835,-0.0023268146350857656
TextVQA_test,1099,raw_no_proj,0.00027723204762944756,0.0010390384969882673,-0.0007618064493588198
TextVQA_test,1099,raw_proj,0.0003261751144040464,0.0015211647274630338,-0.0011949896130589873
TextVQA_test,1099,aligned_no_proj,0.00022997219816379904,0.0012815136781892304,-0.0010515414800254313
TextVQA_test,1099,aligned_proj,0.0001409098476508153,0.0012603893595322883,-0.001119479511881473
SIUO_test,0,raw_no_proj,0.21457039789897905,0.134765657706649,0.07980474019233005
SIUO_test,0,raw_proj,0.14822842776101927,0.11842827797038366,0.02980014979063561
SIUO_test,0,aligned_no_proj,0.19474346108211746,0.1094182102376618,0.08532525084445566
SIUO_test,0,aligned_proj,0.29664260671785536,0.2801623841308796,0.016480222586975735
SIUO_test,1,raw_no_proj,0.1743685903612823,0.3862713451445537,-0.2119027547832714
SIUO_test,1,raw_proj,0.3194465358168935,0.5075966075433481,-0.18815007172645465
SIUO_test,1,aligned_no_proj,0.20783178356469773,0.3908581680171523,-0.18302638445245456
SIUO_test,1,aligned_proj,0.35869729598114514,0.5197861294808769,-0.16108883349973174
SIUO_test,2,raw_no_proj,0.9301442818229956,0.6372979719785098,0.2928463098444858
SIUO_test,2,raw_proj,0.958164894305124,0.6824810584565237,0.27568383584860023
SIUO_test,2,aligned_no_proj,0.9520463275290177,0.7410642113588454,0.21098211617017237
SIUO_test,2,aligned_proj,0.9746660264327637,0.8434651631248884,0.13120086330787528
SIUO_test,3,raw_no_proj,0.38014704890631823,0.5012994988192968,-0.12115244991297858
SIUO_test,3,raw_proj,0.32872763967792906,0.37825066875589247,-0.04952302907796341
SIUO_test,3,aligned_no_proj,0.41501124186519994,0.5223917867715242,-0.10738054490632426
SIUO_test,3,aligned_proj,0.3178848602053305,0.3533179935648045,-0.035433133359473956
SIUO_test,4,raw_no_proj,0.033887586399832956,0.019249504848302526,0.01463808155153043
SIUO_test,4,raw_proj,0.034940383916035773,0.01655752668578226,0.018382857230253513
SIUO_test,4,aligned_no_proj,0.024116941726382218,0.011948377656708366,0.012168564069673852
SIUO_test,4,aligned_proj,0.11422992746460682,0.057767463354526545,0.056462464110080275
SIUO_test,5,raw_no_proj,0.11675937273918706,0.027999689440057506,0.08875968329912956
SIUO_test,5,raw_proj,0.21966172100684658,0.05135018966121864,0.16831153134562793
SIUO_test,5,aligned_no_proj,0.2655068303501132,0.06289024637658351,0.20261658397352966
SIUO_test,5,aligned_proj,0.1778892978549891,0.04691002284653028,0.13097927500845882
SIUO_test,6,raw_no_proj,0.21430416541114033,0.05761973647207551,0.1566844289390648
SIUO_test,6,raw_proj,0.2887085649863585,0.11975162927993672,0.16895693570642178
SIUO_test,6,aligned_no_proj,0.26073321727311266,0.12313173254357508,0.1376014847295376
SIUO_test,6,aligned_proj,0.2653811721762108,0.17829679971633355,0.08708437245987727
SIUO_test,7,raw_no_proj,0.0800060671076809,0.036276811879479516,0.04372925522820139
SIUO_test,7,raw_proj,0.13528348223272282,0.05425537169209803,0.0810281105406248
SIUO_test,7,aligned_no_proj,0.11985491189254538,0.05762211273049691,0.06223279916204847
SIUO_test,7,aligned_proj,0.10884770370901876,0.042524330359897104,0.06632337334912167
SIUO_test,8,raw_no_proj,0.7988882223278189,0.48983651519541527,0.3090517071324036
SIUO_test,8,raw_proj,0.8540184531846322,0.6080532328816087,0.24596522030302348
SIUO_test,8,aligned_no_proj,0.860942439266299,0.7412924048429386,0.11965003442336042
SIUO_test,8,aligned_proj,0.6519293738522453,0.37889759373802795,0.2730317801142173
SIUO_test,9,raw_no_proj,0.8592073704079695,0.8421256285045298,0.017081741903439696
SIUO_test,9,raw_proj,0.8266291082407978,0.8598330761231348,-0.03320396788233693
SIUO_test,9,aligned_no_proj,0.8957115308716638,0.9078260136283726,-0.012114482756708789
SIUO_test,9,aligned_proj,0.8021027055603392,0.8789696483492172,-0.07686694278887796
SIUO_test,10,raw_no_proj,0.6867189507831433,0.6613554909553313,0.025363459827811963
SIUO_test,10,raw_proj,0.7843193302382816,0.7866571863919573,-0.002337856153675655
SIUO_test,10,aligned_no_proj,0.8215967288518,0.8345534306639153,-0.012956701812115279
SIUO_test,10,aligned_proj,0.6187612880291223,0.6691263433445381,-0.050365055315415796
SIUO_test,11,raw_no_proj,0.11227252598493236,0.06355208084208644,0.04872044514284592
SIUO_test,11,raw_proj,0.13849189851589855,0.04892223520935588,0.08956966330654267
SIUO_test,11,aligned_no_proj,0.17476112562423288,0.09297775621561952,0.08178336940861336
SIUO_test,11,aligned_proj,0.3157141608672429,0.12339717553086155,0.19231698533638136
SIUO_test,12,raw_no_proj,0.07638325288960357,0.04665268756620159,0.02973056532340198
SIUO_test,12,raw_proj,0.11547832960166948,0.06420803199373167,0.05127029760793782
SIUO_test,12,aligned_no_proj,0.1542352798665316,0.0899575388291611,0.0642777410373705
SIUO_test,12,aligned_proj,0.07583188964752598,0.03834958731525102,0.03748230233227496
SIUO_test,13,raw_no_proj,0.7570969342687794,0.30407937208528746,0.453017562183492
SIUO_test,13,raw_proj,0.7564186891689736,0.3486379155871676,0.407780773581806
SIUO_test,13,aligned_no_proj,0.8352609476791061,0.4593093840442889,0.3759515636348172
SIUO_test,13,aligned_proj,0.6775200371401674,0.4077987736096631,0.2697212635305043
SIUO_test,14,raw_no_proj,0.26454816384422053,0.23760308025253526,0.026945083591685265
SIUO_test,14,raw_proj,0.18088542938434207,0.16009157169426735,0.02079385769007472
SIUO_test,14,aligned_no_proj,0.6893101354677909,0.6643687157349702,0.024941419732820602
SIUO_test,14,aligned_proj,0.2756517365049224,0.22365502356901534,0.051996712935907075
SIUO_test,15,raw_no_proj,0.026378589906715044,0.02558179162548883,0.0007967982812262138
SIUO_test,15,raw_proj,0.041261378413519845,0.06544168577562647,-0.02418030736210662
SIUO_test,15,aligned_no_proj,0.02701740019717222,0.033061741611474835,-0.006044341414302615
SIUO_test,15,aligned_proj,0.07717432117789612,0.09063372460425713,-0.01345940342636101
SIUO_test,16,raw_no_proj,0.16056667442546507,0.32198725972643844,-0.16142058530097336
SIUO_test,16,raw_proj,0.15206273672386145,0.34337823579382953,-0.1913154990699681
SIUO_test,16,aligned_no_proj,0.13369392439168193,0.2428781506737642,-0.10918422628208227
SIUO_test,16,aligned_proj,0.28418421100886965,0.4265965288466908,-0.14241231783782116
SIUO_test,17,raw_no_proj,0.6539586677206009,0.30193042029108563,0.3520282474295152
SIUO_test,17,raw_proj,0.6418062416849439,0.2593853921735981,0.38242084951134586
SIUO_test,17,aligned_no_proj,0.714974661382892,0.34796288187920155,0.36701177950369046
SIUO_test,17,aligned_proj,0.5569399838394814,0.3468727262132406,0.2100672576262408
SIUO_test,18,raw_no_proj,0.4559925291978784,0.7704253023727917,-0.3144327731749133
SIUO_test,18,raw_proj,0.2850901140703255,0.6903145075101687,-0.4052243934398432
SIUO_test,18,aligned_no_proj,0.6608734091764855,0.894316226283277,-0.2334428171067915
SIUO_test,18,aligned_proj,0.3700861669500272,0.6595480913847431,-0.2894619244347159
SIUO_test,19,raw_no_proj,0.8342622819107403,0.8109673613807611,0.02329492052997917
SIUO_test,19,raw_proj,0.6244578579909024,0.6291137868717877,-0.004655928880885285
SIUO_test,19,aligned_no_proj,0.9040880798412656,0.8818108773365765,0.02227720250468912
SIUO_test,19,aligned_proj,0.5459595256594051,0.5763314230471624,-0.030371897387757363
SIUO_test,20,raw_no_proj,0.09933084091040018,0.012623137944205106,0.08670770296619507
SIUO_test,20,raw_proj,0.15576066550663972,0.034008757659634785,0.12175190784700493
SIUO_test,20,aligned_no_proj,0.13532883196751316,0.017408290870000634,0.11792054109751253
SIUO_test,20,aligned_proj,0.16503432866247067,0.04126256462884602,0.12377176403362465
SIUO_test,21,raw_no_proj,0.8148337291818152,0.9337389759954604,-0.11890524681364523
SIUO_test,21,raw_proj,0.7429893258116761,0.8571361027520153,-0.11414677694033926
SIUO_test,21,aligned_no_proj,0.8272224216795072,0.9529918515497798,-0.12576942987027262
SIUO_test,21,aligned_proj,0.7142184252459514,0.7600650924621059,-0.04584666721615449
SIUO_test,22,raw_no_proj,0.5796897978603784,0.35673174047901635,0.2229580573813621
SIUO_test,22,raw_proj,0.6759411259189525,0.436100699087249,0.23984042683170348
SIUO_test,22,aligned_no_proj,0.7202897078361419,0.4323834291649292,0.28790627867121266
SIUO_test,22,aligned_proj,0.6539526085438403,0.3794424475812374,0.2745101609626029
SIUO_test,23,raw_no_proj,0.023725007443904444,0.01165080523140791,0.012074202212496533
SIUO_test,23,raw_proj,0.032195559899958814,0.015843844748224423,0.01635171515173439
SIUO_test,23,aligned_no_proj,0.034499530507852386,0.01401995472984787,0.020479575778004515
SIUO_test,23,aligned_proj,0.04556540052218919,0.02917468456762992,0.016390715954559265
SIUO_test,24,raw_no_proj,0.4581962162008728,0.06318247525352025,0.39501374094735253
SIUO_test,24,raw_proj,0.4731098662849461,0.08598163287482684,0.38712823341011926
SIUO_test,24,aligned_no_proj,0.6769177032056111,0.10452567131881026,0.5723920318868008
SIUO_test,24,aligned_proj,0.6286482155774171,0.1592464243459897,0.46940179123142745
SIUO_test,25,raw_no_proj,0.7642825985284152,0.6186713851938379,0.14561121333457727
SIUO_test,25,raw_proj,0.7980802869802487,0.6336817645669972,0.16439852241325148
SIUO_test,25,aligned_no_proj,0.8963578707678721,0.7633046397623939,0.13305323100547817
SIUO_test,25,aligned_proj,0.5133654045020585,0.3594240643882311,0.15394134011382737
SIUO_test,26,raw_no_proj,0.5109126989797654,0.258778346960269,0.2521343520194964
SIUO_test,26,raw_proj,0.5071508177040056,0.1508931396113211,0.3562576780926845
SIUO_test,26,aligned_no_proj,0.7054115907361113,0.3627606936137837,0.34265089712232755
SIUO_test,26,aligned_proj,0.48268488324534814,0.16187486818102076,0.3208100150643274
SIUO_test,27,raw_no_proj,0.8404272448382709,0.7498531715559215,0.09057407328234945
SIUO_test,27,raw_proj,0.8026518673777905,0.8124141627843896,-0.00976229540659912
SIUO_test,27,aligned_no_proj,0.9386555346896287,0.9034399702296756,0.03521556445995311
SIUO_test,27,aligned_proj,0.601291635600231,0.5439428934353023,0.05734874216492869
SIUO_test,28,raw_no_proj,0.46023733636403524,0.34473347572797997,0.11550386063605528
SIUO_test,28,raw_proj,0.4213650911019565,0.29098078062764876,0.13038431047430776
SIUO_test,28,aligned_no_proj,0.6006909191178489,0.461603213620576,0.1390877054972729
SIUO_test,28,aligned_proj,0.4173224830148743,0.2543611340010291,0.16296134901384518
SIUO_test,29,raw_no_proj,0.1626129065864279,0.025459884573941886,0.13715302201248603
SIUO_test,29,raw_proj,0.23975669808628589,0.05261301444520431,0.18714368364108158
SIUO_test,29,aligned_no_proj,0.25367520390052634,0.04620754548388751,0.20746765841663883
SIUO_test,29,aligned_proj,0.16437577114954496,0.04764502036198428,0.11673075078756068
SIUO_test,30,raw_no_proj,0.8136157761843075,0.6994229492222329,0.11419282696207456
SIUO_test,30,raw_proj,0.7150394321958314,0.5766251940089875,0.13841423818684395
SIUO_test,30,aligned_no_proj,0.9224732655660065,0.7861074788535287,0.1363657867124778
SIUO_test,30,aligned_proj,0.82643832258162,0.6020206912662072,0.2244176313154128
SIUO_test,31,raw_no_proj,0.0881821975446125,0.08557836203234603,0.002603835512266464
SIUO_test,31,raw_proj,0.08588821670800986,0.10881559704582608,-0.022927380337816217
SIUO_test,31,aligned_no_proj,0.19910911458755978,0.2039384611302906,-0.004829346542730817
SIUO_test,31,aligned_proj,0.11423830408932531,0.10524321666168161,0.008995087427643697
SIUO_test,32,raw_no_proj,0.7674808497002231,0.6657952259670599,0.10168562373316326
SIUO_test,32,raw_proj,0.7916169080575481,0.6829352612720175,0.1086816467855306
SIUO_test,32,aligned_no_proj,0.8725819728903217,0.8538913144359758,0.01869065845434592
SIUO_test,32,aligned_proj,0.7442816993418747,0.8054804091441526,-0.06119870980227793
SIUO_test,33,raw_no_proj,0.22485776366973187,0.07816850407327418,0.14668925959645768
SIUO_test,33,raw_proj,0.2817448661458179,0.09644598082672777,0.1852988853190901
SIUO_test,33,aligned_no_proj,0.2946451974296064,0.10915544919842736,0.18548974823117903
SIUO_test,33,aligned_proj,0.29606704657103455,0.12421330883766873,0.17185373773336582
SIUO_test,34,raw_no_proj,0.08776516580806963,0.10344187519927787,-0.015676709391208243
SIUO_test,34,raw_proj,0.044536409127436366,0.05070897809919129,-0.006172568971754923
SIUO_test,34,aligned_no_proj,0.22006976078541865,0.23095905078745124,-0.010889290002032592
SIUO_test,34,aligned_proj,0.022517506623875812,0.023416710654054936,-0.0008992040301791238
SIUO_test,35,raw_no_proj,0.6181880209676119,0.589097959282829,0.029090061684782897
SIUO_test,35,raw_proj,0.7557606705071227,0.6372060132477549,0.11855465725936776
SIUO_test,35,aligned_no_proj,0.7550903382317562,0.7244182824273578,0.030672055804398357
SIUO_test,35,aligned_proj,0.5560656586481565,0.4756131129871286,0.08045254566102789
SIUO_test,36,raw_no_proj,0.8711611976471818,0.8236170070877842,0.047544190559397626
SIUO_test,36,raw_proj,0.9080783238140214,0.8787358147023941,0.02934250911162728
SIUO_test,36,aligned_no_proj,0.9567927829907156,0.9242541833140585,0.032538599676657065
SIUO_test,36,aligned_proj,0.841023448243417,0.7865718749342848,0.054451573309132195
SIUO_test,37,raw_no_proj,0.798152291066414,0.7155192029361963,0.08263308813021775
SIUO_test,37,raw_proj,0.8409962156252594,0.7848763205681956,0.05611989505706383
SIUO_test,37,aligned_no_proj,0.9089361765772679,0.8724053700302815,0.03653080654698637
SIUO_test,37,aligned_proj,0.9537999779718342,0.9161511654319002,0.03764881253993402
SIUO_test,38,raw_no_proj,0.08194338322343601,0.03968158964374661,0.042261793579689406
SIUO_test,38,raw_proj,0.08075906833318662,0.060059803615434976,0.020699264717751645
SIUO_test,38,aligned_no_proj,0.0825854753735756,0.04682250714024413,0.03576296823333148
SIUO_test,38,aligned_proj,0.09925614215600803,0.059530716815757084,0.03972542534025095
SIUO_test,39,raw_no_proj,0.1986340031379763,0.06594179020929312,0.13269221292868316
SIUO_test,39,raw_proj,0.1505607453342819,0.058621065358876595,0.09193967997540531
SIUO_test,39,aligned_no_proj,0.34927764103650416,0.1217655298690152,0.22751211116748896
SIUO_test,39,aligned_proj,0.2632366074083982,0.1157776753051459,0.1474589321032523
SIUO_test,40,raw_no_proj,0.019619665413101603,0.014968744692846491,0.004650920720255112
SIUO_test,40,raw_proj,0.031742560043235654,0.019057182933656543,0.01268537710957911
SIUO_test,40,aligned_no_proj,0.03406170906733286,0.02716772109728812,0.006893987970044736
SIUO_test,40,aligned_proj,0.04605468614935358,0.027590948614647556,0.018463737534706027
SIUO_test,41,raw_no_proj,0.13631861889785585,0.018677199295309296,0.11764141960254655
SIUO_test,41,raw_proj,0.275492728550767,0.06771332842199977,0.20777940012876722
SIUO_test,41,aligned_no_proj,0.32070720533286157,0.06921681280332974,0.2514903925295318
SIUO_test,41,aligned_proj,0.16772191656982857,0.05973787029352747,0.1079840462763011
SIUO_test,42,raw_no_proj,0.33370731068050874,0.14105184771148802,0.19265546296902072
SIUO_test,42,raw_proj,0.5093192444326312,0.2766844908026636,0.2326347536299676
SIUO_test,42,aligned_no_proj,0.40976708283102864,0.13974741218852932,0.2700196706424993
SIUO_test,42,aligned_proj,0.6937606289243918,0.4070552413955761,0.28670538752881575
SIUO_test,43,raw_no_proj,0.908754950205344,0.7564066090077598,0.15234834119758422
SIUO_test,43,raw_proj,0.8912949849071268,0.7218691202445008,0.169425864662626
SIUO_test,43,aligned_no_proj,0.980934692646277,0.9393069314493361,0.04162776119694089
SIUO_test,43,aligned_proj,0.9265707227683458,0.7692022816720481,0.15736844109629777
SIUO_test,44,raw_no_proj,0.22083846801259083,0.27891417636812393,-0.05807570835553311
SIUO_test,44,raw_proj,0.20445553004438544,0.269629974198698,-0.06517444415431256
SIUO_test,44,aligned_no_proj,0.14811876024647255,0.19324567734681938,-0.04512691710034683
SIUO_test,44,aligned_proj,0.21870386077711193,0.29930996372158425,-0.08060610294447232
SIUO_test,45,raw_no_proj,0.3648591498099807,0.18521378431412852,0.17964536549585217
SIUO_test,45,raw_proj,0.4485603583729813,0.2474291369082257,0.2011312214647556
SIUO_test,45,aligned_no_proj,0.40657329894308747,0.25852215014053265,0.14805114880255482
SIUO_test,45,aligned_proj,0.6000165872962998,0.43259088530819756,0.16742570198810225
SIUO_test,46,raw_no_proj,0.9375113588785569,0.9500558666127659,-0.01254450773420901
SIUO_test,46,raw_proj,0.9425369160849179,0.9259776143713828,0.016559301713535035
SIUO_test,46,aligned_no_proj,0.9582674893783769,0.9605572128474871,-0.002289723469110161
SIUO_test,46,aligned_proj,0.8866679428129313,0.9006843888662881,-0.014016446053356835
SIUO_test,47,raw_no_proj,0.03969286231369277,0.06510619115868298,-0.02541332884499021
SIUO_test,47,raw_proj,0.019332769969824463,0.03167018165882942,-0.012337411689004957
SIUO_test,47,aligned_no_proj,0.03875684861273282,0.07157274322937698,-0.032815894616644165
SIUO_test,47,aligned_proj,0.025920297973064516,0.043103018281451994,-0.017182720308387477
SIUO_test,48,raw_no_proj,0.9479150061108498,0.6451562107885458,0.302758795322304
SIUO_test,48,raw_proj,0.9695036369854328,0.7453422684855342,0.22416136849989865
SIUO_test,48,aligned_no_proj,0.9779911416138506,0.7481552338651805,0.22983590774867013
SIUO_test,48,aligned_proj,0.9856136796016924,0.7805232927568309,0.20509038684486158
SIUO_test,49,raw_no_proj,0.7503817900743103,0.3940692784214865,0.3563125116528238
SIUO_test,49,raw_proj,0.8341687447214173,0.7239756360413309,0.11019310868008647
SIUO_test,49,aligned_no_proj,0.7681602566896786,0.48840890327585523,0.27975135341382334
SIUO_test,49,aligned_proj,0.6459162502793395,0.5109095675490911,0.1350066827302484
SIUO_test,50,raw_no_proj,0.6227215340912616,0.3043985168719946,0.31832301721926703
SIUO_test,50,raw_proj,0.5942165111994092,0.3284518273724679,0.2657646838269413
SIUO_test,50,aligned_no_proj,0.9348524141638146,0.793662204638235,0.1411902095255796
SIUO_test,50,aligned_proj,0.9231916896968755,0.809169007504625,0.11402268219225054
SIUO_test,51,raw_no_proj,0.12554592386587454,0.07977836867783632,0.045767555188038225
SIUO_test,51,raw_proj,0.06193433926385912,0.04938244586310075,0.012551893400758372
SIUO_test,51,aligned_no_proj,0.26054603151207645,0.15583469427639934,0.1047113372356771
SIUO_test,51,aligned_proj,0.07013513078237639,0.06896171443165844,0.0011734163507179513
SIUO_test,52,raw_no_proj,0.39878046929914523,0.2384046486468708,0.16037582065227443
SIUO_test,52,raw_proj,0.6503794780396754,0.5761528036926712,0.07422667434700425
SIUO_test,52,aligned_no_proj,0.4870243160173389,0.2909838373966208,0.1960404786207181
SIUO_test,52,aligned_proj,0.5884649076923018,0.4320438757828623,0.15642103190943946
SIUO_test,53,raw_no_proj,0.34102338448687347,0.06812329173511078,0.2729000927517627
SIUO_test,53,raw_proj,0.15004658917593836,0.03093046640290085,0.11911612277303751
SIUO_test,53,aligned_no_proj,0.536248356655694,0.12093111228037179,0.41531724437532225
SIUO_test,53,aligned_proj,0.17757552220572448,0.044999857342913466,0.13257566486281103
SIUO_test,54,raw_no_proj,0.9109871309537743,0.45932628116597174,0.4516608497878025
SIUO_test,54,raw_proj,0.8999831110314844,0.5073155016360266,0.39266760939545786
SIUO_test,54,aligned_no_proj,0.9603775144448831,0.601780347274687,0.3585971671701961
SIUO_test,54,aligned_proj,0.9232904573370105,0.6057944636687027,0.31749599366830783
SIUO_test,55,raw_no_proj,0.006805980749492642,0.020926726180716625,-0.014120745431223984
SIUO_test,55,raw_proj,0.010697445028298436,0.04696687000431464,-0.03626942497601621
SIUO_test,55,aligned_no_proj,0.017468702327656134,0.053194622588533656,-0.03572592026087752
SIUO_test,55,aligned_proj,0.0401757902636712,0.12155827700287435,-0.08138248673920315
SIUO_test,56,raw_no_proj,0.9224356580986354,0.6259439644860341,0.2964916936126013
SIUO_test,56,raw_proj,0.8912387221308891,0.5734358401445434,0.31780288198634565
SIUO_test,56,aligned_no_proj,0.9329228297244678,0.7606828237384572,0.17224000598601064
SIUO_test,56,aligned_proj,0.7717521396508844,0.4321731669787891,0.3395789726720953
SIUO_test,57,raw_no_proj,0.15230097905323722,0.039966641618100124,0.1123343374351371
SIUO_test,57,raw_proj,0.16115618122784486,0.048738185266414186,0.11241799596143068
SIUO_test,57,aligned_no_proj,0.22918016137761835,0.06541608454715904,0.1637640768304593
SIUO_test,57,aligned_proj,0.1471189035675111,0.07681510055143957,0.07030380301607152
SIUO_test,58,raw_no_proj,0.786529962362659,0.2761936789960548,0.5103362833666043
SIUO_test,58,raw_proj,0.8086983136668427,0.2210298031336612,0.5876685105331816
SIUO_test,58,aligned_no_proj,0.8473102191849837,0.2717420350631005,0.5755681841218832
SIUO_test,58,aligned_proj,0.7573275691965495,0.2168903458178981,0.5404372233786514
SIUO_test,59,raw_no_proj,0.8182042179912143,0.3147579512524055,0.5034462667388089
SIUO_test,59,raw_proj,0.8529729087521232,0.28387877813769036,0.5690941306144328
SIUO_test,59,aligned_no_proj,0.9295153149349612,0.5137775307053973,0.41573778422956387
SIUO_test,59,aligned_proj,0.8824748056506087,0.32540695669464814,0.5570678489559605
SIUO_test,60,raw_no_proj,0.9786092188564683,0.9719373440921113,0.006671874764357044
SIUO_test,60,raw_proj,0.9838503767439223,0.9795845022534607,0.004265874490461563
SIUO_test,60,aligned_no_proj,0.9965376251294504,0.9955689880722582,0.0009686370571921898
SIUO_test,60,aligned_proj,0.982586761670712,0.9858901921510049,-0.0033034304802929126
SIUO_test,61,raw_no_proj,0.03668237674277035,0.01164729582076253,0.02503508092200782
SIUO_test,61,raw_proj,0.045225935271514514,0.013350975123017956,0.031874960148496556
SIUO_test,61,aligned_no_proj,0.09259396534593278,0.028817365259201193,0.06377660008673158
SIUO_test,61,aligned_proj,0.15673027976734727,0.04917489922562065,0.10755538054172661
SIUO_test,62,raw_no_proj,0.8012207599410753,0.5286643827843115,0.27255637715676384
SIUO_test,62,raw_proj,0.859250838063269,0.674421772945226,0.18482906511804298
SIUO_test,62,aligned_no_proj,0.86925814788441,0.6356767632137493,0.2335813846706607
SIUO_test,62,aligned_proj,0.8808419953657494,0.680662514745983,0.20017948061976631
SIUO_test,63,raw_no_proj,0.8656757195066235,0.881892277478378,-0.016216557971754475
SIUO_test,63,raw_proj,0.9092834487884519,0.8938616557147846,0.015421793073667311
SIUO_test,63,aligned_no_proj,0.905155323890259,0.9189554694304419,-0.01380014554018294
SIUO_test,63,aligned_proj,0.9227940537066383,0.8890882686034381,0.0337057851032001
SIUO_test,64,raw_no_proj,0.8525979905762979,0.44378847113545855,0.4088095194408394
SIUO_test,64,raw_proj,0.7208829721194151,0.3315418667965078,0.3893411053229073
SIUO_test,64,aligned_no_proj,0.9421868091219388,0.6190870763703169,0.32309973275162185
SIUO_test,64,aligned_proj,0.7950933360022872,0.4553324048125643,0.33976093118972284
SIUO_test,65,raw_no_proj,0.5665964438467607,0.41569594826625006,0.1509004955805106
SIUO_test,65,raw_proj,0.41272993612163356,0.2836870605237889,0.12904287559784466
SIUO_test,65,aligned_no_proj,0.7053741667656068,0.5213367266853718,0.18403744008023504
SIUO_test,65,aligned_proj,0.3585162146268375,0.31352278017779334,0.04499343444904419
SIUO_test,66,raw_no_proj,0.055554058744705904,0.021738748083993384,0.03381531066071252
SIUO_test,66,raw_proj,0.0299193837046373,0.018264920134258525,0.011654463570378776
SIUO_test,66,aligned_no_proj,0.11833150377761624,0.04617096514046278,0.07216053863715347
SIUO_test,66,aligned_proj,0.04581730746616602,0.02339440789246513,0.02242289957370089
SIUO_test,67,raw_no_proj,0.47028394998449324,0.78618411219871,-0.31590016221421674
SIUO_test,67,raw_proj,0.846795523899973,0.9177481644909562,-0.07095264059098316
SIUO_test,67,aligned_no_proj,0.8492352120593957,0.9459977882162257,-0.09676257615683004
SIUO_test,67,aligned_proj,0.7156923327121181,0.843558295974601,-0.1278659632624829
SIUO_test,68,raw_no_proj,0.9055486784257187,0.41291053162928715,0.4926381467964316
SIUO_test,68,raw_proj,0.9216182808540034,0.4352119745564416,0.4864063062975618
SIUO_test,68,aligned_no_proj,0.979836225193328,0.7102259801317946,0.2696102450615334
SIUO_test,68,aligned_proj,0.8435235799533272,0.45639357245582557,0.3871300074975016
SIUO_test,69,raw_no_proj,0.21591501760389267,0.07879574448333085,0.13711927312056182
SIUO_test,69,raw_proj,0.20045161457886465,0.14996154665972128,0.05049006791914337
SIUO_test,69,aligned_no_proj,0.3896185257549258,0.1324812631598296,0.25713726259509617
SIUO_test,69,aligned_proj,0.33296892832581565,0.15320834986992435,0.1797605784558913
SIUO_test,70,raw_no_proj,0.8836714530894934,0.855823011621632,0.027848441467861362
SIUO_test,70,raw_proj,0.865483318792823,0.8369592986745497,0.028524020118273374
SIUO_test,70,aligned_no_proj,0.9773009219511021,0.9678090258822227,0.009491896068879346
SIUO_test,70,aligned_proj,0.7877370391447318,0.6623240689666934,0.12541297017803843
SIUO_test,71,raw_no_proj,0.5997122998624442,0.6430621057978654,-0.04334980593542115
SIUO_test,71,raw_proj,0.3831571556508152,0.37443827071414776,0.008718884936667448
SIUO_test,71,aligned_no_proj,0.7414948945504434,0.7711551195651933,-0.029660225014749964
SIUO_test,71,aligned_proj,0.4241545419954958,0.38194476782408787,0.04220977417140792
SIUO_test,72,raw_no_proj,0.6823988576865035,0.3533931324451485,0.3290057252413551
SIUO_test,72,raw_proj,0.7558604236509998,0.37249524384855914,0.38336517980244067
SIUO_test,72,aligned_no_proj,0.787619703846442,0.4212990151187707,0.36632068872767126
SIUO_test,72,aligned_proj,0.584749053187867,0.24405371256849975,0.34069534061936724
SIUO_test,73,raw_no_proj,0.41129372265588304,0.17744259908593366,0.2338511235699494
SIUO_test,73,raw_proj,0.5370779352156115,0.1887628114692125,0.34831512374639906
SIUO_test,73,aligned_no_proj,0.37719562612938645,0.19167447573647053,0.18552115039291592
SIUO_test,73,aligned_proj,0.4334314192088324,0.21349382493592015,0.21993759427291223
SIUO_test,74,raw_no_proj,0.14292065723392844,0.06565279998692296,0.07726785724700548
SIUO_test,74,raw_proj,0.16987074370741723,0.08104760412646037,0.08882313958095686
SIUO_test,74,aligned_no_proj,0.28755815030401405,0.11109508502103281,0.17646306528298122
SIUO_test,74,aligned_proj,0.15827942080867177,0.07392612080371111,0.08435330000496066
SIUO_test,75,raw_no_proj,0.08395930796511324,0.017028646904665348,0.06693066106044789
SIUO_test,75,raw_proj,0.03544362164791524,0.02738471174702033,0.008058909900894907
SIUO_test,75,aligned_no_proj,0.05085626355214407,0.01725740285135906,0.03359886070078501
SIUO_test,75,aligned_proj,0.03057628939663964,0.041427062924291526,-0.010850773527651885
SIUO_test,76,raw_no_proj,0.275699657323806,0.01103193140448591,0.26466772591932014
SIUO_test,76,raw_proj,0.31306660270842057,0.010870155184665336,0.30219644752375524
SIUO_test,76,aligned_no_proj,0.4156960216051916,0.0137171424136491,0.4019788791915425
SIUO_test,76,aligned_proj,0.30789834114908504,0.015994428390169305,0.29190391275891575
SIUO_test,77,raw_no_proj,0.007777715862031925,0.000379125809779964,0.0073985900522519615
SIUO_test,77,raw_proj,0.014219787971540342,0.001806467240452615,0.012413320731087727
SIUO_test,77,aligned_no_proj,0.0117604452363761,0.0007165620071029443,0.011043883229273157
SIUO_test,77,aligned_proj,0.018565911849180865,0.002860345903318269,0.015705565945862598
SIUO_test,78,raw_no_proj,0.14081184481448833,0.17914788820215824,-0.03833604338766991
SIUO_test,78,raw_proj,0.2215207340794817,0.16694127662308353,0.05457945745639817
SIUO_test,78,aligned_no_proj,0.3005669501999579,0.3152937290317862,-0.014726778831828324
SIUO_test,78,aligned_proj,0.19814301379265478,0.15897056133152307,0.03917245246113171
SIUO_test,79,raw_no_proj,0.4787859690100706,0.20999659208865393,0.2687893769214167
SIUO_test,79,raw_proj,0.5942444933827226,0.36733246089556787,0.2269120324871547
SIUO_test,79,aligned_no_proj,0.6970490505079758,0.3308947172567138,0.366154333251262
SIUO_test,79,aligned_proj,0.5752690580716981,0.3976365976303086,0.17763246044138953
SIUO_test,80,raw_no_proj,0.9467423269301788,0.8583366306770046,0.08840569625317418
SIUO_test,80,raw_proj,0.9108403385745377,0.730157288652619,0.18068304992191875
SIUO_test,80,aligned_no_proj,0.9789693951791695,0.9431079015655202,0.03586149361364932
SIUO_test,80,aligned_proj,0.8190106619155997,0.5946487425872118,0.2243619193283879
SIUO_test,81,raw_no_proj,0.5010244639682194,0.19240748341346137,0.30861698055475806
SIUO_test,81,raw_proj,0.386019809587196,0.05604219608435676,0.3299776135028393
SIUO_test,81,aligned_no_proj,0.7860067926719299,0.31199687676911364,0.4740099159028162
SIUO_test,81,aligned_proj,0.4807532645885198,0.11785684745124643,0.3628964171372734
SIUO_test,82,raw_no_proj,0.8568414464561908,0.7860290844321776,0.0708123620240132
SIUO_test,82,raw_proj,0.7039757713542033,0.628298321986066,0.07567744936813725
SIUO_test,82,aligned_no_proj,0.9525038530222018,0.9333016380070174,0.019202215015184376
SIUO_test,82,aligned_proj,0.5928265390192018,0.5348300674434677,0.057996471575734065
SIUO_test,83,raw_no_proj,0.09640869069872998,0.026711163186559448,0.06969752751217054
SIUO_test,83,raw_proj,0.1536275874622486,0.029953644381907386,0.12367394308034123
SIUO_test,83,aligned_no_proj,0.14309628259468798,0.039790242496781134,0.10330604009790685
SIUO_test,83,aligned_proj,0.2045566231316595,0.0487834200074188,0.1557732031242407
SIUO_test,84,raw_no_proj,0.49071282795479626,0.5568688725979909,-0.06615604464319463
SIUO_test,84,raw_proj,0.5985759666264127,0.665585326659144,-0.06700936003273139
SIUO_test,84,aligned_no_proj,0.6167538258476413,0.652342182691339,-0.035588356843697766
SIUO_test,84,aligned_proj,0.5199622644803354,0.5569767941363567,-0.037014529656021256
SIUO_test,85,raw_no_proj,0.005036001623448524,0.0021402657095088624,0.0028957359139396613
SIUO_test,85,raw_proj,0.005816301900239909,0.002132791999873722,0.0036835099003661867
SIUO_test,85,aligned_no_proj,0.006326614023000957,0.0025731620611202212,0.003753451961880736
SIUO_test,85,aligned_proj,0.007553961274617159,0.00247661198710381,0.00507734928751335
SIUO_test,86,raw_no_proj,0.007531713036178802,0.003898974162575001,0.003632738873603801
SIUO_test,86,raw_proj,0.012848693642361108,0.007301066399932374,0.0055476272424287345
SIUO_test,86,aligned_no_proj,0.00906608572783457,0.005091367317563369,0.003974718410271201
SIUO_test,86,aligned_proj,0.02435010231466079,0.019475975721511843,0.004874126593148946
SIUO_test,87,raw_no_proj,0.015105065879326342,0.0023527769797071292,0.012752288899619213
SIUO_test,87,raw_proj,0.020309542101643603,0.006039671129465204,0.014269870972178399
SIUO_test,87,aligned_no_proj,0.026567410003200474,0.005493453960714073,0.0210739560424864
SIUO_test,87,aligned_proj,0.027865986855182826,0.008391515596342233,0.019474471258840595
SIUO_test,88,raw_no_proj,0.06940760863621652,0.033107066644702504,0.036300541991514015
SIUO_test,88,raw_proj,0.1263760442209586,0.059825617178553475,0.06655042704240513
SIUO_test,88,aligned_no_proj,0.13694225747550526,0.07377236677224443,0.06316989070326083
SIUO_test,88,aligned_proj,0.10883048757020546,0.060940954118137346,0.04788953345206811
SIUO_test,89,raw_no_proj,0.7638742052761024,0.0988117203904597,0.6650624848856427
SIUO_test,89,raw_proj,0.6625998348296553,0.06856003521732906,0.5940397996123263
SIUO_test,89,aligned_no_proj,0.8204124400229126,0.10630555386046793,0.7141068861624447
SIUO_test,89,aligned_proj,0.6291141026112202,0.10195331673906453,0.5271607858721558
SIUO_test,90,raw_no_proj,0.004491118096158573,0.004332598512501167,0.0001585195836574056
SIUO_test,90,raw_proj,0.006799012567670313,0.0038986273007552935,0.0029003852669150193
SIUO_test,90,aligned_no_proj,0.008470825340893058,0.008979130854160461,-0.0005083055132674031
SIUO_test,90,aligned_proj,0.016610163216850396,0.010837403974447428,0.005772759242402968
SIUO_test,91,raw_no_proj,0.005876078261645789,0.02048464712155676,-0.014608568859910971
SIUO_test,91,raw_proj,0.009228535961396212,0.022402531270187515,-0.013173995308791302
SIUO_test,91,aligned_no_proj,0.009669952744392165,0.03199232663064936,-0.022322373886257196
SIUO_test,91,aligned_proj,0.005721044181003317,0.018935560236352483,-0.013214516055349165
SIUO_test,92,raw_no_proj,0.2548515576220088,0.22321920643153628,0.0316323511904725
SIUO_test,92,raw_proj,0.12036807945519722,0.12162298944119643,-0.0012549099859992113
SIUO_test,92,aligned_no_proj,0.3921213453361238,0.38983808279389237,0.0022832625422314345
SIUO_test,92,aligned_proj,0.10153256475261557,0.08555681911284159,0.015975745639773983
SIUO_test,93,raw_no_proj,0.23755655639645043,0.27950785063018824,-0.04195129423373781
SIUO_test,93,raw_proj,0.09084969900671927,0.11163960053816761,-0.020789901531448343
SIUO_test,93,aligned_no_proj,0.30468609647444256,0.3885465019891047,-0.08386040551466212
SIUO_test,93,aligned_proj,0.08163796534446145,0.07432642605430252,0.0073115392901589304
SIUO_test,94,raw_no_proj,0.2441212487958783,0.12340794436794705,0.12071330442793124
SIUO_test,94,raw_proj,0.22503711589825762,0.11618853329774124,0.10884858260051637
SIUO_test,94,aligned_no_proj,0.3105370977500596,0.15749291280815897,0.15304418494190064
SIUO_test,94,aligned_proj,0.22734731405941846,0.12221647762302086,0.1051308364363976
SIUO_test,95,raw_no_proj,0.20244514895152768,0.0389583788253183,0.16348677012620938
SIUO_test,95,raw_proj,0.28796142933061136,0.02733421567347604,0.2606272136571353
SIUO_test,95,aligned_no_proj,0.2840341852119422,0.039398866779867064,0.24463531843207512
SIUO_test,95,aligned_proj,0.5035978914024273,0.055928457927752764,0.4476694334746745
SIUO_test,96,raw_no_proj,0.303253853897521,0.08861508482056178,0.21463876907695922
SIUO_test,96,raw_proj,0.22183294716345148,0.054076577831857944,0.16775636933159355
SIUO_test,96,aligned_no_proj,0.44034100205946985,0.11069731996283315,0.3296436820966367
SIUO_test,96,aligned_proj,0.38454404638178413,0.13651106029652899,0.24803298608525515
SIUO_test,97,raw_no_proj,0.22540784030129907,0.3466681650814001,-0.12126032478010101
SIUO_test,97,raw_proj,0.155353034356688,0.29317313384214005,-0.13782009948545204
SIUO_test,97,aligned_no_proj,0.32961181147081864,0.510345286630828,-0.18073347516000937
SIUO_test,97,aligned_proj,0.32492413861437147,0.47837459293801277,-0.1534504543236413
SIUO_test,98,raw_no_proj,0.47178769502953116,0.15415069192719377,0.3176370031023374
SIUO_test,98,raw_proj,0.3048597413554371,0.06894003690150503,0.23591970445393207
SIUO_test,98,aligned_no_proj,0.5853617629183239,0.187555048343424,0.39780671457489986
SIUO_test,98,aligned_proj,0.27255835443428483,0.10904253418674008,0.16351582024754474
SIUO_test,99,raw_no_proj,0.11640041681877034,0.1236822903824628,-0.007281873563692462
SIUO_test,99,raw_proj,0.04729075409080615,0.05406315718919732,-0.0067724030983911665
SIUO_test,99,aligned_no_proj,0.09948968719018897,0.09669403651633235,0.00279565067385662
SIUO_test,99,aligned_proj,0.030989824130815895,0.03270348199612621,-0.0017136578653103134
SIUO_test,100,raw_no_proj,0.9836546566024729,0.833366334328028,0.15028832227444489
SIUO_test,100,raw_proj,0.9702494223616235,0.7595636689685231,0.21068575339310036
SIUO_test,100,aligned_no_proj,0.9903999378537852,0.9006785005293971,0.08972143732438809
SIUO_test,100,aligned_proj,0.9454618126266684,0.6105535816673806,0.3349082309592878
SIUO_test,101,raw_no_proj,0.9245833344480012,0.6974598094453842,0.227123525002617
SIUO_test,101,raw_proj,0.864930229560222,0.5101144961358635,0.35481573342435857
SIUO_test,101,aligned_no_proj,0.9582650685716146,0.7610880095933685,0.1971770589782461
SIUO_test,101,aligned_proj,0.7786919841741269,0.6561783748119729,0.12251360936215394
SIUO_test,102,raw_no_proj,0.23008151325672727,0.1445950929354226,0.08548642032130466
SIUO_test,102,raw_proj,0.15445760563507038,0.11527607725765862,0.03918152837741176
SIUO_test,102,aligned_no_proj,0.362491278000297,0.2694635099776305,0.09302776802266649
SIUO_test,102,aligned_proj,0.09941900087975783,0.06623485066937432,0.03318415021038351
SIUO_test,103,raw_no_proj,0.02094217055273936,0.005358392681443913,0.015583777871295449
SIUO_test,103,raw_proj,0.017580469647636463,0.005851829554546279,0.011728640093090183
SIUO_test,103,aligned_no_proj,0.03032313327723183,0.008951245626484387,0.02137188765074744
SIUO_test,103,aligned_proj,0.05548895546664314,0.019054124292034964,0.036434831174608176
SIUO_test,104,raw_no_proj,0.008822704260497773,0.023121844461631777,-0.014299140201134004
SIUO_test,104,raw_proj,0.0034808810820485653,0.009288893440812825,-0.005808012358764259
SIUO_test,104,aligned_no_proj,0.009427264267830934,0.024268692822788186,-0.014841428554957252
SIUO_test,104,aligned_proj,0.00747208764094432,0.013153175772593813,-0.005681088131649493
SIUO_test,105,raw_no_proj,0.004312803524788367,0.01236567385863356,-0.008052870333845195
SIUO_test,105,raw_proj,0.002343631142024843,0.008196280435973471,-0.005852649293948628
SIUO_test,105,aligned_no_proj,0.0022964283809769736,0.006447789279119752,-0.004151360898142779
SIUO_test,105,aligned_proj,0.0038363321319358785,0.008956071324349469,-0.00511973919241359
SIUO_test,106,raw_no_proj,0.22156136295139375,0.17669103302143,0.04487032992996376
SIUO_test,106,raw_proj,0.24185913617277274,0.2025894779919386,0.03926965818083414
SIUO_test,106,aligned_no_proj,0.2263345303090082,0.1403983032607518,0.08593622704825638
SIUO_test,106,aligned_proj,0.30196286524964816,0.2824062099290127,0.01955665532063544
SIUO_test,107,raw_no_proj,0.4096752914942719,0.17326679859095911,0.23640849290331278
SIUO_test,107,raw_proj,0.355107848790832,0.19298881507776142,0.1621190337130706
SIUO_test,107,aligned_no_proj,0.5472119378163574,0.21788684220470397,0.32932509561165335
SIUO_test,107,aligned_proj,0.39228974362784114,0.22615710443167425,0.1661326391961669
SIUO_test,108,raw_no_proj,0.024236556037826276,0.025086345788119753,-0.0008497897502934768
SIUO_test,108,raw_proj,0.00912051794854454,0.00984717581399337,-0.000726657865448831
SIUO_test,108,aligned_no_proj,0.02253179053444989,0.024256731801181007,-0.001724941266731117
SIUO_test,108,aligned_proj,0.007399345168057628,0.007382039773555494,1.7305394502133663e-05
SIUO_test,109,raw_no_proj,0.15160873727892205,0.328140994314343,-0.17653225703542097
SIUO_test,109,raw_proj,0.12842728566087722,0.3626009402449536,-0.23417365458407638
SIUO_test,109,aligned_no_proj,0.23614827643654954,0.4567339240802539,-0.22058564764370434
SIUO_test,109,aligned_proj,0.22432487464846942,0.42313070740833675,-0.19880583275986732
SIUO_test,110,raw_no_proj,0.46296599733049376,0.3031999934447487,0.15976600388574508
SIUO_test,110,raw_proj,0.5404244428241487,0.41487465646843025,0.12554978635571845
SIUO_test,110,aligned_no_proj,0.5192415272840321,0.35164821332223495,0.1675933139617971
SIUO_test,110,aligned_proj,0.6693293383905057,0.528964587341424,0.14036475104908164
SIUO_test,111,raw_no_proj,0.41340093557694624,0.6498628045692402,-0.23646186899229393
SIUO_test,111,raw_proj,0.21346683099247,0.44886163879085966,-0.23539480779838967
SIUO_test,111,aligned_no_proj,0.46858105188734234,0.7183192928465807,-0.24973824095923836
SIUO_test,111,aligned_proj,0.1348405414236959,0.3298638682705028,-0.1950233268468069
SIUO_test,112,raw_no_proj,0.0036119029458344964,0.012550981392440465,-0.008939078446605969
SIUO_test,112,raw_proj,0.005683391112339541,0.008915414855888346,-0.0032320237435488055
SIUO_test,112,aligned_no_proj,0.004022454667582846,0.019623260900554673,-0.015600806232971828
SIUO_test,112,aligned_proj,0.0054171553750254845,0.009674413535293764,-0.004257258160268279
SIUO_test,113,raw_no_proj,0.68985751705736,0.4215588799204321,0.26829863713692786
SIUO_test,113,raw_proj,0.6819218587887491,0.3914930564086451,0.290428802380104
SIUO_test,113,aligned_no_proj,0.8542640365423019,0.661393551806196,0.1928704847361059
SIUO_test,113,aligned_proj,0.7205647524235606,0.4397601610908253,0.2808045913327353
SIUO_test,114,raw_no_proj,0.2705875422973004,0.19018628596442036,0.08040125633288006
SIUO_test,114,raw_proj,0.18948104276312017,0.16438146501395978,0.025099577749160384
SIUO_test,114,aligned_no_proj,0.3812266307636552,0.24800459591865961,0.1332220348449956
SIUO_test,114,aligned_proj,0.4807225377670107,0.3769648808861325,0.10375765688087818
SIUO_test,115,raw_no_proj,0.9526225447612701,0.9696998528434119,-0.017077308082141807
SIUO_test,115,raw_proj,0.9405246494791054,0.9579562163925448,-0.01743156691343939
SIUO_test,115,aligned_no_proj,0.9928782743450115,0.9960564971578737,-0.003178222812862175
SIUO_test,115,aligned_proj,0.7929226988206524,0.8698361181449578,-0.0769134193243054
SIUO_test,116,raw_no_proj,0.18447378735990846,0.49818960147322544,-0.31371581411331695
SIUO_test,116,raw_proj,0.2603672538864706,0.5227681050836775,-0.26240085119720696
SIUO_test,116,aligned_no_proj,0.2577313142106011,0.6577084676718912,-0.3999771534612901
SIUO_test,116,aligned_proj,0.18037384688747898,0.34377280455774817,-0.16339895767026918
SIUO_test,117,raw_no_proj,0.6648217215364374,0.5864947413414111,0.07832698019502626
SIUO_test,117,raw_proj,0.5149707706265368,0.39850833548170095,0.1164624351448359
SIUO_test,117,aligned_no_proj,0.8132394937778598,0.7347085777644148,0.07853091601344497
SIUO_test,117,aligned_proj,0.6092528678425321,0.46601863893891765,0.14323422890361442
SIUO_test,118,raw_no_proj,0.4788198475702463,0.10135629594568092,0.3774635516245654
SIUO_test,118,raw_proj,0.2983505635842969,0.07625026270726144,0.22210030087703547
SIUO_test,118,aligned_no_proj,0.5548887190408339,0.16167525154843937,0.39321346749239455
SIUO_test,118,aligned_proj,0.16831046716940598,0.07782381403878072,0.09048665313062526
SIUO_test,119,raw_no_proj,0.6942377889244087,0.6175483057189156,0.07668948320549307
SIUO_test,119,raw_proj,0.5713632739816518,0.5181994519202835,0.05316382206136827
SIUO_test,119,aligned_no_proj,0.8065120633087726,0.7419472504926848,0.06456481281608772
SIUO_test,119,aligned_proj,0.4786150653878109,0.3885485928143852,0.0900664725734257
SIUO_test,120,raw_no_proj,0.24303292564144913,0.1163069699895072,0.12672595565194195
SIUO_test,120,raw_proj,0.2530305770422377,0.15719686127760396,0.09583371576463373
SIUO_test,120,aligned_no_proj,0.2852086178974648,0.16189656480010828,0.12331205309735654
SIUO_test,120,aligned_proj,0.38099128150676737,0.24562618550902804,0.13536509599773933
SIUO_test,121,raw_no_proj,0.13529237236397396,0.06500298470555646,0.0702893876584175
SIUO_test,121,raw_proj,0.20092843577337305,0.0844946505248414,0.11643378524853165
SIUO_test,121,aligned_no_proj,0.14596512988306212,0.06788944771106184,0.07807568217200028
SIUO_test,121,aligned_proj,0.3908774453997033,0.23840073095636596,0.15247671444333735
SIUO_test,122,raw_no_proj,0.049709962463915104,0.04312366117890684,0.006586301285008263
SIUO_test,122,raw_proj,0.045214331602929404,0.043853665619233366,0.0013606659836960383
SIUO_test,122,aligned_no_proj,0.049736135471115515,0.05134779140091887,-0.0016116559298033559
SIUO_test,122,aligned_proj,0.06410698529089774,0.07028671797799896,-0.0061797326871012165
SIUO_test,123,raw_no_proj,0.3765663749305863,0.3455106093012415,0.03105576562934481
SIUO_test,123,raw_proj,0.3007562472682841,0.3022222350790205,-0.0014659878107364244
SIUO_test,123,aligned_no_proj,0.5431640712886902,0.5214237086828525,0.02174036260583767
SIUO_test,123,aligned_proj,0.4025698865628432,0.3154787316883663,0.08709115487447688
SIUO_test,124,raw_no_proj,0.08464558748543127,0.014152571054223434,0.07049301643120784
SIUO_test,124,raw_proj,0.0867814024151003,0.004203823671375114,0.08257757874372518
SIUO_test,124,aligned_no_proj,0.11026770946793307,0.02469016202412069,0.08557754744381238
SIUO_test,124,aligned_proj,0.07342470326227701,0.009727822138461347,0.06369688112381566
SIUO_test,125,raw_no_proj,0.007779813916405352,0.005647588790798946,0.002132225125606406
SIUO_test,125,raw_proj,0.00887046373018737,0.0070025849337928756,0.0018678787963944937
SIUO_test,125,aligned_no_proj,0.01098093838988241,0.007619200220441916,0.003361738169440494
SIUO_test,125,aligned_proj,0.006872699898602001,0.006532994997244075,0.00033970490135792637
SIUO_test,126,raw_no_proj,0.03580493667352103,0.025436039053539153,0.01036889761998188
SIUO_test,126,raw_proj,0.02985322236555524,0.014986009099852697,0.014867213265702544
SIUO_test,126,aligned_no_proj,0.036936788682635495,0.027851017606749552,0.009085771075885943
SIUO_test,126,aligned_proj,0.040870514365804286,0.023995842459859255,0.01687467190594503
SIUO_test,127,raw_no_proj,0.734073910737876,0.5624149089370889,0.17165900180078708
SIUO_test,127,raw_proj,0.692251466514322,0.48173372947452603,0.21051773703979598
SIUO_test,127,aligned_no_proj,0.8492126940685008,0.6924781880310259,0.15673450603747485
SIUO_test,127,aligned_proj,0.5325517802877971,0.38174871456064724,0.1508030657271499
SIUO_test,128,raw_no_proj,0.9713175218935909,0.9056459033924792,0.0656716185011117
SIUO_test,128,raw_proj,0.9700518492603591,0.8903426396959111,0.07970920956444805
SIUO_test,128,aligned_no_proj,0.9939398453128432,0.9792846661447017,0.014655179168141519
SIUO_test,128,aligned_proj,0.9552338485388914,0.8166558319371781,0.13857801660171332
SIUO_test,129,raw_no_proj,0.06582391510757687,0.05940268293296017,0.006421232174616702
SIUO_test,129,raw_proj,0.0380456692655969,0.04408750224508091,-0.006041832979484005
SIUO_test,129,aligned_no_proj,0.059785190353424444,0.0450098333538988,0.014775356999525646
SIUO_test,129,aligned_proj,0.05886905604802345,0.06394262564449157,-0.005073569596468125
SIUO_test,130,raw_no_proj,0.8753401178730431,0.3301039892411202,0.545236128631923
SIUO_test,130,raw_proj,0.872430386577191,0.385708441895685,0.486721944681506
SIUO_test,130,aligned_no_proj,0.9453450846490179,0.46735269632786136,0.47799238832115654
SIUO_test,130,aligned_proj,0.8671924177726571,0.4060269931862438,0.4611654245864133
SIUO_test,131,raw_no_proj,0.1444236173773181,0.06532597373221266,0.07909764364510544
SIUO_test,131,raw_proj,0.11140939192792962,0.07494029726663157,0.03646909466129805
SIUO_test,131,aligned_no_proj,0.33015191792861415,0.17999208686020274,0.1501598310684114
SIUO_test,131,aligned_proj,0.12893426628916033,0.06043455570838619,0.06849971058077414
SIUO_test,132,raw_no_proj,0.09238290611251551,0.0599674015838097,0.03241550452870581
SIUO_test,132,raw_proj,0.07765119328743075,0.04018347601433481,0.037467717273095946
SIUO_test,132,aligned_no_proj,0.1385123731631213,0.11666733785458894,0.02184503530853235
SIUO_test,132,aligned_proj,0.22002539654290407,0.19525806180716185,0.02476733473574222
SIUO_test,133,raw_no_proj,0.02702534325007124,0.010315224718325822,0.016710118531745415
SIUO_test,133,raw_proj,0.04396421896826391,0.018878845267993525,0.025085373700270388
SIUO_test,133,aligned_no_proj,0.0495063579682061,0.018084390184583857,0.031421967783622246
SIUO_test,133,aligned_proj,0.0850368144021706,0.056248882887587406,0.028787931514583198
SIUO_test,134,raw_no_proj,0.22249319946072288,0.027141004921927,0.19535219453879588
SIUO_test,134,raw_proj,0.17791663705953098,0.043590777605985814,0.13432585945354517
SIUO_test,134,aligned_no_proj,0.3036238534760521,0.03145985194554849,0.2721640015305036
SIUO_test,134,aligned_proj,0.11026556673260414,0.02406467778804278,0.08620088894456136
SIUO_test,135,raw_no_proj,0.1981827192617372,0.03868332824987101,0.1594993910118662
SIUO_test,135,raw_proj,0.33662916861373143,0.07962947142853574,0.25699969718519566
SIUO_test,135,aligned_no_proj,0.438549138850871,0.0991645917270985,0.3393845471237725
SIUO_test,135,aligned_proj,0.35461399062524285,0.113599951352563,0.24101403927267984
SIUO_test,136,raw_no_proj,0.28327556709360235,0.11147182995340878,0.1718037371401936
SIUO_test,136,raw_proj,0.2129086914627646,0.08083553718313595,0.13207315427962862
SIUO_test,136,aligned_no_proj,0.3604868368112271,0.11045264496394407,0.25003419184728304
SIUO_test,136,aligned_proj,0.2140566602057258,0.07677313835154298,0.13728352185418283
SIUO_test,137,raw_no_proj,0.3149526212935754,0.03273959566218861,0.2822130256313868
SIUO_test,137,raw_proj,0.30946498837759373,0.041908444961545194,0.2675565434160485
SIUO_test,137,aligned_no_proj,0.5480115944287034,0.06698613987743314,0.48102545455127027
SIUO_test,137,aligned_proj,0.24952597082968478,0.050051800646824254,0.1994741701828605
SIUO_test,138,raw_no_proj,0.30195960775256964,0.15622841625927716,0.14573119149329247
SIUO_test,138,raw_proj,0.09109977409620545,0.06490105798945381,0.026198716106751646
SIUO_test,138,aligned_no_proj,0.31352102337694854,0.15459528034412806,0.15892574303282048
SIUO_test,138,aligned_proj,0.14096728262888092,0.07583820777908928,0.06512907484979163
SIUO_test,139,raw_no_proj,0.3004535512078498,0.3801463378684519,-0.07969278666060214
SIUO_test,139,raw_proj,0.12675722638103232,0.20263806525737132,-0.07588083887633901
SIUO_test,139,aligned_no_proj,0.32348424960455463,0.46079199804744936,-0.13730774844289473
SIUO_test,139,aligned_proj,0.07219966214751233,0.11855248207846598,-0.04635281993095365
SIUO_test,140,raw_no_proj,0.6954077186580211,0.3364181582754708,0.3589895603825503
SIUO_test,140,raw_proj,0.52556641315007,0.1509204843702504,0.3746459287798196
SIUO_test,140,aligned_no_proj,0.8104543080839244,0.36019604079377376,0.4502582672901506
SIUO_test,140,aligned_proj,0.6825353451753717,0.2437153389690737,0.438820006206298
SIUO_test,141,raw_no_proj,0.8520475375898474,0.927918614497849,-0.07587107690800154
SIUO_test,141,raw_proj,0.8493984614411464,0.8924825395918828,-0.04308407815073645
SIUO_test,141,aligned_no_proj,0.8573649305960103,0.9259417742828394,-0.06857684368682915
SIUO_test,141,aligned_proj,0.703527379925121,0.8358884000235828,-0.13236102009846173
SIUO_test,142,raw_no_proj,0.06853381203327098,0.07834160609535194,-0.00980779406208096
SIUO_test,142,raw_proj,0.061366555608287784,0.06702854725076902,-0.00566199164248124
SIUO_test,142,aligned_no_proj,0.08317607938031323,0.09365768639165682,-0.010481607011343597
SIUO_test,142,aligned_proj,0.05695830842436813,0.06285393013392233,-0.005895621709554204
SIUO_test,143,raw_no_proj,0.01002772725761093,0.005886004129814053,0.004141723127796876
SIUO_test,143,raw_proj,0.004077810984811333,0.002467909839861072,0.0016099011449502605
SIUO_test,143,aligned_no_proj,0.008692466570384626,0.006820994585215669,0.0018714719851689572
SIUO_test,143,aligned_proj,0.0027912723326272097,0.0034175100102397373,-0.0006262376776125277
SIUO_test,144,raw_no_proj,0.013114271437369762,0.030962423322932225,-0.017848151885562463
SIUO_test,144,raw_proj,0.028922358764528422,0.06199817099479569,-0.03307581223026727
SIUO_test,144,aligned_no_proj,0.011103268664514483,0.02379459058761648,-0.012691321923101998
SIUO_test,144,aligned_proj,0.044693739197764044,0.09523176813266068,-0.05053802893489664
SIUO_test,145,raw_no_proj,0.12497769087340031,0.020530349580719663,0.10444734129268066
SIUO_test,145,raw_proj,0.08468064972088703,0.021145180047694025,0.063535469673193
SIUO_test,145,aligned_no_proj,0.1965703571016278,0.02307597236879888,0.1734943847328289
SIUO_test,145,aligned_proj,0.12868934584807168,0.03362665234910556,0.09506269349896612
SIUO_test,146,raw_no_proj,0.023430472649328044,0.0011866516078707326,0.02224382104145731
SIUO_test,146,raw_proj,0.015544920251702765,0.002390371847420377,0.013154548404282387
SIUO_test,146,aligned_no_proj,0.01964485283937131,0.001651509356650037,0.01799334348272127
SIUO_test,146,aligned_proj,0.011671180981293376,0.0024796813918571705,0.009191499589436205
SIUO_test,147,raw_no_proj,0.3467841104652358,0.2652993674437011,0.08148474302153469
SIUO_test,147,raw_proj,0.5114570074089827,0.4958554038928704,0.015601603516112283
SIUO_test,147,aligned_no_proj,0.4409494837338317,0.3927272896842199,0.04822219404961181
SIUO_test,147,aligned_proj,0.3596632518284378,0.3894546654395266,-0.029791413611088835
SIUO_test,148,raw_no_proj,0.03665723288783143,0.019996990152759783,0.016660242735071648
SIUO_test,148,raw_proj,0.03706787306622579,0.027049258950432222,0.010018614115793568
SIUO_test,148,aligned_no_proj,0.03258098859216418,0.016271752932680846,0.01630923565948333
SIUO_test,148,aligned_proj,0.022181706430299097,0.023267794772121465,-0.001086088341822368
SIUO_test,149,raw_no_proj,0.973078505772016,0.770379768366863,0.2026987374051531
SIUO_test,149,raw_proj,0.8226145946347687,0.3562275039434753,0.4663870906912934
SIUO_test,149,aligned_no_proj,0.9941743967874324,0.922732163644632,0.0714422331428004
SIUO_test,149,aligned_proj,0.8344529490070132,0.4134332407128431,0.42101970829417007
SIUO_test,150,raw_no_proj,0.47415151900442015,0.23773277121255249,0.23641874779186767
SIUO_test,150,raw_proj,0.27263079440605553,0.07281147007422828,0.19981932433182725
SIUO_test,150,aligned_no_proj,0.6557884129917729,0.2978038229859578,0.3579845900058151
SIUO_test,150,aligned_proj,0.11821113663428631,0.05162245577213338,0.06658868086215293
SIUO_test,151,raw_no_proj,0.3291507970491571,0.21021117647624127,0.11893962057291585
SIUO_test,151,raw_proj,0.35408910779196995,0.24991581626709322,0.10417329152487673
SIUO_test,151,aligned_no_proj,0.588724943103951,0.43735276210625784,0.15137218099769312
SIUO_test,151,aligned_proj,0.3682378261928251,0.28023470651390847,0.08800311967891661
SIUO_test,152,raw_no_proj,0.5873493556968805,0.4822931006717573,0.10505625502512322
SIUO_test,152,raw_proj,0.5907960271942113,0.5543752593367893,0.03642076785742199
SIUO_test,152,aligned_no_proj,0.7217671986031502,0.654155085476184,0.06761211312696624
SIUO_test,152,aligned_proj,0.6808467913149966,0.5936185413020887,0.0872282500129079
SIUO_test,153,raw_no_proj,0.9384469295233044,0.9029709084866536,0.03547602103665082
SIUO_test,153,raw_proj,0.8714253778046853,0.8639248099947633,0.007500567809922032
SIUO_test,153,aligned_no_proj,0.9696861184297153,0.9682004756081442,0.0014856428215711537
SIUO_test,153,aligned_proj,0.8294050082512979,0.8675029958395315,-0.03809798758823357
SIUO_test,154,raw_no_proj,0.812704675119904,0.6235020827014545,0.1892025924184495
SIUO_test,154,raw_proj,0.7499722268847605,0.5551993519180473,0.19477287496671325
SIUO_test,154,aligned_no_proj,0.8876578140340917,0.8213444161696349,0.06631339786445678
SIUO_test,154,aligned_proj,0.7551437564293252,0.5734136975044458,0.18173005892487937
SIUO_test,155,raw_no_proj,0.8855425942358135,0.472140432479276,0.4134021617565375
SIUO_test,155,raw_proj,0.56680524981281,0.19759913706608218,0.3692061127467278
SIUO_test,155,aligned_no_proj,0.8979520905192122,0.4671790707589703,0.4307730197602419
SIUO_test,155,aligned_proj,0.7145164784473345,0.28372904855242576,0.4307874298949087
SIUO_test,156,raw_no_proj,0.9113149429721291,0.7485429582398779,0.16277198473225118
SIUO_test,156,raw_proj,0.8471044782204289,0.6078752311100757,0.2392292471103532
SIUO_test,156,aligned_no_proj,0.9760172599863994,0.9285142193627279,0.0475030406236715
SIUO_test,156,aligned_proj,0.8456967830868888,0.5896875084085702,0.2560092746783186
SIUO_test,157,raw_no_proj,0.12681031838148132,0.06508738072718366,0.06172293765429766
SIUO_test,157,raw_proj,0.18877856577771435,0.09893621171086296,0.08984235406685138
SIUO_test,157,aligned_no_proj,0.19137299248854975,0.124653296465147,0.06671969602340275
SIUO_test,157,aligned_proj,0.15512751700295255,0.11361848166009286,0.041509035342859685
SIUO_test,158,raw_no_proj,0.33646917437925644,0.37829806947427147,-0.04182889509501503
SIUO_test,158,raw_proj,0.5612455833412422,0.6379699314732139,-0.07672434813197171
SIUO_test,158,aligned_no_proj,0.5306721134869371,0.591045115952745,-0.0603730024658079
SIUO_test,158,aligned_proj,0.4505465164442619,0.4909504308868539,-0.040403914442592004
SIUO_test,159,raw_no_proj,0.9127772336159368,0.887376085694569,0.025401147921367717
SIUO_test,159,raw_proj,0.8190911666091832,0.8236098470663351,-0.004518680457151869
SIUO_test,159,aligned_no_proj,0.9684323782345567,0.9612077027503168,0.007224675484239995
SIUO_test,159,aligned_proj,0.5761876257091059,0.5294778479745331,0.046709777734572744
SIUO_test,160,raw_no_proj,0.8962205075439305,0.7944466519813048,0.10177385556262564
SIUO_test,160,raw_proj,0.8483669954865848,0.713481705583741,0.13488528990284376
SIUO_test,160,aligned_no_proj,0.8754626306638106,0.8398958104006365,0.03556682026317404
SIUO_test,160,aligned_proj,0.7098411491474349,0.5068413303304361,0.2029998188169988
SIUO_test,161,raw_no_proj,0.16525077567069232,0.20597884467563687,-0.04072806900494455
SIUO_test,161,raw_proj,0.19938836094372328,0.2383722814958279,-0.03898392055210462
SIUO_test,161,aligned_no_proj,0.2062944176589854,0.19952242632768352,0.00677199133130188
SIUO_test,161,aligned_proj,0.15044522654751524,0.23044982532756553,-0.08000459878005028
SIUO_test,162,raw_no_proj,0.15041456308848192,0.05359069397201166,0.09682386911647026
SIUO_test,162,raw_proj,0.04880565049809723,0.02724956408877806,0.021556086409319167
SIUO_test,162,aligned_no_proj,0.12664271384354026,0.04908850075226265,0.07755421309127761
SIUO_test,162,aligned_proj,0.06516953275188209,0.04347993718236177,0.02168959556952032
SIUO_test,163,raw_no_proj,0.04458384664128938,0.06265901641901934,-0.018075169777729966
SIUO_test,163,raw_proj,0.05599347681060978,0.04460240596224869,0.011391070848361093
SIUO_test,163,aligned_no_proj,0.09869047950139774,0.11159269022449626,-0.012902210723098523
SIUO_test,163,aligned_proj,0.06716369891721793,0.044978216306932044,0.02218548261028589
SIUO_test,164,raw_no_proj,0.7971034984723983,0.8335040512480812,-0.03640055277568299
SIUO_test,164,raw_proj,0.7342914089211303,0.8018055518399649,-0.06751414291883462
SIUO_test,164,aligned_no_proj,0.8379829245668189,0.8810768755144524,-0.043093950947633464
SIUO_test,164,aligned_proj,0.5544791847495061,0.6653545087120629,-0.11087532396255684
SIUO_test,165,raw_no_proj,0.8191178282748788,0.8983741321272699,-0.07925630385239113
SIUO_test,165,raw_proj,0.7780854062444836,0.8579089268279456,-0.07982352058346198
SIUO_test,165,aligned_no_proj,0.9723622554361112,0.9848415895601349,-0.012479334124023689
SIUO_test,165,aligned_proj,0.7976779274193417,0.8766362731354904,-0.07895834571614868
SIUO_test,166,raw_no_proj,0.2132042799846632,0.21974506318509487,-0.006540783200431666
SIUO_test,166,raw_proj,0.1355701528916369,0.1872601848924572,-0.051690032000820285
SIUO_test,166,aligned_no_proj,0.28516619239889585,0.31155346990441446,-0.026387277505518614
SIUO_test,166,aligned_proj,0.11246125194947285,0.16447211415516866,-0.05201086220569581
